solver_name;reward_function;replica;filename;scenario_name;number_of_tasks;number_of_robots;number_of_recharging_stations;scenario_size;available_agents;failed_agents;finished_agents;completed_tasks;pending_tasks;failed_tasks;average_robot_makespan;sd_robot_makespan;max_robot_makespan;min_robot_makespan;average_robot_travel_distance;sd_robot_travel_distance;max_robot_travel_distance;min_robot_travel_distance;sum_robot_travel_distance;average_completed_tasks_by_robot;sd_completed_tasks_by_robot;max_completed_tasks_by_robot;min_completed_tasks_by_robot;final_reward;computing_time
random;reward00;1;../logs/prueba/scenario_3C_24t_4r_random_reward00_001.log;scenario_3C_24t_4r;24;4;1;(15,15);0;0;4;14;0;10;44.1063;1.89506;46.447;41.9589;31.7208;15.325;53.6344;17.8948;126.883;0;0;0;0;0.583333;0.00137581
dec-mcts-v1;reward00;1;../logs/prueba/scenario_2B_20t_4r_dec-mcts-v1_reward00_001.log;scenario_2B_20t_4r;20;4;1;(15,15);0;0;4;14;0;6;78.3293;6.80325;84.2005;71.7623;34.0743;14.687;51.3835;15.6686;136.297;0;0;0;0;0.7;5.17834
random;reward00;1;../logs/prueba/scenario_1A_20t_2r_random_reward00_001.log;scenario_1A_20t_2r;20;2;1;(15,15);0;0;2;14;0;6;77.9031;0.844644;78.5004;77.3059;39.5157;4.22322;42.5019;36.5294;79.0313;0;0;0;0;0.7;0.000835487
dec-mcts-v1;reward00;1;../logs/prueba/scenario_4A_20t_4r_dec-mcts-v1_reward00_001.log;scenario_4A_20t_4r;20;4;1;(15,15);0;0;4;14;0;6;56.7536;20.7269;82.249;33.0911;26.0232;13.2229;40.0423;13.2246;104.093;0;0;0;0;0.7;4.57774
dec-mcts-v2;reward00;1;../logs/prueba/scenario_3A_24t_3r_dec-mcts-v2_reward00_001.log;scenario_3A_24t_3r;24;3;1;(15,15);0;0;3;19;0;5;78.7203;20.9823;100.99;59.3214;34.0379;7.65986;42.6709;28.0549;102.114;0;0;0;0;0.791667;8.46367
dec-mcts-v2;reward00;1;../logs/prueba/scenario_2A_24t_3r_dec-mcts-v2_reward00_001.log;scenario_2A_24t_3r;24;3;1;(15,15);0;0;3;18;0;6;74.2633;10.5584;85.0664;63.9679;28.7904;4.78176;34.102;24.8285;86.3713;0;0;0;0;0.75;5.05602
dec-mcts-v2;reward00;1;../logs/prueba/scenario_3A_20t_3r_dec-mcts-v2_reward00_001.log;scenario_3A_20t_3r;20;3;1;(15,15);0;0;3;15;0;5;67.5481;17.235;78.78;47.7044;29.9089;14.6719;44.365;15.0303;89.7267;0;0;0;0;0.75;3.83454
cbaa;reward00;1;../logs/prueba/scenario_2D_24t_2r_cbaa_reward00_001.log;scenario_2D_24t_2r;24;2;1;(15,15);0;0;2;10;0;14;86.5431;2.33767;88.196;84.8901;19.1031;10.6357;26.6236;11.5825;38.2061;0;0;0;0;0.416667;0.000990869
greedy;reward00;1;../logs/prueba/scenario_4A_16t_3r_greedy_reward00_001.log;scenario_4A_16t_3r;16;3;1;(15,15);0;0;3;9;0;7;35.235;2.65612;38.2925;33.4967;16.9405;1.19027;17.8995;15.6084;50.8216;0;0;0;0;0.5625;0.000814005
cbaa;reward00;1;../logs/prueba/scenario_4D_24t_4r_cbaa_reward00_001.log;scenario_4D_24t_4r;24;4;1;(15,15);0;2;2;8;0;16;35.249;41.0093;76.6356;0;11.2879;13.1952;25.0936;0;45.1514;0;0;0;0;0.333333;0.00163036
cbba;reward00;1;../logs/prueba/scenario_2D_24t_3r_cbba_reward00_001.log;scenario_2D_24t_3r;24;3;1;(15,15);0;0;3;17;0;7;65.0582;21.1762;82.7614;41.599;17.1341;4.9474;21.1444;11.6055;51.4023;0;0;0;0;0.708333;0.00794128
random;reward00;1;../logs/prueba/scenario_3A_12t_3r_random_reward00_001.log;scenario_3A_12t_3r;12;3;1;(15,15);0;0;3;9;0;3;38.6073;10.7024;48.4774;27.232;24.0162;1.06016;25.236;23.3164;72.0487;0;0;0;0;0.75;0.000562279
random;reward00;1;../logs/prueba/scenario_1B_20t_4r_random_reward00_001.log;scenario_1B_20t_4r;20;4;1;(15,15);0;0;4;7;0;13;70.8629;0.18216;71;70.6;19.1852;7.24384;25.9323;9.68958;76.7407;0;0;0;0;0.35;0.000662948
dec-mcts-v1;reward00;1;../logs/prueba/scenario_2B_12t_4r_dec-mcts-v1_reward00_001.log;scenario_2B_12t_4r;12;4;1;(15,15);0;0;4;6;0;6;39.8773;2.36291;42.3786;37.5374;29.6587;8.84673;37.4345;20.8347;118.635;0;0;0;0;0.5;2.22236
random;reward00;1;../logs/prueba/scenario_1D_24t_3r_random_reward00_001.log;scenario_1D_24t_3r;24;3;1;(15,15);0;0;3;17;0;7;62.501;5.36247;67.0455;56.5864;29.1719;8.57779;35.2275;19.3562;87.5157;0;0;0;0;0.708333;0.00124228
dec-mcts-v1;reward00;1;../logs/prueba/scenario_1A_16t_4r_dec-mcts-v1_reward00_001.log;scenario_1A_16t_4r;16;4;1;(15,15);0;0;4;14;2;0;43.6525;4.76834;47.7456;37.6811;22.0123;2.62495;24.7122;18.7279;88.0491;0;0;0;0;0.875;4.09592
cbaa;reward00;1;../logs/prueba/scenario_2B_20t_3r_cbaa_reward00_001.log;scenario_2B_20t_3r;20;3;1;(15,15);0;0;3;10;0;10;83.6366;11.2476;90.1304;70.6489;17.1542;6.02605;20.6589;10.196;51.4625;0;0;0;0;0.5;0.0010492
greedy;reward00;1;../logs/prueba/scenario_4D_20t_4r_greedy_reward00_001.log;scenario_4D_20t_4r;20;4;1;(15,15);0;0;4;8;0;12;31.6944;3.521;34.5991;27.3951;16.2389;6.42515;25.0123;10.0742;64.9557;0;0;0;0;0.4;0.000932411
random;reward00;1;../logs/prueba/scenario_1A_24t_3r_random_reward00_001.log;scenario_1A_24t_3r;24;3;1;(15,15);0;0;3;24;0;0;88.6123;1.71883;90.5934;87.5179;43.0615;8.59415;52.967;37.5897;129.184;0;0;0;0;1;0.00110452
cbba;reward00;1;../logs/prueba/scenario_1B_20t_4r_cbba_reward00_001.log;scenario_1B_20t_4r;20;4;1;(15,15);0;0;4;18;0;2;73.9923;0.218766;74.1817;73.8028;17.9572;0.963489;19.0142;16.679;71.8289;0;0;0;0;0.9;0.0187604
cbaa;reward00;1;../logs/prueba/scenario_1A_20t_3r_cbaa_reward00_001.log;scenario_1A_20t_3r;20;3;1;(15,15);0;0;3;14;0;6;48.8762;42.3283;73.482;0;11.0475;9.6041;17.4102;0;33.1424;0;0;0;0;0.7;0.00143673
cbaa;reward00;1;../logs/prueba/scenario_4D_16t_3r_cbaa_reward00_001.log;scenario_4D_16t_3r;16;3;1;(15,15);0;0;3;4;0;12;18.1862;31.4994;54.5586;0;11.5843;20.0647;34.753;0;34.753;0;0;0;0;0.25;0.000486159
greedy;reward00;1;../logs/prueba/scenario_2D_16t_3r_greedy_reward00_001.log;scenario_2D_16t_3r;16;3;1;(15,15);0;0;3;12;0;4;47.0042;16.5797;66.0845;36.1065;15.9007;3.93655;18.4368;11.3657;47.7021;0;0;0;0;0.75;0.00075855
random;reward00;1;../logs/prueba/scenario_3A_16t_3r_random_reward00_001.log;scenario_3A_16t_3r;16;3;1;(15,15);0;0;3;8;0;8;30.9895;4.12213;34.6425;26.5203;32.1206;16.8074;51.4845;21.3137;96.3617;0;0;0;0;0.5;0.000799235
greedy;reward00;1;../logs/prueba/scenario_2D_16t_5r_greedy_reward00_001.log;scenario_2D_16t_5r;16;5;1;(15,15);0;0;5;11;0;5;34.3379;7.53208;47.0862;28.7219;11.5612;4.85135;19.3657;6;57.8061;0;0;0;0;0.6875;0.000812932
dec-mcts-v1;reward00;1;../logs/prueba/scenario_1B_20t_3r_dec-mcts-v1_reward00_001.log;scenario_1B_20t_3r;20;3;1;(15,15);0;0;3;13;0;7;72.5884;5.77437;75.9222;65.9207;27.9149;4.07029;32.4618;24.6112;83.7446;0;0;0;0;0.65;2.02331
dec-mcts-v1;reward00;1;../logs/prueba/scenario_1D_12t_2r_dec-mcts-v1_reward00_001.log;scenario_1D_12t_2r;12;2;1;(15,15);0;0;2;10;0;2;58.8085;2.16356;60.3384;57.2787;34.0427;3.74673;36.692;31.3933;68.0853;0;0;0;0;0.833333;1.35615
dec-mcts-v1;reward00;1;../logs/prueba/scenario_4A_16t_5r_dec-mcts-v1_reward00_001.log;scenario_4A_16t_5r;16;5;1;(15,15);0;0;5;8;0;8;29.2728;23.0054;65.8744;8.74434;20.2825;10.3744;34.753;6;101.413;0;0;0;0;0.5;4.17044
greedy;reward00;1;../logs/prueba/scenario_4A_12t_2r_greedy_reward00_001.log;scenario_4A_12t_2r;12;2;1;(15,15);0;0;2;9;0;3;43.3758;9.18675;49.8718;36.8798;20.5837;4.65157;23.8728;17.2945;41.1674;0;0;0;0;0.75;0.000594113
cbaa;reward00;1;../logs/prueba/scenario_3A_24t_5r_cbaa_reward00_001.log;scenario_3A_24t_5r;24;5;1;(15,15);0;2;3;11;3;10;22.521;31.4567;65.0811;0;8.12276;11.4;23.8421;0;40.6138;0;0;0;0;0.458333;0.00146789
cbaa;reward00;1;../logs/prueba/scenario_2D_24t_4r_cbaa_reward00_001.log;scenario_2D_24t_4r;24;4;1;(15,15);0;1;3;13;0;11;18.8741;26.4706;56.1486;0;10.7491;12.9045;25.8229;0;42.9965;0;0;0;0;0.541667;0.00183577
cbba;reward00;1;../logs/prueba/scenario_1B_16t_4r_cbba_reward00_001.log;scenario_1B_16t_4r;16;4;1;(15,15);0;0;4;15;0;1;63.4504;0;63.4504;63.4504;18.3705;1.2953;19.612;17.2521;73.4819;0;0;0;0;0.9375;0.00523961
random;reward00;1;../logs/prueba/scenario_1B_16t_2r_random_reward00_001.log;scenario_1B_16t_2r;16;2;1;(15,15);0;0;2;4;0;12;60.8;0.282843;61;60.6;15.451;2.29111;17.0711;13.831;30.902;0;0;0;0;0.25;0.000308155
dec-mcts-v1;reward00;1;../logs/prueba/scenario_1A_12t_5r_dec-mcts-v1_reward00_001.log;scenario_1A_12t_5r;12;5;1;(15,15);0;0;5;12;0;0;29.9053;27.902;60.5657;3;17.5263;16.9447;37.8287;0;87.6314;0;0;0;0;1;2.11362
random;reward00;1;../logs/prueba/scenario_2A_16t_2r_random_reward00_001.log;scenario_2A_16t_2r;16;2;1;(15,15);0;0;2;12;0;4;54.397;8.02551;60.0719;48.7221;50.3001;18.6731;63.504;37.0962;100.6;0;0;0;0;0.75;0.000631005
dec-mcts-v1;reward00;1;../logs/prueba/scenario_1C_20t_4r_dec-mcts-v1_reward00_001.log;scenario_1C_20t_4r;20;4;1;(15,15);0;0;4;20;0;0;59.5441;12.4639;77.9273;50.4792;22.7206;5.30984;29.6363;17.3958;90.8822;0;0;0;0;1;3.83085
cbba;reward00;1;../logs/prueba/scenario_1B_12t_5r_cbba_reward00_001.log;scenario_1B_12t_5r;12;5;1;(15,15);0;0;5;12;0;0;47.9872;5.45796;53.9603;43.6139;16.2049;5.24688;21.0034;7.21109;81.0245;0;0;0;0;1;0.00797376
greedy;reward00;1;../logs/prueba/scenario_1B_20t_4r_greedy_reward00_001.log;scenario_1B_20t_4r;20;4;1;(15,15);0;0;4;18;0;2;73.9196;0.134866;74.0364;73.8028;17.7355;2.2993;20.1822;15.0666;70.9419;0;0;0;0;0.9;0.00203272
dec-mcts-v1;reward00;1;../logs/prueba/scenario_4D_24t_4r_dec-mcts-v1_reward00_001.log;scenario_4D_24t_4r;24;4;1;(15,15);0;0;4;15;0;9;55.3594;28.4846;81.2784;27.1844;28.9758;17.785;54.1541;16.1593;115.903;0;0;0;0;0.625;5.40508
dec-mcts-v1;reward00;1;../logs/prueba/scenario_4D_12t_3r_dec-mcts-v1_reward00_001.log;scenario_4D_12t_3r;12;3;1;(15,15);0;0;3;7;0;5;30.9731;22.5051;51.7376;7.05913;21.4896;12.8349;35.3416;10;64.4688;0;0;0;0;0.583333;1.5677
greedy;reward00;1;../logs/prueba/scenario_2C_12t_5r_greedy_reward00_001.log;scenario_2C_12t_5r;12;5;1;(15,15);0;0;5;9;0;3;18.6266;5.44484;27.1491;13.9196;12.269;4.65014;18.3454;6.34727;61.3451;0;0;0;0;0.75;0.000832796
greedy;reward00;1;../logs/prueba/scenario_3C_24t_5r_greedy_reward00_001.log;scenario_3C_24t_5r;24;5;1;(15,15);0;0;5;14;0;10;30.8717;9.18496;46.1582;24.0684;13.8728;6.86891;25.816;9.31461;69.3642;0;0;0;0;0.583333;0.00123351
dec-mcts-v1;reward00;1;../logs/prueba/scenario_1B_16t_4r_dec-mcts-v1_reward00_001.log;scenario_1B_16t_4r;16;4;1;(15,15);0;0;4;14;0;2;68.3067;1.69052;69.7707;66.8426;31.8506;9.26094;40.7589;22.8195;127.403;0;0;0;0;0.875;2.79414
dec-mcts-v1;reward00;1;../logs/prueba/scenario_2B_24t_5r_dec-mcts-v1_reward00_001.log;scenario_2B_24t_5r;24;5;1;(15,15);0;0;5;16;0;8;84.1801;7.23144;97.0646;79.8432;35.2336;3.73348;39.7922;31.3447;176.168;0;0;0;0;0.666667;9.69201
cbba;reward00;1;../logs/prueba/scenario_1A_24t_5r_cbba_reward00_001.log;scenario_1A_24t_5r;24;5;1;(15,15);0;0;5;24;0;0;50.1875;16.591;62.3211;32.013;10.9377;0.803431;11.6055;10.0652;54.6886;0;0;0;0;1;0.00796594
random;reward00;1;../logs/prueba/scenario_1B_24t_2r_random_reward00_001.log;scenario_1B_24t_2r;24;2;1;(15,15);0;0;2;1;0;23;80.7583;0.223809;80.9165;80.6;11.2319;7.39908;16.4639;6;22.4639;0;0;0;0;0.0416667;0.000333477
cbba;reward00;1;../logs/prueba/scenario_3C_12t_3r_cbba_reward00_001.log;scenario_3C_12t_3r;12;3;1;(15,15);0;0;3;8;0;4;46.1003;7.48312;51.9198;37.6591;17.1428;8.76899;26.8511;9.79726;51.4283;0;0;0;0;0.666667;0.00210104
cbba;reward00;1;../logs/prueba/scenario_2D_12t_3r_cbba_reward00_001.log;scenario_2D_12t_3r;12;3;1;(15,15);0;0;3;8;0;4;37.6321;3.29087;41.4176;35.4524;12.5972;2.93671;15.9842;10.7608;37.7916;0;0;0;0;0.666667;0.00128319
cbaa;reward00;1;../logs/prueba/scenario_1B_12t_4r_cbaa_reward00_001.log;scenario_1B_12t_4r;12;4;1;(15,15);0;0;4;8;0;4;26.9549;31.1249;53.9098;0;9.40919;10.8812;19.5492;0;37.6368;0;0;0;0;0.666667;0.000758778
random;reward00;1;../logs/prueba/scenario_4A_20t_2r_random_reward00_001.log;scenario_4A_20t_2r;20;2;1;(15,15);0;0;2;13;0;7;70.0955;4.28059;73.1224;67.0687;59.6939;18.2077;72.5687;46.8191;119.388;0;0;0;0;0.65;0.000816002
cbba;reward00;1;../logs/prueba/scenario_4D_12t_2r_cbba_reward00_001.log;scenario_4D_12t_2r;12;2;1;(15,15);0;0;2;5;0;7;40.4995;0.39369;40.7779;40.2211;19.6049;2.51498;21.3833;17.8266;39.2099;0;0;0;0;0.416667;0.000736148
random;reward00;1;../logs/prueba/scenario_3A_24t_5r_random_reward00_001.log;scenario_3A_24t_5r;24;5;1;(15,15);0;0;5;13;0;11;31.4093;5.56702;38.9721;23.6852;25.2451;5.83176;31.7029;17.2352;126.225;0;0;0;0;0.541667;0.00133182
random;reward00;1;../logs/prueba/scenario_2C_12t_4r_random_reward00_001.log;scenario_2C_12t_4r;12;4;1;(15,15);0;0;4;8;0;4;26.8177;4.87366;32.7441;21.1553;13.7443;1.68111;15.7909;11.7376;54.9773;0;0;0;0;0.666667;0.000661078
greedy;reward00;1;../logs/prueba/scenario_2B_20t_5r_greedy_reward00_001.log;scenario_2B_20t_5r;20;5;1;(15,15);0;0;5;14;0;6;68.3287;9.10133;84.2591;61.0987;18.6966;7.85672;25.1913;8.83295;93.4831;0;0;0;0;0.7;0.00132622
random;reward00;1;../logs/prueba/scenario_3C_20t_5r_random_reward00_001.log;scenario_3C_20t_5r;20;5;1;(15,15);0;0;5;15;0;5;28.4873;4.41747;34.5484;22.9451;24.0673;19.6232;58.8015;12.5475;120.336;0;0;0;0;0.75;0.00123893
cbaa;reward00;1;../logs/prueba/scenario_4D_16t_4r_cbaa_reward00_001.log;scenario_4D_16t_4r;16;4;1;(15,15);0;0;4;9;0;7;22.2793;27.7421;57.2748;0;14.1389;16.954;33.8762;0;56.5556;0;0;0;0;0.5625;0.00103015
greedy;reward00;1;../logs/prueba/scenario_2A_24t_5r_greedy_reward00_001.log;scenario_2A_24t_5r;24;5;1;(15,15);0;0;5;17;0;7;32.9828;5.36271;39.6144;28.7755;13.391;6.19768;24.1968;8.29672;66.9552;0;0;0;0;0.708333;0.00251265
random;reward00;1;../logs/prueba/scenario_2D_24t_3r_random_reward00_001.log;scenario_2D_24t_3r;24;3;1;(15,15);0;0;3;13;0;11;55.0993;13.6597;68.0838;40.8522;38.2868;13.5272;53.5301;27.7127;114.86;0;0;0;0;0.541667;0.00122366
greedy;reward00;1;../logs/prueba/scenario_4D_16t_5r_greedy_reward00_001.log;scenario_4D_16t_5r;16;5;1;(15,15);0;0;5;10;0;6;20.6434;6.3605;31.9831;17.1901;14.5942;6.12762;22.6795;8.53732;72.9709;0;0;0;0;0.625;0.000805877
greedy;reward00;1;../logs/prueba/scenario_1B_20t_3r_greedy_reward00_001.log;scenario_1B_20t_3r;20;3;1;(15,15);0;0;3;14;0;6;72.5393;1.63717;73.5036;70.6489;16.6369;1.36329;17.5178;15.0666;49.9107;0;0;0;0;0.7;0.00086931
random;reward00;1;../logs/prueba/scenario_1D_16t_4r_random_reward00_001.log;scenario_1D_16t_4r;16;4;1;(15,15);0;0;4;14;0;2;39.7083;6.05155;45.3161;34.1222;23.5414;2.50528;26.5804;20.6109;94.1655;0;0;0;0;0.875;0.00113886
dec-mcts-v1;reward00;1;../logs/prueba/scenario_4A_16t_4r_dec-mcts-v1_reward00_001.log;scenario_4A_16t_4r;16;4;1;(15,15);0;0;4;10;0;6;38.5867;19.933;66.6197;23.7746;28.3472;13.5331;42.5683;10;113.389;0;0;0;0;0.625;3.46131
cbba;reward00;1;../logs/prueba/scenario_1C_16t_4r_cbba_reward00_001.log;scenario_1C_16t_4r;16;4;1;(15,15);0;0;4;16;0;0;43.1085;12.2394;54.2731;32.1657;15.5427;4.37858;21.3657;10.8284;62.1708;0;0;0;0;1;0.00447108
cbba;reward00;1;../logs/prueba/scenario_3A_16t_4r_cbba_reward00_001.log;scenario_3A_16t_4r;16;4;1;(15,15);0;0;4;10;0;6;17.3316;9.29837;25.4627;4.08736;12.2921;5.99008;20.4368;6;49.1683;0;0;0;0;0.625;0.00808697
dec-mcts-v2;reward00;1;../logs/prueba/scenario_3A_12t_3r_dec-mcts-v2_reward00_001.log;scenario_3A_12t_3r;12;3;1;(15,15);0;0;3;8;0;4;44.3944;12.7459;53.9973;29.9339;16.4562;6.25704;22.843;10.3376;49.3687;0;0;0;0;0.666667;1.54558
dec-mcts-v2;reward00;1;../logs/prueba/scenario_4A_16t_2r_dec-mcts-v2_reward00_001.log;scenario_4A_16t_2r;16;2;1;(15,15);0;0;2;11;0;5;65.8593;2.47308;67.608;64.1106;26.3589;2.3937;28.0515;24.6663;52.7178;0;0;0;0;0.6875;1.5961
random;reward00;1;../logs/prueba/scenario_2C_16t_3r_random_reward00_001.log;scenario_2C_16t_3r;16;3;1;(15,15);0;0;3;8;0;8;30.5078;9.63403;41.3997;23.1024;27.034;16.2734;36.7226;8.24621;81.102;0;0;0;0;0.5;0.000658956
dec-mcts-v1;reward00;1;../logs/prueba/scenario_2A_20t_2r_dec-mcts-v1_reward00_001.log;scenario_2A_20t_2r;20;2;1;(15,15);0;0;2;12;0;8;80.1941;1.15487;81.0107;79.3775;49.0232;1.96673;50.4139;47.6326;98.0465;0;0;0;0;0.6;2.32505
greedy;reward00;1;../logs/prueba/scenario_4A_20t_5r_greedy_reward00_001.log;scenario_4A_20t_5r;20;5;1;(15,15);0;0;5;12;0;8;27.95;7.71712;38.3734;20.1319;13.5545;8.0722;22.3809;6;67.7723;0;0;0;0;0.6;0.00118411
dec-mcts-v2;reward00;1;../logs/prueba/scenario_2D_20t_2r_dec-mcts-v2_reward00_001.log;scenario_2D_20t_2r;20;2;1;(15,15);0;0;2;9;0;11;74.7476;0.785107;75.3028;74.1925;35.0386;1.79435;36.3074;33.7698;70.0771;0;0;0;0;0.45;1.69229
dec-mcts-v1;reward00;1;../logs/prueba/scenario_1B_20t_4r_dec-mcts-v1_reward00_001.log;scenario_1B_20t_4r;20;4;1;(15,15);0;0;4;18;0;2;75.8972;4.87634;80.5905;71.2039;31.4062;2.77709;32.9527;27.244;125.625;0;0;0;0;0.9;7.72363
random;reward00;1;../logs/prueba/scenario_1A_16t_4r_random_reward00_001.log;scenario_1A_16t_4r;16;4;1;(15,15);0;0;4;16;0;0;45.4679;0.501642;46.1813;45.0045;27.3393;2.50821;30.9064;25.0226;109.357;0;0;0;0;1;0.00149767
cbaa;reward00;1;../logs/prueba/scenario_4D_12t_4r_cbaa_reward00_001.log;scenario_4D_12t_4r;12;4;1;(15,15);0;0;4;6;0;6;23.4117;25.8549;54.9353;0;11.4;9.04053;22.0745;0;45.5999;0;0;0;0;0.5;0.00069028
greedy;reward00;1;../logs/prueba/scenario_1A_12t_5r_greedy_reward00_001.log;scenario_1A_12t_5r;12;5;1;(15,15);0;0;5;12;0;0;26.4376;5.92774;33.6041;21.9595;12.188;3.34163;18.0207;9.79726;60.9398;0;0;0;0;1;0.000646801
greedy;reward00;1;../logs/prueba/scenario_4A_16t_4r_greedy_reward00_001.log;scenario_4A_16t_4r;16;4;1;(15,15);0;0;4;9;0;7;29.3298;1.86881;32.1293;28.2796;13.3527;4.1991;17.8995;8.53732;53.4109;0;0;0;0;0.5625;0.00111225
dec-mcts-v1;reward00;1;../logs/prueba/scenario_2B_16t_5r_dec-mcts-v1_reward00_001.log;scenario_2B_16t_5r;16;5;1;(15,15);0;0;5;12;0;4;60.8805;4.21622;66.5811;55.7868;26.8699;12.917;49.8008;19.4262;134.35;0;0;0;0;0.75;4.35078
random;reward00;1;../logs/prueba/scenario_2D_20t_2r_random_reward00_001.log;scenario_2D_20t_2r;20;2;1;(15,15);0;0;2;11;0;9;84.0516;8.32487;89.9382;78.165;38.1545;8.95094;44.4838;31.8252;76.309;0;0;0;0;0.55;0.000545592
random;reward00;1;../logs/prueba/scenario_4D_24t_5r_random_reward00_001.log;scenario_4D_24t_5r;24;5;1;(15,15);0;0;5;11;0;13;28.1303;7.11448;37.3035;20.2003;27.1146;10.7912;38.6117;13.2695;135.573;0;0;0;0;0.458333;0.00112052
dec-mcts-v1;reward00;1;../logs/prueba/scenario_1B_12t_4r_dec-mcts-v1_reward00_001.log;scenario_1B_12t_4r;12;4;1;(15,15);0;0;4;12;0;0;59.3619;1.40246;61.4537;58.4537;24.7065;3.66748;28.426;21.232;98.8258;0;0;0;0;1;2.83267
cbaa;reward00;1;../logs/prueba/scenario_4D_24t_2r_cbaa_reward00_001.log;scenario_4D_24t_2r;24;2;1;(15,15);0;1;1;9;0;15;63.6478;28.9912;84.1477;43.1479;18.3442;7.91603;23.9417;12.7467;36.6884;0;0;0;0;0.375;0.00116999
greedy;reward00;1;../logs/prueba/scenario_1B_12t_4r_greedy_reward00_001.log;scenario_1B_12t_4r;12;4;1;(15,15);0;0;4;12;0;0;48.691;5.8625;53.7681;43.6139;18.0896;0.597166;18.8404;17.3787;72.3582;0;0;0;0;1;0.00146926
dec-mcts-v1;reward00;1;../logs/prueba/scenario_3A_16t_5r_dec-mcts-v1_reward00_001.log;scenario_3A_16t_5r;16;5;1;(15,15);0;0;5;9;0;7;35.0567;32.2762;73.0281;1.2;18.106;14.4844;32.7675;0;90.5302;0;0;0;0;0.5625;2.97913
dec-mcts-v2;reward00;1;../logs/prueba/scenario_1C_24t_3r_dec-mcts-v2_reward00_001.log;scenario_1C_24t_3r;24;3;1;(15,15);0;0;3;23;0;1;86.7908;3.7938;89.1349;82.4138;32.2875;1.73233;34.1187;30.6747;96.8624;0;0;0;0;0.958333;3.9397
cbba;reward00;1;../logs/prueba/scenario_4D_20t_4r_cbba_reward00_001.log;scenario_4D_20t_4r;20;4;1;(15,15);0;0;4;9;0;11;27.0683;16.9794;45.1155;9.84176;16.1619;11.0474;32.7231;10.196;64.6477;0;0;0;0;0.45;0.0105021
random;reward00;1;../logs/prueba/scenario_4D_12t_3r_random_reward00_001.log;scenario_4D_12t_3r;12;3;1;(15,15);0;0;3;7;0;5;27.2272;7.92066;36.3724;22.5494;24.0541;16.6923;41.5087;8.24621;72.1624;0;0;0;0;0.583333;0.000663717
cbaa;reward00;1;../logs/prueba/scenario_2B_24t_2r_cbaa_reward00_001.log;scenario_2B_24t_2r;24;2;1;(15,15);0;1;1;10;0;14;72.1591;11.9372;80.6;63.7182;21.5078;1.20363;22.3589;20.6567;43.0157;0;0;0;0;0.416667;0.00119812
random;reward00;1;../logs/prueba/scenario_1B_12t_5r_random_reward00_001.log;scenario_1B_12t_5r;12;5;1;(15,15);0;0;5;5;0;7;50.7917;0.162544;51;50.6;15.7241;11.1259;33.8078;7.21109;78.6206;0;0;0;0;0.416667;0.000678526
dec-mcts-v2;reward00;1;../logs/prueba/scenario_2D_20t_3r_dec-mcts-v2_reward00_001.log;scenario_2D_20t_3r;20;3;1;(15,15);0;0;3;12;1;7;44.5281;5.86013;50.8276;39.2386;29.2695;3.14608;32.9017;27.3943;87.8086;0;0;0;0;0.6;2.52907
random;reward00;1;../logs/prueba/scenario_2A_20t_4r_random_reward00_001.log;scenario_2A_20t_4r;20;4;1;(15,15);0;0;4;10;0;10;31.7903;5.97648;37.6288;23.5841;29.5135;12.1193;44.9958;17.0608;118.054;0;0;0;0;0.5;0.000869859
greedy;reward00;1;../logs/prueba/scenario_1B_24t_5r_greedy_reward00_001.log;scenario_1B_24t_5r;24;5;1;(15,15);0;0;5;24;0;0;75.4659;4.61427;83.6769;72.9869;17.3296;2.43271;21.0652;14.9344;86.648;0;0;0;0;1;0.00186879
random;reward00;1;../logs/prueba/scenario_1C_24t_3r_random_reward00_001.log;scenario_1C_24t_3r;24;3;1;(15,15);0;0;3;15;0;9;55.4645;0.760221;56.2168;54.6966;27.3226;3.8011;31.0842;23.4832;81.9677;0;0;0;0;0.625;0.000781585
cbaa;reward00;1;../logs/prueba/scenario_3A_16t_3r_cbaa_reward00_001.log;scenario_3A_16t_3r;16;3;1;(15,15);0;0;3;10;0;6;38.848;14.0516;53.5567;25.5618;14.4865;5.40525;20.7279;11.3657;43.4594;0;0;0;0;0.625;0.000954594
greedy;reward00;1;../logs/prueba/scenario_2B_20t_2r_greedy_reward00_001.log;scenario_2B_20t_2r;20;2;1;(15,15);0;0;2;8;0;12;72.132;2.09731;73.615;70.6489;20.5501;1.4413;21.5693;19.531;41.1003;0;0;0;0;0.4;0.000687823
cbaa;reward00;1;../logs/prueba/scenario_4A_16t_3r_cbaa_reward00_001.log;scenario_4A_16t_3r;16;3;1;(15,15);0;0;3;7;0;9;29.0617;50.3364;87.1852;0;8.18629;14.1791;24.5589;0;24.5589;0;0;0;0;0.4375;0.000546655
greedy;reward00;1;../logs/prueba/scenario_1C_24t_3r_greedy_reward00_001.log;scenario_1C_24t_3r;24;3;1;(15,15);0;0;3;20;0;4;70.8214;5.70158;74.5608;64.2591;20.7737;2.33516;22.8039;18.2218;62.321;0;0;0;0;0.833333;0.00103973
dec-mcts-v1;reward00;1;../logs/prueba/scenario_1D_24t_4r_dec-mcts-v1_reward00_001.log;scenario_1D_24t_4r;24;4;1;(15,15);0;0;4;24;0;0;69.1848;10.6473;84.5053;59.9059;30.9241;11.4831;47.5265;22.2334;123.696;0;0;0;0;1;5.71741
greedy;reward00;1;../logs/prueba/scenario_2D_24t_4r_greedy_reward00_001.log;scenario_2D_24t_4r;24;4;1;(15,15);0;0;4;17;0;7;50.6622;7.66287;62.1133;45.9397;16.8815;5.25078;24.0158;11.6055;67.526;0;0;0;0;0.708333;0.00136197
random;reward00;1;../logs/prueba/scenario_1C_20t_4r_random_reward00_001.log;scenario_1C_20t_4r;20;4;1;(15,15);0;0;4;16;0;4;44.8046;1.00906;46.2292;43.8706;24.0229;5.04531;31.1462;19.3532;96.0916;0;0;0;0;0.8;0.000782544
dec-mcts-v2;reward00;1;../logs/prueba/scenario_2B_20t_3r_dec-mcts-v2_reward00_001.log;scenario_2B_20t_3r;20;3;1;(15,15);0;0;3;13;0;7;75.7358;21.6071;88.2107;50.7861;29.5703;9.78383;38.7559;19.2817;88.711;0;0;0;0;0.65;2.32724
dec-mcts-v2;reward00;1;../logs/prueba/scenario_1D_16t_4r_dec-mcts-v2_reward00_001.log;scenario_1D_16t_4r;16;4;1;(15,15);0;0;4;16;0;0;47.8948;17.4811;69.6893;27.1075;23.2242;9.81248;33.4463;10.5373;92.8967;0;0;0;0;1;3.31793
cbba;reward00;1;../logs/prueba/scenario_3A_12t_3r_cbba_reward00_001.log;scenario_3A_12t_3r;12;3;1;(15,15);0;0;3;7;0;5;28.9974;9.65138;39.956;21.763;16.1215;3.68807;19.2825;12.0696;48.3646;0;0;0;0;0.583333;0.00227163
random;reward00;1;../logs/prueba/scenario_2A_24t_3r_random_reward00_001.log;scenario_2A_24t_3r;24;3;1;(15,15);0;0;3;16;0;8;72.2683;7.34978;80.7432;67.6418;50.0231;15.6845;59.3317;31.9146;150.069;0;0;0;0;0.666667;0.00113833
cbaa;reward00;1;../logs/prueba/scenario_4A_20t_3r_cbaa_reward00_001.log;scenario_4A_20t_3r;20;3;1;(15,15);NA;NA;NA;NA;NA;NA;NA;NA;NA;NA;NA;NA;NA;NA;NA;NA;NA;NA;NA;NA;NA
cbba;reward00;1;../logs/prueba/scenario_4D_16t_3r_cbba_reward00_001.log;scenario_4D_16t_3r;16;3;1;(15,15);0;0;3;9;0;7;49.0828;8.85673;57.2216;39.6504;20.9387;2.88516;22.6795;17.6084;62.8162;0;0;0;0;0.5625;0.00258568
cbaa;reward00;1;../logs/prueba/scenario_2C_16t_3r_cbaa_reward00_001.log;scenario_2C_16t_3r;16;3;1;(15,15);0;0;3;9;0;7;26.8122;24.0719;46.5654;0;13.8186;11.9673;20.7279;0;41.4558;0;0;0;0;0.5625;0.000831462
cbaa;reward00;1;../logs/prueba/scenario_4D_20t_2r_cbaa_reward00_001.log;scenario_4D_20t_2r;20;2;1;(15,15);0;1;1;2;2;16;24.3231;34.3981;48.6463;0;14.9404;21.1289;29.8807;0;29.8807;0;0;0;0;0.1;0.000504208
dec-mcts-v2;reward00;1;../logs/prueba/scenario_1B_12t_5r_dec-mcts-v2_reward00_001.log;scenario_1B_12t_5r;12;5;1;(15,15);0;0;5;11;0;1;51.2986;9.20542;57.3119;35.509;22.2242;8.55846;32.4842;10.1826;111.121;0;0;0;0;0.916667;4.23888
dec-mcts-v1;reward00;1;../logs/prueba/scenario_1D_16t_3r_dec-mcts-v1_reward00_001.log;scenario_1D_16t_3r;16;3;1;(15,15);0;0;3;16;0;0;61.0384;8.09821;70.3844;56.1016;26.8586;9.46078;36.9221;18.1457;80.5757;0;0;0;0;1;2.02839
cbba;reward00;1;../logs/prueba/scenario_4D_24t_4r_cbba_reward00_001.log;scenario_4D_24t_4r;24;4;1;(15,15);0;0;4;16;0;8;36.1253;11.6959;52.6236;27.1913;17.1455;9.33821;29.2944;8.29672;68.582;0;0;0;0;0.666667;0.0158885
dec-mcts-v1;reward00;1;../logs/prueba/scenario_3A_24t_5r_dec-mcts-v1_reward00_001.log;scenario_3A_24t_5r;24;5;1;(15,15);0;0;5;17;0;7;40.9436;21.7211;68.36;7.90392;32.7688;16.2868;50.735;9.18812;163.844;0;0;0;0;0.708333;6.12498
random;reward00;1;../logs/prueba/scenario_4A_24t_4r_random_reward00_001.log;scenario_4A_24t_4r;24;4;1;(15,15);0;0;4;13;0;11;45.9517;10.8216;56.351;35.513;34.1961;16.7905;51.835;16.5483;136.784;0;0;0;0;0.541667;0.00110333
cbaa;reward00;1;../logs/prueba/scenario_1B_12t_3r_cbaa_reward00_001.log;scenario_1B_12t_3r;12;3;1;(15,15);0;0;3;8;0;4;52.652;1.67224;53.6175;50.7211;14.4621;6.27953;18.0876;7.21109;43.3862;0;0;0;0;0.666667;0.00113065
random;reward00;1;../logs/prueba/scenario_1B_12t_4r_random_reward00_001.log;scenario_1B_12t_4r;12;4;1;(15,15);0;0;4;4;0;8;50.8094;0.182067;51;50.6;14.1428;4.41317;18.3879;9.16514;56.5712;0;0;0;0;0.333333;0.000791936
dec-mcts-v1;reward00;1;../logs/prueba/scenario_2D_12t_2r_dec-mcts-v1_reward00_001.log;scenario_2D_12t_2r;12;2;1;(15,15);0;0;2;9;0;3;40.0621;3.25627;42.3646;37.7596;41.4826;0.35793;41.7357;41.2295;82.9653;0;0;0;0;0.75;0.794513
cbaa;reward00;1;../logs/prueba/scenario_1D_20t_5r_cbaa_reward00_001.log;scenario_1D_20t_5r;20;5;1;(15,15);0;0;5;14;0;6;29.6304;28.409;63.5673;0;8.15198;7.88389;17.8364;0;40.7599;0;0;0;0;0.7;0.00108884
cbaa;reward00;1;../logs/prueba/scenario_3A_16t_5r_cbaa_reward00_001.log;scenario_3A_16t_5r;16;5;1;(15,15);0;0;5;11;0;5;32.0682;30.5174;67.0058;0;7.7262;7.29184;15.8995;0;38.631;0;0;0;0;0.6875;0.000952086
dec-mcts-v1;reward00;1;../logs/prueba/scenario_2C_20t_3r_dec-mcts-v1_reward00_001.log;scenario_2C_20t_3r;20;3;1;(15,15);0;0;3;10;0;10;35.3831;16.8979;54.8224;24.2059;31.7197;13.6103;46.2526;19.2727;95.1591;0;0;0;0;0.5;3.79664
random;reward00;1;../logs/prueba/scenario_1C_24t_5r_random_reward00_001.log;scenario_1C_24t_5r;24;5;1;(15,15);0;0;5;21;0;3;45.7744;4.23175;53.2872;43.3742;18.872;2.93161;23.4947;16.4359;94.3601;0;0;0;0;0.875;0.0011349
greedy;reward00;1;../logs/prueba/scenario_4D_20t_3r_greedy_reward00_001.log;scenario_4D_20t_3r;20;3;1;(15,15);0;0;3;7;0;13;24.2596;2.15913;25.63;21.7707;17.4891;7.49756;25.0667;10.0742;52.4673;0;0;0;0;0.35;0.000944892
cbaa;reward00;1;../logs/prueba/scenario_4D_12t_2r_cbaa_reward00_001.log;scenario_4D_12t_2r;12;2;1;(15,15);0;0;2;8;0;4;27.7137;0.676064;28.1917;27.2356;24.2112;12.61;33.1278;15.2945;48.4224;0;0;0;0;0.666667;0.000618076
dec-mcts-v2;reward00;1;../logs/prueba/scenario_2D_12t_4r_dec-mcts-v2_reward00_001.log;scenario_2D_12t_4r;12;4;1;(15,15);0;0;4;7;1;4;17.3268;9.75435;27.3786;5.44704;18.4805;6.90684;26.3496;9.79726;73.9219;0;0;0;0;0.583333;2.08871
random;reward00;1;../logs/prueba/scenario_4A_16t_4r_random_reward00_001.log;scenario_4A_16t_4r;16;4;1;(15,15);0;0;4;9;0;7;29.2587;5.09521;36.2915;24.5055;26.4779;23.2593;60.4678;10.2426;105.912;0;0;0;0;0.5625;0.000878403
dec-mcts-v2;reward00;1;../logs/prueba/scenario_1D_20t_3r_dec-mcts-v2_reward00_001.log;scenario_1D_20t_3r;20;3;1;(15,15);0;0;3;19;0;1;71.7809;11.8283;80.601;58.3397;33.9044;2.47021;36.6983;32.0099;101.713;0;0;0;0;0.95;3.0174
cbaa;reward00;1;../logs/prueba/scenario_2B_12t_4r_cbaa_reward00_001.log;scenario_2B_12t_4r;12;4;1;(15,15);0;0;4;7;0;5;50.5754;10.0049;57.601;36.3784;13.6627;6.34281;22.1408;7.21109;54.6507;0;0;0;0;0.583333;0.000783397
cbba;reward00;1;../logs/prueba/scenario_2B_24t_5r_cbba_reward00_001.log;scenario_2B_24t_5r;24;5;1;(15,15);0;0;5;21;0;3;49.0734;8.25652;56.3595;36.2276;16.3804;5.14262;21.2257;10.0652;81.9022;0;0;0;0;0.875;0.0189488
dec-mcts-v2;reward00;1;../logs/prueba/scenario_2B_12t_4r_dec-mcts-v2_reward00_001.log;scenario_2B_12t_4r;12;4;1;(15,15);0;0;4;9;0;3;38.8309;3.15665;41.5416;35.6201;29.4609;10.0427;39.2343;19.3146;117.844;0;0;0;0;0.75;2.11417
greedy;reward00;1;../logs/prueba/scenario_1A_20t_5r_greedy_reward00_001.log;scenario_1A_20t_5r;20;5;1;(15,15);0;0;5;20;0;0;42.7761;0.717901;43.9104;42.2743;13.8806;3.58951;19.5518;11.3716;69.403;0;0;0;0;1;0.000971365
dec-mcts-v2;reward00;1;../logs/prueba/scenario_4A_16t_3r_dec-mcts-v2_reward00_001.log;scenario_4A_16t_3r;16;3;1;(15,15);0;0;3;11;0;5;51.1463;19.9996;74.221;38.8018;31.8734;17.9912;52.5814;20.0805;95.6203;0;0;0;0;0.6875;2.08869
dec-mcts-v1;reward00;1;../logs/prueba/scenario_3C_24t_3r_dec-mcts-v1_reward00_001.log;scenario_3C_24t_3r;24;3;1;(15,15);0;0;3;13;0;11;58.453;11.2913;69.0302;46.5624;34.2071;9.54522;41.6669;23.4505;102.621;0;0;0;0;0.541667;4.02295
cbaa;reward00;1;../logs/prueba/scenario_1D_24t_2r_cbaa_reward00_001.log;scenario_1D_24t_2r;24;2;1;(15,15);0;0;2;15;0;9;78.5797;7.35192;83.7783;73.3811;17.8986;1.40427;18.8916;16.9056;35.7972;0;0;0;0;0.625;0.00228497
cbba;reward00;1;../logs/prueba/scenario_2A_20t_5r_cbba_reward00_001.log;scenario_2A_20t_5r;20;5;1;(15,15);0;0;5;13;0;7;38.8908;27.9263;72.1085;0;9.66481;5.55106;13.2736;0;48.324;0;0;0;0;0.65;0.0143634
dec-mcts-v1;reward00;1;../logs/prueba/scenario_2D_24t_2r_dec-mcts-v1_reward00_001.log;scenario_2D_24t_2r;24;2;1;(15,15);0;0;2;12;0;12;66.3544;3.47194;68.8095;63.8994;50.5139;32.5525;73.532;27.4957;101.028;0;0;0;0;0.5;2.76002
random;reward00;1;../logs/prueba/scenario_1D_20t_3r_random_reward00_001.log;scenario_1D_20t_3r;20;3;1;(15,15);0;0;3;15;0;5;56.0925;0.886398;57.0429;55.2883;30.4627;4.43199;35.2147;26.4416;91.388;0;0;0;0;0.75;0.000696484
greedy;reward00;1;../logs/prueba/scenario_2A_24t_2r_greedy_reward00_001.log;scenario_2A_24t_2r;24;2;1;(15,15);0;0;2;14;0;10;88.7707;7.22547;93.8799;83.6615;20.5431;0.932387;21.2024;19.8838;41.0862;0;0;0;0;0.583333;0.00123285
cbaa;reward00;1;../logs/prueba/scenario_2A_20t_2r_cbaa_reward00_001.log;scenario_2A_20t_2r;20;2;1;(15,15);0;0;2;13;0;7;79.1182;10.7526;86.7214;71.5149;17.5231;3.47407;19.9797;15.0666;35.0463;0;0;0;0;0.65;0.000876122
cbba;reward00;1;../logs/prueba/scenario_2D_24t_2r_cbba_reward00_001.log;scenario_2D_24t_2r;24;2;1;(15,15);0;1;1;9;0;15;60.9832;17.5128;73.3667;48.5998;22.8864;0.161953;23.0009;22.7719;45.7727;0;0;0;0;0.375;0.00251354
cbaa;reward00;1;../logs/prueba/scenario_4A_20t_5r_cbaa_reward00_001.log;scenario_4A_20t_5r;20;5;1;(15,15);0;0;5;11;0;9;27.9058;29.7857;70.3982;0;11.8416;11.4077;22.8276;0;59.2081;0;0;0;0;0.55;0.00133103
greedy;reward00;1;../logs/prueba/scenario_1A_16t_4r_greedy_reward00_001.log;scenario_1A_16t_4r;16;4;1;(15,15);0;0;4;16;0;0;42.2731;0;42.2731;42.2731;11.3657;0;11.3657;11.3657;45.463;0;0;0;0;1;0.0030135
greedy;reward00;1;../logs/prueba/scenario_2B_24t_5r_greedy_reward00_001.log;scenario_2B_24t_5r;24;5;1;(15,15);0;0;5;18;0;6;56.8332;8.5659;66.1562;47.5614;17.2463;4.72059;24.2358;11.2967;86.2315;0;0;0;0;0.75;0.00162183
random;reward00;1;../logs/prueba/scenario_2A_20t_2r_random_reward00_001.log;scenario_2A_20t_2r;20;2;1;(15,15);0;0;2;10;0;10;76.3972;2.61292;78.2448;74.5496;46.5107;1.50869;47.5775;45.4439;93.0214;0;0;0;0;0.5;0.000762786
cbba;reward00;1;../logs/prueba/scenario_4A_16t_3r_cbba_reward00_001.log;scenario_4A_16t_3r;16;3;1;(15,15);0;0;3;10;0;6;42.7783;17.9007;61.8129;26.2826;17.1789;5.77771;22.5624;11.0746;51.5366;0;0;0;0;0.625;0.00387132
cbba;reward00;1;../logs/prueba/scenario_1D_20t_3r_cbba_reward00_001.log;scenario_1D_20t_3r;20;3;1;(15,15);0;0;3;15;0;5;52.7268;10.6348;63.5673;42.3104;13.6341;3.63936;17.8364;11.5139;40.9022;0;0;0;0;0.75;0.00242053
greedy;reward00;1;../logs/prueba/scenario_2B_20t_3r_greedy_reward00_001.log;scenario_2B_20t_3r;20;3;1;(15,15);0;0;3;12;0;8;73.1206;2.70113;76.0039;70.6489;17.308;2.23226;19.531;15.0666;51.9239;0;0;0;0;0.6;0.000851227
random;reward00;1;../logs/prueba/scenario_2C_24t_5r_random_reward00_001.log;scenario_2C_24t_5r;24;5;1;(15,15);0;0;5;18;0;6;42.5162;11.1356;60.0799;29.1495;29.3798;6.9397;38.3666;20.3203;146.899;0;0;0;0;0.75;0.00116678
dec-mcts-v1;reward00;1;../logs/prueba/scenario_2D_12t_3r_dec-mcts-v1_reward00_001.log;scenario_2D_12t_3r;12;3;1;(15,15);0;0;3;8;0;4;26.2137;28.9054;59.5883;9.17893;19.0821;5.38995;24.0667;13.3623;57.2462;0;0;0;0;0.666667;1.15826
greedy;reward00;1;../logs/prueba/scenario_2C_16t_3r_greedy_reward00_001.log;scenario_2C_16t_3r;16;3;1;(15,15);0;0;3;8;0;8;35.6374;7.98774;44.0243;28.12;15.6245;4.2669;19.8995;11.3657;46.8736;0;0;0;0;0.5;0.000812639
dec-mcts-v1;reward00;1;../logs/prueba/scenario_2A_12t_2r_dec-mcts-v1_reward00_001.log;scenario_2A_12t_2r;12;2;1;(15,15);0;0;2;10;0;2;46.7558;7.50314;52.0613;41.4503;34.584;13.5362;44.1556;25.0125;69.1681;0;0;0;0;0.833333;1.29806
cbba;reward00;1;../logs/prueba/scenario_1B_20t_3r_cbba_reward00_001.log;scenario_1B_20t_3r;20;3;1;(15,15);0;0;3;12;0;8;73.3057;2.20267;74.5774;70.7623;15.3137;7.45308;22.8872;7.98719;45.941;0;0;0;0;0.6;0.00435464
cbaa;reward00;1;../logs/prueba/scenario_1D_24t_4r_cbaa_reward00_001.log;scenario_1D_24t_4r;24;4;1;(15,15);0;0;4;8;0;16;21.1169;42.2338;84.4675;0;5.58438;11.1688;22.3375;0;22.3375;0;0;0;0;0.333333;0.000715924
dec-mcts-v2;reward00;1;../logs/prueba/scenario_1D_12t_2r_dec-mcts-v2_reward00_001.log;scenario_1D_12t_2r;12;2;1;(15,15);0;0;2;10;0;2;57.8987;1.62701;59.0492;56.7482;29.4935;1.06398;30.2458;28.7411;58.9869;0;0;0;0;0.833333;1.24384
cbaa;reward00;1;../logs/prueba/scenario_1B_16t_4r_cbaa_reward00_001.log;scenario_1B_16t_4r;16;4;1;(15,15);0;0;4;11;0;5;63.0676;1.37926;63.7915;61;13.4829;6.30296;18.9574;6;53.9316;0;0;0;0;0.6875;0.000878977
cbba;reward00;1;../logs/prueba/scenario_3A_16t_5r_cbba_reward00_001.log;scenario_3A_16t_5r;16;5;1;(15,15);0;0;5;8;0;8;14.5583;13.7164;30.2098;2.55599;13.8014;4.90747;21.298;8.24621;69.0072;0;0;0;0;0.5;0.0101883
cbaa;reward00;1;../logs/prueba/scenario_2A_12t_5r_cbaa_reward00_001.log;scenario_2A_12t_5r;12;5;1;(15,15);0;0;5;9;0;3;23.0817;35.4717;80.4775;0;7.55202;10.3423;19.1107;0;37.7601;0;0;0;0;0.75;0.000796545
dec-mcts-v2;reward00;1;../logs/prueba/scenario_1C_24t_5r_dec-mcts-v2_reward00_001.log;scenario_1C_24t_5r;24;5;1;(15,15);0;0;5;23;1;0;55.7039;15.9753;74.4564;38.2808;25.5197;6.42493;32.7157;19.543;127.598;0;0;0;0;0.958333;6.34614
greedy;reward00;1;../logs/prueba/scenario_3C_24t_2r_greedy_reward00_001.log;scenario_3C_24t_2r;24;2;1;(15,15);0;1;1;7;0;17;40.0625;24.1061;57.108;23.0169;15.8306;1.3153;16.7607;14.9006;31.6612;0;0;0;0;0.291667;0.000890839
cbaa;reward00;1;../logs/prueba/scenario_1B_20t_3r_cbaa_reward00_001.log;scenario_1B_20t_3r;20;3;1;(15,15);0;0;3;12;0;8;73.0086;1.94537;74.1318;70.7623;15.7858;8.05411;20.6589;6.48937;47.3575;0;0;0;0;0.6;0.000961958
dec-mcts-v1;reward00;1;../logs/prueba/scenario_1D_20t_5r_dec-mcts-v1_reward00_001.log;scenario_1D_20t_5r;20;5;1;(15,15);0;0;5;20;0;0;48.7345;12.4624;69.7375;37.6751;23.6725;3.67989;28.6875;18.3756;118.363;0;0;0;0;1;4.43649
random;reward00;1;../logs/prueba/scenario_2D_24t_5r_random_reward00_001.log;scenario_2D_24t_5r;24;5;1;(15,15);0;0;5;16;0;8;36.9005;12.7636;59.4762;29.0952;27.9484;20.6292;64.2399;14.6997;139.742;0;0;0;0;0.666667;0.00104049
dec-mcts-v1;reward00;1;../logs/prueba/scenario_4A_20t_5r_dec-mcts-v1_reward00_001.log;scenario_4A_20t_5r;20;5;1;(15,15);0;0;5;12;0;8;42.3279;18.4817;63.8917;16.6356;23.8348;5.06683;30.4839;17.6559;119.174;0;0;0;0;0.6;3.86409
greedy;reward00;1;../logs/prueba/scenario_4D_20t_2r_greedy_reward00_001.log;scenario_4D_20t_2r;20;2;1;(15,15);0;1;1;7;0;13;59.5036;21.7509;74.8838;44.1234;16.915;8.47467;22.9075;10.9225;33.8301;0;0;0;0;0.35;0.000820058
greedy;reward00;1;../logs/prueba/scenario_1C_16t_4r_greedy_reward00_001.log;scenario_1C_16t_4r;16;4;1;(15,15);0;0;4;14;0;2;37.3964;5.63859;42.2731;32.1657;11.982;1.61085;14.3683;10.8284;47.9282;0;0;0;0;0.875;0.000724725
greedy;reward00;1;../logs/prueba/scenario_1A_24t_5r_greedy_reward00_001.log;scenario_1A_24t_5r;24;5;1;(15,15);0;0;5;24;0;0;50.765;4.36734;53.883;43.0497;13.8251;3.52583;19.4151;11.2967;69.1255;0;0;0;0;1;0.00131788
cbaa;reward00;1;../logs/prueba/scenario_2D_24t_5r_cbaa_reward00_001.log;scenario_2D_24t_5r;24;5;1;(15,15);0;0;5;15;0;9;27.4548;27.7961;64.9411;0;8.51524;8.59361;20.1735;0;42.5762;0;0;0;0;0.625;0.00130978
cbba;reward00;1;../logs/prueba/scenario_4A_20t_2r_cbba_reward00_001.log;scenario_4A_20t_2r;20;2;1;(15,15);0;0;2;8;0;12;73.6617;0.283445;73.8621;73.4613;20.0069;1.31771;20.9387;19.0752;40.0139;0;0;0;0;0.4;0.00240203
dec-mcts-v2;reward00;1;../logs/prueba/scenario_1D_20t_5r_dec-mcts-v2_reward00_001.log;scenario_1D_20t_5r;20;5;1;(15,15);0;0;5;19;1;0;48.1925;10.7541;64.2602;36.3623;24.9625;5.19015;29.2945;16.8114;124.813;0;0;0;0;0.95;3.98943
cbba;reward00;1;../logs/prueba/scenario_2D_20t_5r_cbba_reward00_001.log;scenario_2D_20t_5r;20;5;1;(15,15);0;0;5;15;0;5;20.0049;12.2453;33.1538;6.94594;12.6276;4.27103;19.3736;7.74686;63.1378;0;0;0;0;0.75;0.00777734
cbaa;reward00;1;../logs/prueba/scenario_2A_24t_2r_cbaa_reward00_001.log;scenario_2A_24t_2r;24;2;1;(15,15);0;1;1;4;15;5;31.2385;44.1779;62.4769;0;6.88036;9.7303;13.7607;0;13.7607;0;0;0;0;0.166667;0.000894661
cbaa;reward00;1;../logs/prueba/scenario_1A_24t_3r_cbaa_reward00_001.log;scenario_1A_24t_3r;24;3;1;(15,15);0;0;3;16;0;8;55.6671;48.2093;83.6246;0;11.669;10.1246;18.123;0;35.0069;0;0;0;0;0.666667;0.00121156
random;reward00;1;../logs/prueba/scenario_2A_24t_2r_random_reward00_001.log;scenario_2A_24t_2r;24;2;1;(15,15);0;1;1;11;0;13;84.8546;5.8156;88.9668;80.7423;45.6291;5.20075;49.3066;41.9516;91.2582;0;0;0;0;0.458333;0.00103531
random;reward00;1;../logs/prueba/scenario_4A_20t_5r_random_reward00_001.log;scenario_4A_20t_5r;20;5;1;(15,15);0;0;5;11;0;9;34.6945;5.58274;41.8814;28.3899;23.2384;11.6887;40.5817;9.74689;116.192;0;0;0;0;0.55;0.000994104
cbaa;reward00;1;../logs/prueba/scenario_2B_16t_5r_cbaa_reward00_001.log;scenario_2B_16t_5r;16;5;1;(15,15);0;0;5;8;0;8;66.5856;8.03098;77.1975;60.6;13.1508;4.84209;17.8995;6;65.7541;0;0;0;0;0.5;0.0010299
random;reward00;1;../logs/prueba/scenario_2C_20t_2r_random_reward00_001.log;scenario_2C_20t_2r;20;2;1;(15,15);0;0;2;10;0;10;54.8302;5.72292;58.8769;50.7835;37.7891;10.6997;45.3549;30.2233;75.5783;0;0;0;0;0.5;0.000692729
dec-mcts-v1;reward00;1;../logs/prueba/scenario_4D_16t_4r_dec-mcts-v1_reward00_001.log;scenario_4D_16t_4r;16;4;1;(15,15);0;0;4;11;0;5;36.6101;15.7348;59.1045;22.3857;25.3822;5.1382;32.5299;20.6663;101.529;0;0;0;0;0.6875;2.41135
greedy;reward00;1;../logs/prueba/scenario_3C_16t_5r_greedy_reward00_001.log;scenario_3C_16t_5r;16;5;1;(15,15);0;0;5;11;0;5;27.5781;3.18116;31.5006;22.7649;11.2931;3.97298;17.1967;6;56.4655;0;0;0;0;0.6875;0.000790199
dec-mcts-v1;reward00;1;../logs/prueba/scenario_2A_16t_5r_dec-mcts-v1_reward00_001.log;scenario_2A_16t_5r;16;5;1;(15,15);0;0;5;14;0;2;41.4059;14.0908;61.6452;27.8444;21.5258;13.5326;45.0962;11.5952;107.629;0;0;0;0;0.875;5.67142
dec-mcts-v1;reward00;1;../logs/prueba/scenario_4A_16t_2r_dec-mcts-v1_reward00_001.log;scenario_4A_16t_2r;16;2;1;(15,15);0;0;2;10;0;6;55.4891;3.79052;58.1694;52.8088;45.4286;17.7055;57.9483;32.909;90.8572;0;0;0;0;0.625;1.65298
cbaa;reward00;1;../logs/prueba/scenario_1A_12t_3r_cbaa_reward00_001.log;scenario_1A_12t_3r;12;3;1;(15,15);0;0;3;10;0;2;35.578;30.8119;53.5372;0;11.2234;9.75689;17.6859;0;33.6701;0;0;0;0;0.833333;0.000960012
cbaa;reward00;1;../logs/prueba/scenario_1D_16t_5r_cbaa_reward00_001.log;scenario_1D_16t_5r;16;5;1;(15,15);0;0;5;6;0;10;12.9376;28.9293;64.6879;0;4.68787;10.4824;23.4393;0;23.4393;0;0;0;0;0.375;0.000648524
cbba;reward00;1;../logs/prueba/scenario_1C_12t_3r_cbba_reward00_001.log;scenario_1C_12t_3r;12;3;1;(15,15);0;0;3;9;0;3;32.1712;0.0330049;32.2093;32.1522;10.8561;0.165024;11.0466;10.7608;32.5682;0;0;0;0;0.75;0.00360334
dec-mcts-v2;reward00;1;../logs/prueba/scenario_2C_20t_3r_dec-mcts-v2_reward00_001.log;scenario_2C_20t_3r;20;3;1;(15,15);0;0;3;14;0;6;70.4333;13.1459;83.2138;56.9501;28.8869;5.60234;35.3375;25.2395;86.6607;0;0;0;0;0.7;3.29603
cbba;reward00;1;../logs/prueba/scenario_3A_20t_2r_cbba_reward00_001.log;scenario_3A_20t_2r;20;2;1;(15,15);0;2;0;11;0;9;61.2228;3.43376;63.6509;58.7948;19.891;1.44644;20.9137;18.8682;39.7819;0;0;0;0;0.55;0.00339556
random;reward00;1;../logs/prueba/scenario_1A_16t_2r_random_reward00_001.log;scenario_1A_16t_2r;16;2;1;(15,15);0;0;2;12;0;4;68.1098;0.233956;68.2752;67.9443;40.5489;1.16978;41.376;39.7217;81.0977;0;0;0;0;0.75;0.000695803
dec-mcts-v1;reward00;1;../logs/prueba/scenario_3C_16t_5r_dec-mcts-v1_reward00_001.log;scenario_3C_16t_5r;16;5;1;(15,15);0;0;5;9;0;7;22.2488;18.2244;51.7719;2;18.951;17.5399;47.3604;0;94.7548;0;0;0;0;0.5625;2.81271
cbba;reward00;1;../logs/prueba/scenario_1C_12t_2r_cbba_reward00_001.log;scenario_1C_12t_2r;12;2;1;(15,15);0;0;2;9;0;3;48.6447;6.91906;53.5372;43.7522;18.2233;0.760053;18.7608;17.6859;36.4467;0;0;0;0;0.75;0.000779076
random;reward00;1;../logs/prueba/scenario_2C_20t_3r_random_reward00_001.log;scenario_2C_20t_3r;20;3;1;(15,15);0;0;3;14;0;6;67.3289;6.17654;73.1959;60.8835;28.5967;13.5408;43.5674;17.2048;85.79;0;0;0;0;0.7;0.000734395
cbba;reward00;1;../logs/prueba/scenario_1D_12t_2r_cbba_reward00_001.log;scenario_1D_12t_2r;12;2;1;(15,15);0;0;2;9;0;3;48.3586;7.32363;53.5372;43.18;16.793;1.2628;17.6859;15.9;33.5859;0;0;0;0;0.75;0.00215355
greedy;reward00;1;../logs/prueba/scenario_1D_20t_2r_greedy_reward00_001.log;scenario_1D_20t_2r;20;2;1;(15,15);0;0;2;13;0;7;68.6315;7.16192;73.6958;63.5673;18.1576;0.454254;18.4788;17.8364;36.3152;0;0;0;0;0.65;0.000611932
greedy;reward00;1;../logs/prueba/scenario_2A_24t_3r_greedy_reward00_001.log;scenario_2A_24t_3r;24;3;1;(15,15);0;0;3;19;0;5;76.3167;4.45318;79.9493;71.3486;18.6508;4.97042;24.2966;14.9344;55.9523;0;0;0;0;0.791667;0.00132199
cbaa;reward00;1;../logs/prueba/scenario_3C_20t_2r_cbaa_reward00_001.log;scenario_3C_20t_2r;20;2;1;(15,15);0;1;1;4;1;15;40.027;4.2609;43.0399;37.0141;17.8954;1.42427;18.9025;16.8883;35.7908;0;0;0;0;0.2;0.00081332
random;reward00;1;../logs/prueba/scenario_2C_24t_2r_random_reward00_001.log;scenario_2C_24t_2r;24;2;1;(15,15);0;0;2;9;0;15;67.8209;8.19905;73.6185;62.0233;45.6762;1.39789;46.6646;44.6877;91.3524;0;0;0;0;0.375;0.00101343
random;reward00;1;../logs/prueba/scenario_3A_20t_3r_random_reward00_001.log;scenario_3A_20t_3r;20;3;1;(15,15);0;1;2;13;0;7;59.0939;3.91865;62.7361;54.9476;42.3746;21.3574;67.0333;29.7296;127.124;0;0;0;0;0.65;0.00094087
cbba;reward00;1;../logs/prueba/scenario_4D_16t_4r_cbba_reward00_001.log;scenario_4D_16t_4r;16;4;1;(15,15);0;0;4;10;0;6;31.6852;15.556;54.3034;20.7722;12.9264;5.18143;20.4368;8.53732;51.7056;0;0;0;0;0.625;0.00430565
cbaa;reward00;1;../logs/prueba/scenario_1B_24t_2r_cbaa_reward00_001.log;scenario_1B_24t_2r;24;2;1;(15,15);0;0;2;13;0;11;83.6501;0.14971;83.756;83.5443;18.2506;0.748552;18.7799;17.7213;36.5011;0;0;0;0;0.541667;0.00277235
greedy;reward00;1;../logs/prueba/scenario_4D_24t_2r_greedy_reward00_001.log;scenario_4D_24t_2r;24;2;1;(15,15);0;1;1;8;0;16;47.2998;4.58859;50.5444;44.0552;19.7695;3.74492;22.4176;17.1215;39.539;0;0;0;0;0.333333;0.00108508
greedy;reward00;1;../logs/prueba/scenario_2C_24t_5r_greedy_reward00_001.log;scenario_2C_24t_5r;24;5;1;(15,15);0;0;5;19;0;5;37.1409;11.4546;56.2216;28.3019;13.6086;3.55818;18.0653;10.7973;68.043;0;0;0;0;0.791667;0.0013141
cbba;reward00;1;../logs/prueba/scenario_1D_24t_3r_cbba_reward00_001.log;scenario_1D_24t_3r;24;3;1;(15,15);0;0;3;18;0;6;63.0362;10.8949;74.271;52.5165;15.181;5.36919;21.3551;11.6055;45.5431;0;0;0;0;0.75;0.00700789
cbba;reward00;1;../logs/prueba/scenario_2D_20t_3r_cbba_reward00_001.log;scenario_2D_20t_3r;20;3;1;(15,15);0;0;3;12;0;8;42.3242;13.2524;57.113;31.5247;15.1637;7.57152;23.8648;10.0742;45.491;0;0;0;0;0.6;0.00370798
dec-mcts-v1;reward00;1;../logs/prueba/scenario_1D_20t_2r_dec-mcts-v1_reward00_001.log;scenario_1D_20t_2r;20;2;1;(15,15);0;0;2;14;0;6;78.1037;3.1792;80.3518;75.8557;33.0187;5.28939;36.7589;29.2785;66.0374;0;0;0;0;0.7;1.59202
dec-mcts-v2;reward00;1;../logs/prueba/scenario_2A_12t_5r_dec-mcts-v2_reward00_001.log;scenario_2A_12t_5r;12;5;1;(15,15);0;0;5;10;0;2;26.9954;30.8638;67.481;3;13.3245;10.7384;25.8146;0;66.6227;0;0;0;0;0.833333;2.24021
dec-mcts-v2;reward00;1;../logs/prueba/scenario_2D_16t_5r_dec-mcts-v2_reward00_001.log;scenario_2D_16t_5r;16;5;1;(15,15);0;0;5;11;0;5;36.1737;26.0405;77.1267;5.80452;20.8492;9.54041;36.8051;11.5952;104.246;0;0;0;0;0.6875;2.45206
greedy;reward00;1;../logs/prueba/scenario_1A_20t_3r_greedy_reward00_001.log;scenario_1A_20t_3r;20;3;1;(15,15);0;0;3;20;0;0;70.246;5.78452;73.6884;63.5677;17.8969;0.518344;18.4419;17.4102;53.6907;0;0;0;0;1;0.00182204
greedy;reward00;1;../logs/prueba/scenario_4D_12t_2r_greedy_reward00_001.log;scenario_4D_12t_2r;12;2;1;(15,15);0;0;2;7;0;5;33.3068;1.02274;34.03;32.5836;16.8351;1.20328;17.6859;15.9842;33.6701;0;0;0;0;0.583333;0.000438158
cbba;reward00;1;../logs/prueba/scenario_2C_24t_5r_cbba_reward00_001.log;scenario_2C_24t_5r;24;5;1;(15,15);0;0;5;16;0;8;43.8444;20.7056;80.2977;30.6576;12.6174;2.27135;15.7688;10.0652;63.0871;0;0;0;0;0.666667;0.00884149
dec-mcts-v2;reward00;1;../logs/prueba/scenario_1A_12t_3r_dec-mcts-v2_reward00_001.log;scenario_1A_12t_3r;12;3;1;(15,15);0;0;3;11;1;0;44.6257;5.2508;48.6787;38.6939;19.7949;5.49517;23.3933;13.4696;59.3848;0;0;0;0;0.916667;2.16335
dec-mcts-v2;reward00;1;../logs/prueba/scenario_3C_24t_4r_dec-mcts-v2_reward00_001.log;scenario_3C_24t_4r;24;4;1;(15,15);0;0;4;13;3;8;42.8068;4.05769;48.6727;39.3217;23.9276;5.77422;29.1283;15.7562;95.7103;0;0;0;0;0.541667;6.45111
greedy;reward00;1;../logs/prueba/scenario_3A_16t_3r_greedy_reward00_001.log;scenario_3A_16t_3r;16;3;1;(15,15);0;0;3;9;0;7;61.6882;10.2487;72.9219;52.8483;16.3894;5.28572;21.9031;11.3657;49.1683;0;0;0;0;0.5625;0.000809352
cbba;reward00;1;../logs/prueba/scenario_4D_24t_2r_cbba_reward00_001.log;scenario_4D_24t_2r;24;2;1;(15,15);0;1;1;10;1;13;63.5873;2.81482;65.5777;61.5969;26.5008;6.34441;30.987;22.0147;53.0017;0;0;0;0;0.416667;0.00273401
dec-mcts-v1;reward00;1;../logs/prueba/scenario_4D_12t_4r_dec-mcts-v1_reward00_001.log;scenario_4D_12t_4r;12;4;1;(15,15);0;0;4;11;0;1;37.1174;14.8576;55.8852;22.8405;19.5992;10.9875;30.7338;6.34727;78.3969;0;0;0;0;0.916667;1.58681
dec-mcts-v2;reward00;1;../logs/prueba/scenario_1D_16t_5r_dec-mcts-v2_reward00_001.log;scenario_1D_16t_5r;16;5;1;(15,15);0;0;5;16;0;0;38.2431;10.2059;49.791;23.7075;19.2157;8.46894;28.9549;8.53732;96.0783;0;0;0;0;1;2.95795
random;reward00;1;../logs/prueba/scenario_2D_16t_3r_random_reward00_001.log;scenario_2D_16t_3r;16;3;1;(15,15);0;0;3;11;0;5;33.175;1.79769;34.5695;31.1461;28.2803;11.1972;36.7894;15.5952;84.8409;0;0;0;0;0.6875;0.000643396
cbba;reward00;1;../logs/prueba/scenario_1D_24t_4r_cbba_reward00_001.log;scenario_1D_24t_4r;24;4;1;(15,15);0;0;4;20;0;4;52.3666;8.27009;62.3211;42.0694;11.8331;1.11817;12.7972;10.3472;47.3324;0;0;0;0;0.833333;0.00772638
dec-mcts-v2;reward00;1;../logs/prueba/scenario_4D_16t_3r_dec-mcts-v2_reward00_001.log;scenario_4D_16t_3r;16;3;1;(15,15);0;0;3;8;0;8;41.6027;10.6115;51.0253;30.108;27.2052;10.7594;38.2732;16.7835;81.6156;0;0;0;0;0.5;1.74747
cbba;reward00;1;../logs/prueba/scenario_2C_16t_3r_cbba_reward00_001.log;scenario_2C_16t_3r;16;3;1;(15,15);0;0;3;8;0;8;29.8717;9.57362;37.8248;19.2457;14.3074;5.56685;20.7279;10.8284;42.9221;0;0;0;0;0.5;0.00207702
cbaa;reward00;1;../logs/prueba/scenario_2B_16t_3r_cbaa_reward00_001.log;scenario_2B_16t_3r;16;3;1;(15,15);0;0;3;5;0;11;65.52;8.32789;75.1353;60.6;10.9914;4.81512;15.6084;6;32.9741;0;0;0;0;0.3125;0.000681825
dec-mcts-v1;reward00;1;../logs/prueba/scenario_1C_12t_3r_dec-mcts-v1_reward00_001.log;scenario_1C_12t_3r;12;3;1;(15,15);0;0;3;12;0;0;47.8422;11.0357;59.3539;37.3538;24.2109;2.50222;26.7693;21.7689;72.6327;0;0;0;0;1;2.44005
cbba;reward00;1;../logs/prueba/scenario_3C_24t_5r_cbba_reward00_001.log;scenario_3C_24t_5r;24;5;1;(15,15);0;0;5;16;0;8;32.2585;8.6735;46.1307;24.62;16.6369;5.71269;22.9087;10.54;83.1845;0;0;0;0;0.666667;0.0163943
cbaa;reward00;1;../logs/prueba/scenario_4D_12t_5r_cbaa_reward00_001.log;scenario_4D_12t_5r;12;5;1;(15,15);0;0;5;6;0;6;12.6821;28.358;63.4105;0;8.99755;20.1191;44.9877;0;44.9877;0;0;0;0;0.5;0.000714743
cbaa;reward00;1;../logs/prueba/scenario_1A_20t_4r_cbaa_reward00_001.log;scenario_1A_20t_4r;20;4;1;(15,15);0;0;4;17;0;3;44.5407;31.3217;73.482;0;10.2035;7.31684;17.4102;0;40.814;0;0;0;0;0.85;0.0012661
cbba;reward00;1;../logs/prueba/scenario_2A_16t_5r_cbba_reward00_001.log;scenario_2A_16t_5r;16;5;1;(15,15);0;0;5;13;0;3;39.1759;27.6301;75.6569;0;8.98513;5.02823;11.3657;0;44.9257;0;0;0;0;0.8125;0.00741029
greedy;reward00;1;../logs/prueba/scenario_3C_20t_3r_greedy_reward00_001.log;scenario_3C_20t_3r;20;3;1;(15,15);0;0;3;10;0;10;27.6786;2.59416;30.6736;26.1327;17.1222;9.86387;24.809;6;51.3665;0;0;0;0;0.5;0.00153611
random;reward00;1;../logs/prueba/scenario_1D_12t_3r_random_reward00_001.log;scenario_1D_12t_3r;12;3;1;(15,15);0;0;3;10;0;2;37.2874;5.8763;44.0685;33.6886;19.7703;1.15293;20.5252;18.4432;59.3109;0;0;0;0;0.833333;0.000477836
random;reward00;1;../logs/prueba/scenario_3C_16t_4r_random_reward00_001.log;scenario_3C_16t_4r;16;4;1;(15,15);0;0;4;7;0;9;28.7161;5.41958;33.3057;21.0626;23.0189;16.0358;46.9184;12.4889;92.0757;0;0;0;0;0.4375;0.000798392
dec-mcts-v2;reward00;1;../logs/prueba/scenario_2A_20t_3r_dec-mcts-v2_reward00_001.log;scenario_2A_20t_3r;20;3;1;(15,15);0;0;3;9;0;11;42.2563;32.5806;79.6553;20.0232;33.0942;11.0769;44.5021;22.381;99.2825;0;0;0;0;0.45;2.05748
cbaa;reward00;1;../logs/prueba/scenario_3C_12t_3r_cbaa_reward00_001.log;scenario_3C_12t_3r;12;3;1;(15,15);0;0;3;5;0;7;19.0021;32.9125;57.0062;0;8.28917;14.3573;24.8675;0;24.8675;0;0;0;0;0.416667;0.000462761
random;reward00;1;../logs/prueba/scenario_3C_16t_5r_random_reward00_001.log;scenario_3C_16t_5r;16;5;1;(15,15);0;0;5;7;0;9;16.3486;7.4403;27.2211;9.378;20.6581;10.5584;32.4619;10;103.291;0;0;0;0;0.4375;0.000851215
random;reward00;1;../logs/prueba/scenario_2D_16t_5r_random_reward00_001.log;scenario_2D_16t_5r;16;5;1;(15,15);0;0;5;10;0;6;22.2947;2.01892;25.8194;20.8049;17.9428;10.685;35.3257;6;89.714;0;0;0;0;0.625;0.000799968
dec-mcts-v1;reward00;1;../logs/prueba/scenario_4D_16t_5r_dec-mcts-v1_reward00_001.log;scenario_4D_16t_5r;16;5;1;(15,15);0;0;5;9;0;7;29.2147;19.4153;51.7979;4.73171;19.9642;16.4719;48.8315;8.24621;99.8212;0;0;0;0;0.5625;2.6534
cbba;reward00;1;../logs/prueba/scenario_1C_20t_2r_cbba_reward00_001.log;scenario_1C_20t_2r;20;2;1;(15,15);0;0;2;14;0;6;73.9906;0.416925;74.2854;73.6958;19.9528;2.08462;21.4269;18.4788;39.9057;0;0;0;0;0.7;0.00181099
random;reward00;1;../logs/prueba/scenario_2C_16t_5r_random_reward00_001.log;scenario_2C_16t_5r;16;5;1;(15,15);0;0;5;11;0;5;27.2837;7.40043;34.7294;18.7667;20.7746;10.2902;36.9404;11.5952;103.873;0;0;0;0;0.6875;0.000831647
dec-mcts-v2;reward00;1;../logs/prueba/scenario_1C_12t_3r_dec-mcts-v2_reward00_001.log;scenario_1C_12t_3r;12;3;1;(15,15);0;0;3;12;0;0;48.6239;3.2605;51.068;44.9218;23.1195;3.07558;25.3402;19.609;69.3584;0;0;0;0;1;1.991
greedy;reward00;1;../logs/prueba/scenario_2A_16t_2r_greedy_reward00_001.log;scenario_2A_16t_2r;16;2;1;(15,15);0;0;2;13;0;3;54.7265;1.72499;55.9462;53.5067;22.7037;3.96573;25.5079;19.8995;45.4074;0;0;0;0;0.8125;0.000713201
random;reward00;1;../logs/prueba/scenario_1D_12t_2r_random_reward00_001.log;scenario_1D_12t_2r;12;2;1;(15,15);0;0;2;9;0;3;50.0449;7.93556;55.6562;44.4336;25.2245;4.32245;28.2809;22.168;50.4489;0;0;0;0;0.75;0.000826125
dec-mcts-v2;reward00;1;../logs/prueba/scenario_3C_24t_5r_dec-mcts-v2_reward00_001.log;scenario_3C_24t_5r;24;5;1;(15,15);0;0;5;17;0;7;39.9709;20.5888;74.8524;21.4251;24.0329;7.80517;36.713;16.4639;120.165;0;0;0;0;0.708333;5.73771
dec-mcts-v1;reward00;1;../logs/prueba/scenario_2B_12t_2r_dec-mcts-v1_reward00_001.log;scenario_2B_12t_2r;12;2;1;(15,15);0;0;2;6;0;6;61.0302;0.707107;61.5302;60.5302;21.3712;0.543449;21.7555;20.987;42.7425;0;0;0;0;0.5;0.663897
greedy;reward00;1;../logs/prueba/scenario_3C_20t_5r_greedy_reward00_001.log;scenario_3C_20t_5r;20;5;1;(15,15);0;0;5;11;0;9;32.1608;4.11492;36.6327;27.4378;14.7886;4.51899;18.6636;7.98719;73.9432;0;0;0;0;0.55;0.001234
dec-mcts-v1;reward00;1;../logs/prueba/scenario_1B_16t_2r_dec-mcts-v1_reward00_001.log;scenario_1B_16t_2r;16;2;1;(15,15);0;0;2;10;0;6;67.8752;0;67.8752;67.8752;37.187;3.09574;39.376;34.998;74.374;0;0;0;0;0.625;1.05695
random;reward00;1;../logs/prueba/scenario_4A_24t_3r_random_reward00_001.log;scenario_4A_24t_3r;24;3;1;(15,15);0;0;3;11;0;13;27.1761;2.10538;29.5069;25.4122;44.521;22.3826;61.722;19.2149;133.563;0;0;0;0;0.458333;0.00115535
random;reward00;1;../logs/prueba/scenario_2B_16t_3r_random_reward00_001.log;scenario_2B_16t_3r;16;3;1;(15,15);0;0;3;1;0;15;60.7497;0.129685;60.8246;60.6;10.4229;3.83314;12.78;6;31.2688;0;0;0;0;0.0625;0.000239817
cbba;reward00;1;../logs/prueba/scenario_4D_12t_4r_cbba_reward00_001.log;scenario_4D_12t_4r;12;4;1;(15,15);0;0;4;9;0;3;20.9273;16.2134;45.1828;11.3409;12.0258;3.6921;17.0265;8.24621;48.1031;0;0;0;0;0.75;0.00227628
cbba;reward00;1;../logs/prueba/scenario_4D_12t_5r_cbba_reward00_001.log;scenario_4D_12t_5r;12;5;1;(15,15);0;0;5;10;0;2;23.0889;15.0222;39.3934;0;9.77433;6.21944;17.0125;0;48.8717;0;0;0;0;0.833333;0.00398002
greedy;reward00;1;../logs/prueba/scenario_1D_16t_3r_greedy_reward00_001.log;scenario_1D_16t_3r;16;3;1;(15,15);0;0;3;13;0;3;46.5202;6.39337;53.8731;42.2731;15.9342;4.11939;19.3657;11.3657;47.8026;0;0;0;0;0.8125;0.000608339
dec-mcts-v1;reward00;1;../logs/prueba/scenario_1C_24t_4r_dec-mcts-v1_reward00_001.log;scenario_1C_24t_4r;24;4;1;(15,15);0;0;4;24;0;0;70.0378;14.6589;90.9629;59.3582;23.9389;5.72239;29.8145;16.7909;95.7557;0;0;0;0;1;9.33082
dec-mcts-v2;reward00;1;../logs/prueba/scenario_2B_20t_4r_dec-mcts-v2_reward00_001.log;scenario_2B_20t_4r;20;4;1;(15,15);0;0;4;13;0;7;80.5315;9.40572;92.8043;70.6;24.7711;8.06391;35.514;16.4079;99.0844;0;0;0;0;0.65;5.5747
greedy;reward00;1;../logs/prueba/scenario_3A_16t_5r_greedy_reward00_001.log;scenario_3A_16t_5r;16;5;1;(15,15);0;0;5;11;0;5;21.4922;4.58981;26.5814;14.6804;12.6725;7.22279;22.6795;6;63.3625;0;0;0;0;0.6875;0.000794862
dec-mcts-v2;reward00;1;../logs/prueba/scenario_3C_16t_4r_dec-mcts-v2_reward00_001.log;scenario_3C_16t_4r;16;4;1;(15,15);0;0;4;12;0;4;38.9682;18.9823;60.3019;15.5448;21.5262;9.54345;31.7409;10.5373;86.1047;0;0;0;0;0.75;3.1513
dec-mcts-v2;reward00;1;../logs/prueba/scenario_3A_16t_5r_dec-mcts-v2_reward00_001.log;scenario_3A_16t_5r;16;5;1;(15,15);0;0;5;11;0;5;29.5646;25.2913;73.2641;9.10273;16.8861;16.7198;46.3531;6;84.4303;0;0;0;0;0.6875;2.92097
dec-mcts-v1;reward00;1;../logs/prueba/scenario_4D_24t_5r_dec-mcts-v1_reward00_001.log;scenario_4D_24t_5r;24;5;1;(15,15);0;0;5;13;0;11;43.1144;34.7206;86.0922;2;22.0216;19.093;49.1618;0;110.108;0;0;0;0;0.541667;5.69966
dec-mcts-v2;reward00;1;../logs/prueba/scenario_2C_16t_5r_dec-mcts-v2_reward00_001.log;scenario_2C_16t_5r;16;5;1;(15,15);0;0;5;11;0;5;19.9153;10.541;37.2944;10.3233;17.4012;5.18026;23.3173;10.2426;87.0062;0;0;0;0;0.6875;2.23318
dec-mcts-v1;reward00;1;../logs/prueba/scenario_4D_20t_2r_dec-mcts-v1_reward00_001.log;scenario_4D_20t_2r;20;2;1;(15,15);0;0;2;10;0;10;61.2957;25.7034;79.4708;43.1207;34.8109;6.38668;39.3269;30.2948;69.6218;0;0;0;0;0.5;1.91966
dec-mcts-v2;reward00;1;../logs/prueba/scenario_3A_16t_4r_dec-mcts-v2_reward00_001.log;scenario_3A_16t_4r;16;4;1;(15,15);0;0;4;10;0;6;32.9767;13.2532;51.6231;21.7847;23.4488;5.14122;29.9184;19.3137;93.7954;0;0;0;0;0.625;2.26426
random;reward00;1;../logs/prueba/scenario_2A_12t_4r_random_reward00_001.log;scenario_2A_12t_4r;12;4;1;(15,15);0;0;4;7;0;5;28.344;12.1346;46.2709;19.6178;20.4611;9.09104;31.3477;9.16514;81.8443;0;0;0;0;0.583333;0.000616738
cbaa;reward00;1;../logs/prueba/scenario_3A_24t_2r_cbaa_reward00_001.log;scenario_3A_24t_2r;24;2;1;(15,15);0;1;1;13;0;11;75.5484;16.5516;87.2521;63.8446;16.3278;7.11508;21.3589;11.2967;32.6556;0;0;0;0;0.541667;0.00102819
dec-mcts-v1;reward00;1;../logs/prueba/scenario_1D_20t_3r_dec-mcts-v1_reward00_001.log;scenario_1D_20t_3r;20;3;1;(15,15);0;0;3;19;0;1;71.6708;13.863;79.9396;55.6662;28.3542;4.50439;32.0339;23.3309;85.0625;0;0;0;0;0.95;2.78116
cbaa;reward00;1;../logs/prueba/scenario_1C_24t_4r_cbaa_reward00_001.log;scenario_1C_24t_4r;24;4;1;(15,15);0;0;4;8;0;16;21.2188;42.4377;84.8753;0;6.09415;12.1883;24.3766;0;24.3766;0;0;0;0;0.333333;0.00122496
cbaa;reward00;1;../logs/prueba/scenario_4A_20t_4r_cbaa_reward00_001.log;scenario_4A_20t_4r;20;4;1;(15,15);0;0;4;7;0;13;19.4248;38.8497;77.6994;0;6.85935;13.7187;27.4374;0;27.4374;0;0;0;0;0.35;0.00101885
cbba;reward00;1;../logs/prueba/scenario_1A_16t_2r_cbba_reward00_001.log;scenario_1A_16t_2r;16;2;1;(15,15);0;0;2;12;0;4;63.1799;0;63.1799;63.1799;15.8995;0;15.8995;15.8995;31.799;0;0;0;0;0.75;0.00300181
greedy;reward00;1;../logs/prueba/scenario_1D_24t_4r_greedy_reward00_001.log;scenario_1D_24t_4r;24;4;1;(15,15);0;0;4;20;0;4;53.5824;0.929007;54.307;52.3165;17.912;4.64504;21.5348;11.5825;71.6479;0;0;0;0;0.833333;0.00154726
cbaa;reward00;1;../logs/prueba/scenario_2D_16t_3r_cbaa_reward00_001.log;scenario_2D_16t_3r;16;3;1;(15,15);0;0;3;12;0;4;46.9408;23.343;67.1924;21.4105;13.5437;4.2461;18.4368;10.8284;40.631;0;0;0;0;0.75;0.000872627
cbaa;reward00;1;../logs/prueba/scenario_4A_12t_2r_cbaa_reward00_001.log;scenario_4A_12t_2r;12;2;1;(15,15);0;0;2;12;0;0;52.5641;10.646;60.092;45.0363;25.5;2.41476;27.2075;23.7925;50.9999;0;0;0;0;1;0.000557104
cbba;reward00;1;../logs/prueba/scenario_2A_20t_2r_cbba_reward00_001.log;scenario_2A_20t_2r;20;2;1;(15,15);0;0;2;13;0;7;70.3883;6.56068;75.0274;65.7492;23.3063;5.84533;27.4396;19.1731;46.6127;0;0;0;0;0.65;0.00249895
cbba;reward00;1;../logs/prueba/scenario_2D_16t_2r_cbba_reward00_001.log;scenario_2D_16t_2r;16;2;1;(15,15);0;0;2;6;0;10;48.953;3.18395;51.2044;46.7016;15.0711;12.8284;24.1421;6;30.1421;0;0;0;0;0.375;0.00080842
dec-mcts-v1;reward00;1;../logs/prueba/scenario_3A_12t_3r_dec-mcts-v1_reward00_001.log;scenario_3A_12t_3r;12;3;1;(15,15);0;0;3;8;0;4;30.4592;21.3384;51.4637;8.80185;21.9841;16.2926;39.4586;7.21109;65.9522;0;0;0;0;0.666667;1.24708
greedy;reward00;1;../logs/prueba/scenario_1D_20t_3r_greedy_reward00_001.log;scenario_1D_20t_3r;20;3;1;(15,15);0;0;3;15;0;5;52.9311;0.591619;53.4775;52.3028;14.6554;2.9581;17.3874;11.5139;43.9663;0;0;0;0;0.75;0.000770619
dec-mcts-v2;reward00;1;../logs/prueba/scenario_4A_24t_4r_dec-mcts-v2_reward00_001.log;scenario_4A_24t_4r;24;4;1;(15,15);0;0;4;13;1;10;43.4514;18.0969;66.7928;29.0681;27.2525;10.4712;42.4428;19.9804;109.01;0;0;0;0;0.541667;4.26782
cbba;reward00;1;../logs/prueba/scenario_1B_16t_2r_cbba_reward00_001.log;scenario_1B_16t_2r;16;2;1;(15,15);0;0;2;10;0;6;63.4976;0;63.4976;63.4976;16.6937;1.12311;17.4878;15.8995;33.3873;0;0;0;0;0.625;0.00163704
greedy;reward00;1;../logs/prueba/scenario_3C_16t_4r_greedy_reward00_001.log;scenario_3C_16t_4r;16;4;1;(15,15);0;0;4;6;0;10;23.5252;5.94253;31.9049;18.0214;11.7151;4.31828;15.6084;6;46.8605;0;0;0;0;0.375;0.000793785
cbaa;reward00;1;../logs/prueba/scenario_3C_16t_4r_cbaa_reward00_001.log;scenario_3C_16t_4r;16;4;1;(15,15);0;0;4;3;0;13;15.1075;30.2149;60.4299;0;3.76777;7.53553;15.0711;0;15.0711;0;0;0;0;0.1875;0.000524692
cbaa;reward00;1;../logs/prueba/scenario_1C_20t_4r_cbaa_reward00_001.log;scenario_1C_20t_4r;20;4;1;(15,15);0;0;4;10;0;10;26.1702;30.2187;52.378;0;5.85095;6.75784;11.8899;0;23.4038;0;0;0;0;0.5;0.000914391
greedy;reward00;1;../logs/prueba/scenario_1A_16t_2r_greedy_reward00_001.log;scenario_1A_16t_2r;16;2;1;(15,15);0;0;2;12;0;4;63.1799;0;63.1799;63.1799;15.8995;0;15.8995;15.8995;31.799;0;0;0;0;0.75;0.000721075
random;reward00;1;../logs/prueba/scenario_4D_24t_4r_random_reward00_001.log;scenario_4D_24t_4r;24;4;1;(15,15);0;0;4;13;0;11;30.3658;7.77879;41.4251;24.7471;36.144;18.5485;58.0241;14.3565;144.576;0;0;0;0;0.541667;0.00165103
greedy;reward00;1;../logs/prueba/scenario_4A_16t_2r_greedy_reward00_001.log;scenario_4A_16t_2r;16;2;1;(15,15);0;0;2;10;0;6;47.0057;3.20333;49.2707;44.7406;22.7037;10.0343;29.799;15.6084;45.4074;0;0;0;0;0.625;0.000733627
dec-mcts-v1;reward00;1;../logs/prueba/scenario_2D_24t_4r_dec-mcts-v1_reward00_001.log;scenario_2D_24t_4r;24;4;1;(15,15);0;0;4;19;0;5;63.0756;5.8742;69.529;55.4206;39.7924;17.4194;61.3243;20.5935;159.17;0;0;0;0;0.791667;6.79519
random;reward00;1;../logs/prueba/scenario_2D_24t_2r_random_reward00_001.log;scenario_2D_24t_2r;24;2;1;(15,15);0;0;2;10;0;14;65.5523;5.95416;69.7626;61.3421;44.8067;14.2684;54.8959;34.7174;89.6134;0;0;0;0;0.416667;0.00082848
dec-mcts-v1;reward00;1;../logs/prueba/scenario_1A_12t_4r_dec-mcts-v1_reward00_001.log;scenario_1A_12t_4r;12;4;1;(15,15);0;0;4;12;0;0;36.5566;15.5901;59.0372;24.9173;19.0328;7.48058;30.1858;14.5867;76.1314;0;0;0;0;1;1.71019
cbaa;reward00;1;../logs/prueba/scenario_2C_24t_2r_cbaa_reward00_001.log;scenario_2C_24t_2r;24;2;1;(15,15);0;1;1;13;0;11;66.6137;23.1976;83.0169;50.2105;14.8223;2.7413;16.7607;12.8839;29.6446;0;0;0;0;0.541667;0.00114557
cbaa;reward00;1;../logs/prueba/scenario_2B_12t_3r_cbaa_reward00_001.log;scenario_2B_12t_3r;12;3;1;(15,15);0;0;3;7;0;5;50.5943;0.351316;51;50.3915;22.5021;3.52218;26.4908;19.8196;67.5064;0;0;0;0;0.583333;0.000899087
random;reward00;1;../logs/prueba/scenario_2A_20t_5r_random_reward00_001.log;scenario_2A_20t_5r;20;5;1;(15,15);0;0;5;15;0;5;56.3594;11.3752;69.2182;45.1592;23.2201;12.3891;44.0138;11.8594;116.101;0;0;0;0;0.75;0.00123604
random;reward00;1;../logs/prueba/scenario_2B_16t_5r_random_reward00_001.log;scenario_2B_16t_5r;16;5;1;(15,15);0;0;5;11;0;5;65.3221;9.11201;81.6106;60.8246;28.5861;7.57209;33.8906;16.2462;142.93;0;0;0;0;0.6875;0.000874885
greedy;reward00;1;../logs/prueba/scenario_1D_12t_3r_greedy_reward00_001.log;scenario_1D_12t_3r;12;3;1;(15,15);0;0;3;9;0;3;32.6255;0.360431;32.8336;32.2093;13.1276;1.80216;14.168;11.0466;39.3827;0;0;0;0;0.75;0.000440494
dec-mcts-v1;reward00;1;../logs/prueba/scenario_1B_20t_2r_dec-mcts-v1_reward00_001.log;scenario_1B_20t_2r;20;2;1;(15,15);0;0;2;12;0;8;79.1035;0;79.1035;79.1035;39.2151;8.91331;45.5177;32.9124;78.4301;0;0;0;0;0.6;1.12945
random;reward00;1;../logs/prueba/scenario_2B_12t_4r_random_reward00_001.log;scenario_2B_12t_4r;12;4;1;(15,15);0;0;4;9;0;3;48.3054;1.94727;49.9918;46.619;32.1052;3.34319;34.7329;27.746;128.421;0;0;0;0;0.75;0.000683726
random;reward00;1;../logs/prueba/scenario_1A_12t_3r_random_reward00_001.log;scenario_1A_12t_3r;12;3;1;(15,15);0;0;3;12;0;0;44.7035;1.62104;46.5592;43.563;23.5176;8.10518;32.7958;17.8152;70.5528;0;0;0;0;1;0.000724097
greedy;reward00;1;../logs/prueba/scenario_3A_24t_3r_greedy_reward00_001.log;scenario_3A_24t_3r;24;3;1;(15,15);0;1;2;14;0;10;43.3085;16.9929;53.5701;23.6939;16.8311;4.86757;20.5215;11.3145;50.4934;0;0;0;0;0.583333;0.00193269
dec-mcts-v1;reward00;1;../logs/prueba/scenario_1D_24t_3r_dec-mcts-v1_reward00_001.log;scenario_1D_24t_3r;24;3;1;(15,15);0;0;3;22;0;2;83.0188;4.76789;88.5177;80.0356;35.094;2.46483;37.5158;32.5883;105.282;0;0;0;0;0.916667;5.2498
random;reward00;1;../logs/prueba/scenario_1A_12t_5r_random_reward00_001.log;scenario_1A_12t_5r;12;5;1;(15,15);0;0;5;12;0;0;26.9622;5.52939;33.5073;22.6326;14.8111;2.12833;17.5365;12.4788;74.0556;0;0;0;0;1;0.000599341
random;reward00;1;../logs/prueba/scenario_1D_20t_4r_random_reward00_001.log;scenario_1D_20t_4r;20;4;1;(15,15);0;0;4;17;0;3;47.7989;5.00632;55.1923;44.1655;26.4946;4.39956;31.3898;20.8274;105.978;0;0;0;0;0.85;0.000990334
cbba;reward00;1;../logs/prueba/scenario_2B_24t_2r_cbba_reward00_001.log;scenario_2B_24t_2r;24;2;1;(15,15);0;1;1;10;0;14;84.5318;0.509901;84.8923;84.1712;18.4763;6.64282;23.1735;13.7791;36.9526;0;0;0;0;0.416667;0.00282222
dec-mcts-v2;reward00;1;../logs/prueba/scenario_1A_16t_4r_dec-mcts-v2_reward00_001.log;scenario_1A_16t_4r;16;4;1;(15,15);0;0;4;16;0;0;47.627;15.7051;70.089;35.1676;23.1349;6.96722;30.4452;15.8379;92.5396;0;0;0;0;1;3.84229
greedy;reward00;1;../logs/prueba/scenario_2A_20t_5r_greedy_reward00_001.log;scenario_2A_20t_5r;20;5;1;(15,15);0;0;5;12;0;8;22.0521;7.53349;33.3936;13.6006;13.316;7.29243;25.7102;6.48937;66.5799;0;0;0;0;0.6;0.00189939
cbba;reward00;1;../logs/prueba/scenario_1B_20t_2r_cbba_reward00_001.log;scenario_1B_20t_2r;20;2;1;(15,15);0;0;2;12;0;8;73.6878;0;73.6878;73.6878;17.9247;0.727656;18.4392;17.4102;35.8494;0;0;0;0;0.6;0.00192082
random;reward00;1;../logs/prueba/scenario_2A_24t_5r_random_reward00_001.log;scenario_2A_24t_5r;24;5;1;(15,15);0;0;5;16;0;8;39.7526;5.40106;47.313;34.2035;31.1747;19.4824;64.7477;18.9903;155.873;0;0;0;0;0.666667;0.00165258
dec-mcts-v1;reward00;1;../logs/prueba/scenario_3A_12t_5r_dec-mcts-v1_reward00_001.log;scenario_3A_12t_5r;12;5;1;(15,15);0;0;5;7;0;5;13.8422;7.1731;23.7551;4.38391;15.0207;8.27396;29.4963;9.78324;75.1037;0;0;0;0;0.583333;1.90843
dec-mcts-v2;reward00;1;../logs/prueba/scenario_2C_12t_4r_dec-mcts-v2_reward00_001.log;scenario_2C_12t_4r;12;4;1;(15,15);0;0;4;8;0;4;21.7651;4.36;27.7751;17.4762;14.9253;6.10633;19.122;6;59.7013;0;0;0;0;0.666667;2.29654
dec-mcts-v2;reward00;1;../logs/prueba/scenario_1D_24t_3r_dec-mcts-v2_reward00_001.log;scenario_1D_24t_3r;24;3;1;(15,15);0;0;3;22;0;2;84.5919;5.43188;90.7643;80.5403;44.6263;6.32094;48.8213;37.3562;133.879;0;0;0;0;0.916667;4.93871
cbba;reward00;1;../logs/prueba/scenario_3A_16t_3r_cbba_reward00_001.log;scenario_3A_16t_3r;16;3;1;(15,15);0;0;3;11;0;5;38.7464;14.886;48.5176;21.614;14.4865;5.40525;20.7279;11.3657;43.4594;0;0;0;0;0.6875;0.00680802
random;reward00;1;../logs/prueba/scenario_1A_16t_5r_random_reward00_001.log;scenario_1A_16t_5r;16;5;1;(15,15);0;0;5;16;0;0;36.2819;4.71094;44.6142;33.4045;21.4096;3.64527;26.1785;17.0226;107.048;0;0;0;0;1;0.000772282
random;reward00;1;../logs/prueba/scenario_2D_12t_4r_random_reward00_001.log;scenario_2D_12t_4r;12;4;1;(15,15);0;0;4;7;0;5;32.8974;3.85642;37.1142;28.3026;20.4633;15.7203;41.0075;7.21109;81.8532;0;0;0;0;0.583333;0.000778463
dec-mcts-v1;reward00;1;../logs/prueba/scenario_1A_20t_5r_dec-mcts-v1_reward00_001.log;scenario_1A_20t_5r;20;5;1;(15,15);0;0;5;20;0;0;49.4756;14.3221;71.8466;35.9214;21.378;6.66171;30.1816;14.6068;106.89;0;0;0;0;1;4.39243
cbaa;reward00;1;../logs/prueba/scenario_1B_16t_2r_cbaa_reward00_001.log;scenario_1B_16t_2r;16;2;1;(15,15);0;0;2;8;0;8;63.4336;0.358831;63.6874;63.1799;17.1682;1.79416;18.4368;15.8995;34.3363;0;0;0;0;0.5;0.00069941
dec-mcts-v2;reward00;1;../logs/prueba/scenario_1A_12t_4r_dec-mcts-v2_reward00_001.log;scenario_1A_12t_4r;12;4;1;(15,15);0;0;4;11;1;0;33.5295;16.348;47.8537;14.9566;15.1476;4.46246;19.2685;9.78324;60.5903;0;0;0;0;0.916667;1.61055
cbaa;reward00;1;../logs/prueba/scenario_3A_20t_2r_cbaa_reward00_001.log;scenario_3A_20t_2r;20;2;1;(15,15);0;2;0;9;0;11;53.4781;14.9462;64.0466;42.9096;18.6913;4.84745;22.119;15.2636;37.3826;0;0;0;0;0.45;0.00107888
greedy;reward00;1;../logs/prueba/scenario_1D_20t_4r_greedy_reward00_001.log;scenario_1D_20t_4r;20;4;1;(15,15);0;0;4;16;0;4;42.5153;0.388561;43.0942;42.2743;12.5763;1.9428;15.4711;11.3716;50.3052;0;0;0;0;0.8;0.0017004
dec-mcts-v1;reward00;1;../logs/prueba/scenario_1C_24t_2r_dec-mcts-v1_reward00_001.log;scenario_1C_24t_2r;24;2;1;(15,15);0;0;2;16;0;8;89.0773;0.547838;89.4646;88.6899;40.3863;2.73919;42.3232;38.4494;80.7727;0;0;0;0;0.666667;3.60389
dec-mcts-v1;reward00;1;../logs/prueba/scenario_1D_16t_4r_dec-mcts-v1_reward00_001.log;scenario_1D_16t_4r;16;4;1;(15,15);0;0;4;16;0;0;48.4119;0.348607;48.8357;48.0235;27.0593;4.99069;34.1785;22.6178;108.237;0;0;0;0;1;3.12752
dec-mcts-v2;reward00;1;../logs/prueba/scenario_1A_20t_5r_dec-mcts-v2_reward00_001.log;scenario_1A_20t_5r;20;5;1;(15,15);0;0;5;19;1;0;47.8656;3.60722;50.0224;41.4477;22.3281;2.03551;25.3645;20.1121;111.641;0;0;0;0;0.95;4.40797
cbba;reward00;1;../logs/prueba/scenario_1D_16t_3r_cbba_reward00_001.log;scenario_1D_16t_3r;16;3;1;(15,15);0;0;3;13;0;3;45.9868;16.0615;63.5799;32.1075;13.2675;4.03274;17.8995;10.5373;39.8026;0;0;0;0;0.8125;0.00186448
dec-mcts-v1;reward00;1;../logs/prueba/scenario_1B_12t_3r_dec-mcts-v1_reward00_001.log;scenario_1B_12t_3r;12;3;1;(15,15);0;0;3;10;0;2;55.6949;4.16826;58.584;50.9165;27.94;4.31379;32.9201;25.3634;83.82;0;0;0;0;0.833333;1.2808
cbba;reward00;1;../logs/prueba/scenario_1A_24t_3r_cbba_reward00_001.log;scenario_1A_24t_3r;24;3;1;(15,15);0;0;3;24;0;0;83.7222;0.598288;84.413;83.3768;18.611;2.99144;22.0652;16.8838;55.8329;0;0;0;0;1;0.00435147
greedy;reward00;1;../logs/prueba/scenario_2A_20t_4r_greedy_reward00_001.log;scenario_2A_20t_4r;20;4;1;(15,15);0;0;4;15;0;5;40.2624;8.09667;49.1176;30.6474;12.8525;4.42812;19.1731;8.83295;51.4098;0;0;0;0;0.75;0.000954484
random;reward00;1;../logs/prueba/scenario_2B_20t_2r_random_reward00_001.log;scenario_2B_20t_2r;20;2;1;(15,15);0;0;2;0;0;20;70.7845;0.260893;70.969;70.6;13.4839;0.995496;14.1878;12.78;26.9678;0;0;0;0;0;0.00022935
dec-mcts-v2;reward00;1;../logs/prueba/scenario_2B_20t_5r_dec-mcts-v2_reward00_001.log;scenario_2B_20t_5r;20;5;1;(15,15);0;0;5;14;0;6;86.501;13.3295;97.7221;71.9704;31.0816;7.79782;40.1197;20.4776;155.408;0;0;0;0;0.7;6.28676
dec-mcts-v2;reward00;1;../logs/prueba/scenario_4D_16t_5r_dec-mcts-v2_reward00_001.log;scenario_4D_16t_5r;16;5;1;(15,15);0;0;5;8;0;8;23.1242;10.6202;40.2976;12.3066;20.1473;4.59485;25.851;16;100.737;0;0;0;0;0.5;2.57165
cbaa;reward00;1;../logs/prueba/scenario_2D_12t_3r_cbaa_reward00_001.log;scenario_2D_12t_3r;12;3;1;(15,15);0;0;3;7;0;5;30.2596;26.3033;47.6545;0;12.0749;11.1763;22.0567;0;36.2247;0;0;0;0;0.583333;0.000589042
cbba;reward00;1;../logs/prueba/scenario_2A_24t_2r_cbba_reward00_001.log;scenario_2A_24t_2r;24;2;1;(15,15);0;1;1;15;0;9;81.3068;10.1079;88.4542;74.1594;19.6408;4.90334;23.1079;16.1736;39.2815;0;0;0;0;0.625;0.00435142
dec-mcts-v2;reward00;1;../logs/prueba/scenario_2C_24t_2r_dec-mcts-v2_reward00_001.log;scenario_2C_24t_2r;24;2;1;(15,15);0;0;2;14;0;10;50.8133;8.10166;56.5421;45.0846;34.7849;6.71413;39.5325;30.0373;69.5699;0;0;0;0;0.583333;2.85941
cbaa;reward00;1;../logs/prueba/scenario_2B_20t_4r_cbaa_reward00_001.log;scenario_2B_20t_4r;20;4;1;(15,15);0;1;3;11;0;9;70.9948;8.12035;78.0221;63.5864;15.3018;4.92776;19.9243;10.5958;61.2071;0;0;0;0;0.55;0.00159999
dec-mcts-v1;reward00;1;../logs/prueba/scenario_1A_16t_5r_dec-mcts-v1_reward00_001.log;scenario_1A_16t_5r;16;5;1;(15,15);0;0;5;15;0;1;37.6448;17.4084;67.6376;26.556;20.2241;7.84318;33.1878;12.78;101.12;0;0;0;0;0.9375;3.03366
greedy;reward00;1;../logs/prueba/scenario_4D_12t_5r_greedy_reward00_001.log;scenario_4D_12t_5r;12;5;1;(15,15);0;0;5;8;0;4;17.4448;13.624;39.0418;6.46835;11.8047;7.99161;25.8128;6.34727;59.0233;0;0;0;0;0.666667;0.000675195
cbba;reward00;1;../logs/prueba/scenario_4A_16t_4r_cbba_reward00_001.log;scenario_4A_16t_4r;16;4;1;(15,15);0;0;4;10;0;6;27.8823;6.5863;35.6227;20.224;13.4264;3.545;18.4368;10.5373;53.7056;0;0;0;0;0.625;0.00619092
random;reward00;1;../logs/prueba/scenario_1D_16t_3r_random_reward00_001.log;scenario_1D_16t_3r;16;3;1;(15,15);0;0;3;14;0;2;52.0625;6.23761;55.7086;44.8601;26.9791;2.33059;28.5432;24.3006;80.9374;0;0;0;0;0.875;0.000636344
dec-mcts-v1;reward00;1;../logs/prueba/scenario_3C_16t_4r_dec-mcts-v1_reward00_001.log;scenario_3C_16t_4r;16;4;1;(15,15);0;0;4;6;0;10;19.4888;4.30865;25.5706;15.4451;28.3037;13.1704;41.4053;11.5952;113.215;0;0;0;0;0.375;2.55679
dec-mcts-v2;reward00;1;../logs/prueba/scenario_1D_24t_2r_dec-mcts-v2_reward00_001.log;scenario_1D_24t_2r;24;2;1;(15,15);0;0;2;16;0;8;87.9295;1.41491;88.93;86.9291;37.1477;3.53903;39.6502;34.6453;74.2955;0;0;0;0;0.666667;2.04064
random;reward00;1;../logs/prueba/scenario_2C_16t_4r_random_reward00_001.log;scenario_2C_16t_4r;16;4;1;(15,15);0;0;4;9;0;7;29.9262;3.2375;34.3507;27.0495;19.7969;13.0421;38.5624;10;79.1878;0;0;0;0;0.5625;0.00122486
greedy;reward00;1;../logs/prueba/scenario_4A_16t_5r_greedy_reward00_001.log;scenario_4A_16t_5r;16;5;1;(15,15);0;0;5;9;0;7;29.6674;4.71197;35.5617;22.5041;14.9981;6.18037;23.4053;6;74.9903;0;0;0;0;0.5625;0.00193077
dec-mcts-v2;reward00;1;../logs/prueba/scenario_1A_20t_4r_dec-mcts-v2_reward00_001.log;scenario_1A_20t_4r;20;4;1;(15,15);0;0;4;19;0;1;59.8872;12.1005;72.8386;43.8286;25.686;6.32982;32.7032;19.143;102.744;0;0;0;0;0.95;4.66272
cbba;reward00;1;../logs/prueba/scenario_2C_20t_2r_cbba_reward00_001.log;scenario_2C_20t_2r;20;2;1;(15,15);0;0;2;10;0;10;43.4894;7.7994;49.0044;37.9744;18.5569;9.42852;25.2239;11.8899;37.1138;0;0;0;0;0.5;0.00220371
dec-mcts-v2;reward00;1;../logs/prueba/scenario_4D_24t_3r_dec-mcts-v2_reward00_001.log;scenario_4D_24t_3r;24;3;1;(15,15);0;0;3;10;0;14;51.053;4.53206;55.4669;46.4113;37.8812;15.3064;54.3786;24.1406;113.644;0;0;0;0;0.416667;3.61414
dec-mcts-v1;reward00;1;../logs/prueba/scenario_2C_24t_2r_dec-mcts-v1_reward00_001.log;scenario_2C_24t_2r;24;2;1;(15,15);0;0;2;15;0;9;91.5089;1.95108;92.8885;90.1293;38.269;10.1424;45.4407;31.0972;76.5379;0;0;0;0;0.625;3.7499
greedy;reward00;1;../logs/prueba/scenario_2C_20t_3r_greedy_reward00_001.log;scenario_2C_20t_3r;20;3;1;(15,15);0;0;3;11;0;9;42.0017;11.5829;55.3656;34.8511;15.7983;3.72529;18.5166;11.5519;47.3949;0;0;0;0;0.55;0.000726941
dec-mcts-v2;reward00;1;../logs/prueba/scenario_4D_24t_4r_dec-mcts-v2_reward00_001.log;scenario_4D_24t_4r;24;4;1;(15,15);0;0;4;12;0;12;41.0642;11.2898;51.1463;24.9618;32.3625;15.4944;49.7877;13.4131;129.45;0;0;0;0;0.5;4.16164
dec-mcts-v2;reward00;1;../logs/prueba/scenario_1B_24t_5r_dec-mcts-v2_reward00_001.log;scenario_1B_24t_5r;24;5;1;(15,15);0;0;5;21;0;3;85.7944;4.08501;90.7208;82.073;29.7976;3.14415;32.4794;24.6563;148.988;0;0;0;0;0.875;9.68827
cbaa;reward00;1;../logs/prueba/scenario_3A_12t_3r_cbaa_reward00_001.log;scenario_3A_12t_3r;12;3;1;(15,15);0;0;3;6;0;6;29.761;25.7839;45.3639;0;14.61;16.8673;33.0692;0;43.83;0;0;0;0;0.5;0.000634767
dec-mcts-v2;reward00;1;../logs/prueba/scenario_4D_12t_5r_dec-mcts-v2_reward00_001.log;scenario_4D_12t_5r;12;5;1;(15,15);0;0;5;6;1;5;25.8964;12.2618;44.2761;13.4448;12.0536;7.2326;24.863;7.21109;60.2681;0;0;0;0;0.5;3.46795
greedy;reward00;1;../logs/prueba/scenario_1A_12t_3r_greedy_reward00_001.log;scenario_1A_12t_3r;12;3;1;(15,15);0;0;3;12;0;0;43.3078;0.403558;43.6139;42.8504;16.5388;2.01779;18.0696;14.2522;49.6163;0;0;0;0;1;0.000710321
dec-mcts-v2;reward00;1;../logs/prueba/scenario_2B_12t_3r_dec-mcts-v2_reward00_001.log;scenario_2B_12t_3r;12;3;1;(15,15);0;0;3;7;0;5;54.9382;2.89097;56.6073;51.6;24.9711;11.1032;37.5598;16.5735;74.9132;0;0;0;0;0.583333;1.72712
greedy;reward00;1;../logs/prueba/scenario_1C_20t_4r_greedy_reward00_001.log;scenario_1C_20t_4r;20;4;1;(15,15);0;0;4;17;0;3;45.5021;5.37006;53.4774;42.3104;15.0106;4.09037;19.5518;11.5519;60.0425;0;0;0;0;0.85;0.0010391
cbaa;reward00;1;../logs/prueba/scenario_4D_24t_5r_cbaa_reward00_001.log;scenario_4D_24t_5r;24;5;1;(15,15);0;0;5;10;0;14;19.4152;27.1527;56.3472;0;12.6687;17.4417;34.2329;0;63.3437;0;0;0;0;0.416667;0.00228146
random;reward00;1;../logs/prueba/scenario_2B_12t_2r_random_reward00_001.log;scenario_2B_12t_2r;12;2;1;(15,15);0;0;2;1;0;11;50.8188;0.138172;50.9165;50.7211;17.7652;5.10702;21.3764;14.154;35.5305;0;0;0;0;0.0833333;0.000216537
greedy;reward00;1;../logs/prueba/scenario_1C_12t_3r_greedy_reward00_001.log;scenario_1C_12t_3r;12;3;1;(15,15);0;0;3;9;0;3;32.1712;0.0330049;32.2093;32.1522;10.8561;0.165024;11.0466;10.7608;32.5682;0;0;0;0;0.75;0.00115785
cbaa;reward00;1;../logs/prueba/scenario_1D_12t_2r_cbaa_reward00_001.log;scenario_1D_12t_2r;12;2;1;(15,15);0;0;2;5;0;7;26.7686;37.8565;53.5372;0;8.84295;12.5058;17.6859;0;17.6859;0;0;0;0;0.416667;0.000460303
dec-mcts-v2;reward00;1;../logs/prueba/scenario_3A_24t_2r_dec-mcts-v2_reward00_001.log;scenario_3A_24t_2r;24;2;1;(15,15);0;1;1;11;0;13;83.6068;24.2436;100.75;66.464;28.875;11.8738;37.2711;20.4789;57.75;0;0;0;0;0.458333;3.11476
cbaa;reward00;1;../logs/prueba/scenario_1C_16t_2r_cbaa_reward00_001.log;scenario_1C_16t_2r;16;2;1;(15,15);0;0;2;6;0;10;32.4385;45.8749;64.877;0;12.1924;17.2426;24.3848;0;24.3848;0;0;0;0;0.375;0.000387501
dec-mcts-v2;reward00;1;../logs/prueba/scenario_3C_16t_5r_dec-mcts-v2_reward00_001.log;scenario_3C_16t_5r;16;5;1;(15,15);0;0;5;9;0;7;25.1822;18.65;53.9668;8.91022;17.6537;13.8359;40.7725;6;88.2683;0;0;0;0;0.5625;2.76128
dec-mcts-v2;reward00;1;../logs/prueba/scenario_3A_24t_4r_dec-mcts-v2_reward00_001.log;scenario_3A_24t_4r;24;4;1;(15,15);0;0;4;14;1;9;40.8825;12.945;54.2378;26.1937;27.2377;6.2494;35.9541;21.0824;108.951;0;0;0;0;0.583333;6.47399
dec-mcts-v2;reward00;1;../logs/prueba/scenario_2D_20t_5r_dec-mcts-v2_reward00_001.log;scenario_2D_20t_5r;20;5;1;(15,15);0;0;5;14;0;6;43.5013;21.613;72.4717;14.1498;23.2724;3.57211;26.9664;17.6443;116.362;0;0;0;0;0.7;3.73873
dec-mcts-v1;reward00;1;../logs/prueba/scenario_1C_16t_2r_dec-mcts-v1_reward00_001.log;scenario_1C_16t_2r;16;2;1;(15,15);0;0;2;12;0;4;66.7701;1.88101;68.1002;65.44;28.8504;2.334;30.5008;27.2001;57.7009;0;0;0;0;0.75;1.23405
cbba;reward00;1;../logs/prueba/scenario_3A_12t_5r_cbba_reward00_001.log;scenario_3A_12t_5r;12;5;1;(15,15);0;0;5;7;0;5;15.1469;17.0488;36.0365;2.03652;12.8387;2.62329;16.0492;10.1826;64.1933;0;0;0;0;0.583333;0.00625111
dec-mcts-v2;reward00;1;../logs/prueba/scenario_2C_20t_2r_dec-mcts-v2_reward00_001.log;scenario_2C_20t_2r;20;2;1;(15,15);0;0;2;10;1;9;68.9932;1.66301;70.1691;67.8173;27.0001;5.10271;30.6082;23.3919;54.0001;0;0;0;0;0.5;8.5318
dec-mcts-v1;reward00;1;../logs/prueba/scenario_1D_24t_2r_dec-mcts-v1_reward00_001.log;scenario_1D_24t_2r;24;2;1;(15,15);0;0;2;16;0;8;88.9229;1.86409;90.241;87.6047;37.1143;5.78494;41.2049;33.0237;74.2286;0;0;0;0;0.666667;2.1595
greedy;reward00;1;../logs/prueba/scenario_4D_16t_3r_greedy_reward00_001.log;scenario_4D_16t_3r;16;3;1;(15,15);0;0;3;8;0;8;36.1611;11.6594;49.595;28.6761;17.3149;13.2686;32.5789;8.53732;51.9447;0;0;0;0;0.5;0.000747744
random;reward00;1;../logs/prueba/scenario_2B_20t_3r_random_reward00_001.log;scenario_2B_20t_3r;20;3;1;(15,15);0;0;3;8;0;12;70.7934;0.16226;70.969;70.6489;32.1907;3.1566;34.3287;28.5652;96.5722;0;0;0;0;0.4;0.00063799
greedy;reward00;1;../logs/prueba/scenario_2B_16t_5r_greedy_reward00_001.log;scenario_2B_16t_5r;16;5;1;(15,15);0;0;5;12;0;4;25.7411;5.30499;32.9894;19.421;17.9331;8.48074;27.8995;6;89.6656;0;0;0;0;0.75;0.0010379
dec-mcts-v1;reward00;1;../logs/prueba/scenario_3C_24t_5r_dec-mcts-v1_reward00_001.log;scenario_3C_24t_5r;24;5;1;(15,15);0;0;5;13;0;11;32.7244;10.3227;47.0731;22.1863;29.4475;7.8429;37.0952;18.1959;147.237;0;0;0;0;0.541667;5.52623
random;reward00;1;../logs/prueba/scenario_1C_20t_2r_random_reward00_001.log;scenario_1C_20t_2r;20;2;1;(15,15);0;0;2;12;0;8;65.1209;2.50831;66.8946;63.3473;25.6046;12.5415;34.4728;16.7363;51.2091;0;0;0;0;0.6;0.000541459
dec-mcts-v2;reward00;1;../logs/prueba/scenario_2B_24t_4r_dec-mcts-v2_reward00_001.log;scenario_2B_24t_4r;24;4;1;(15,15);0;0;4;12;0;12;89.6557;6.12269;94.5533;80.7211;39.1939;12.7351;53.1078;23.652;156.776;0;0;0;0;0.5;5.34135
cbba;reward00;1;../logs/prueba/scenario_4A_16t_2r_cbba_reward00_001.log;scenario_4A_16t_2r;16;2;1;(15,15);0;0;2;8;0;8;64.75;0.267918;64.9394;64.5605;25.9723;2.58831;27.8026;24.1421;51.9447;0;0;0;0;0.5;0.00239337
dec-mcts-v2;reward00;1;../logs/prueba/scenario_1B_20t_2r_dec-mcts-v2_reward00_001.log;scenario_1B_20t_2r;20;2;1;(15,15);0;0;2;12;0;8;77.6109;0;77.6109;77.6109;34.2772;5.34221;38.0547;30.4997;68.5543;0;0;0;0;0.6;1.05355
cbaa;reward00;1;../logs/prueba/scenario_4D_20t_3r_cbaa_reward00_001.log;scenario_4D_20t_3r;20;3;1;(15,15);0;0;3;10;0;10;38.1877;35.9692;71.4256;0;17.9805;17.8956;35.79;0;53.9415;0;0;0;0;0.5;0.00119745
greedy;reward00;1;../logs/prueba/scenario_2C_12t_4r_greedy_reward00_001.log;scenario_2C_12t_4r;12;4;1;(15,15);0;0;4;9;0;3;24.7521;3.8198;28.1199;19.3619;12.9347;6.22994;19.3501;6.34727;51.7387;0;0;0;0;0.75;0.000715701
cbaa;reward00;1;../logs/prueba/scenario_1B_20t_4r_cbaa_reward00_001.log;scenario_1B_20t_4r;20;4;1;(15,15);0;0;4;14;0;6;73.7619;0.323202;74.0418;73.482;13.6099;6.12172;20.2092;7.98719;54.4395;0;0;0;0;0.7;0.00132842
cbaa;reward00;1;../logs/prueba/scenario_1D_16t_3r_cbaa_reward00_001.log;scenario_1D_16t_3r;16;3;1;(15,15);0;0;3;6;0;10;21.5626;37.3476;64.6879;0;7.81311;13.5327;23.4393;0;23.4393;0;0;0;0;0.375;0.000484315
greedy;reward00;1;../logs/prueba/scenario_1B_16t_2r_greedy_reward00_001.log;scenario_1B_16t_2r;16;2;1;(15,15);0;0;2;8;0;8;63.5152;0.0915561;63.5799;63.4504;17.5758;0.45778;17.8995;17.2521;35.1516;0;0;0;0;0.5;0.000676431
dec-mcts-v2;reward00;1;../logs/prueba/scenario_3A_16t_3r_dec-mcts-v2_reward00_001.log;scenario_3A_16t_3r;16;3;1;(15,15);0;0;3;8;0;8;22.6734;5.59;27.5984;16.5975;30.9949;6.13169;38.0549;27.0005;92.9848;0;0;0;0;0.5;1.4552
dec-mcts-v2;reward00;1;../logs/prueba/scenario_4D_24t_5r_dec-mcts-v2_reward00_001.log;scenario_4D_24t_5r;24;5;1;(15,15);0;0;5;13;6;5;34.3629;10.9201;48.8427;21.8622;20.1207;6.11601;29.0034;12.3544;100.603;0;0;0;0;0.541667;4.80858
random;reward00;1;../logs/prueba/scenario_1D_24t_2r_random_reward00_001.log;scenario_1D_24t_2r;24;2;1;(15,15);0;0;2;13;0;11;72.7954;6.65206;77.4992;68.0917;38.9772;2.09504;40.4587;37.4958;77.9545;0;0;0;0;0.541667;0.00191504
dec-mcts-v2;reward00;1;../logs/prueba/scenario_1A_16t_5r_dec-mcts-v2_reward00_001.log;scenario_1A_16t_5r;16;5;1;(15,15);0;0;5;15;1;0;37.509;10.3809;47.956;25.956;18.5449;5.69288;24.78;12.78;92.7245;0;0;0;0;0.9375;3.11364
dec-mcts-v1;reward00;1;../logs/prueba/scenario_3C_24t_4r_dec-mcts-v1_reward00_001.log;scenario_3C_24t_4r;24;4;1;(15,15);0;0;4;15;0;9;44.8858;17.5447;60.4432;23.9319;34.3342;6.89822;42.9786;26.5161;137.337;0;0;0;0;0.625;6.14766
greedy;reward00;1;../logs/prueba/scenario_3A_24t_4r_greedy_reward00_001.log;scenario_3A_24t_4r;24;4;1;(15,15);0;0;4;12;0;12;25.3481;4.78843;32.2561;21.8083;15.479;6.2825;23.5776;9.58255;61.9162;0;0;0;0;0.5;0.00133596
dec-mcts-v1;reward00;1;../logs/prueba/scenario_2B_12t_3r_dec-mcts-v1_reward00_001.log;scenario_2B_12t_3r;12;3;1;(15,15);0;0;3;9;0;3;51.613;0.60315;51.9612;50.9165;27.7775;3.00452;30.3773;24.4882;83.3326;0;0;0;0;0.75;1.65185
greedy;reward00;1;../logs/prueba/scenario_1D_24t_3r_greedy_reward00_001.log;scenario_1D_24t_3r;24;3;1;(15,15);0;0;3;18;0;6;63.7444;0.715846;64.5444;63.1642;18.7222;3.57923;22.722;15.8211;56.1667;0;0;0;0;0.75;0.00198311
random;reward00;1;../logs/prueba/scenario_4D_12t_5r_random_reward00_001.log;scenario_4D_12t_5r;12;5;1;(15,15);0;0;5;7;0;5;11.3702;5.05346;18.3158;5.34481;16.7241;11.6665;33.9273;6.34727;83.6207;0;0;0;0;0.583333;0.000750619
greedy;reward00;1;../logs/prueba/scenario_2D_16t_2r_greedy_reward00_001.log;scenario_2D_16t_2r;16;2;1;(15,15);0;0;2;9;0;7;41.1092;10.231;48.3436;33.8747;19.8427;7.25194;24.9706;14.7148;39.6853;0;0;0;0;0.5625;0.000758422
cbba;reward00;1;../logs/prueba/scenario_1D_16t_4r_cbba_reward00_001.log;scenario_1D_16t_4r;16;4;1;(15,15);0;0;4;15;0;1;39.7317;5.08284;42.2731;32.1075;11.1586;0.414214;11.3657;10.5373;44.6346;0;0;0;0;0.9375;0.00295023
dec-mcts-v2;reward00;1;../logs/prueba/scenario_3C_20t_3r_dec-mcts-v2_reward00_001.log;scenario_3C_20t_3r;20;3;1;(15,15);0;0;3;12;0;8;52.5106;8.65151;62.2743;45.7983;31.5272;11.3798;44.6579;24.5254;94.5817;0;0;0;0;0.6;4.70775
cbba;reward00;1;../logs/prueba/scenario_1C_24t_5r_cbba_reward00_001.log;scenario_1C_24t_5r;24;5;1;(15,15);0;0;5;20;0;4;42.0275;18.9912;62.3211;21.5211;10.1377;1.58427;11.6055;7.60552;50.6886;0;0;0;0;0.833333;0.00798471
dec-mcts-v2;reward00;1;../logs/prueba/scenario_2D_24t_5r_dec-mcts-v2_reward00_001.log;scenario_2D_24t_5r;24;5;1;(15,15);0;0;5;18;0;6;49.0352;16.9077;76.1668;32.841;27.0661;9.94488;40.5469;15.2805;135.331;0;0;0;0;0.75;6.99769
dec-mcts-v2;reward00;1;../logs/prueba/scenario_2B_24t_5r_dec-mcts-v2_reward00_001.log;scenario_2B_24t_5r;24;5;1;(15,15);0;0;5;17;0;7;73.4161;5.47477;81.7211;69.4357;30.6839;9.54606;44.5581;20.1866;153.42;0;0;0;0;0.708333;7.72662
cbaa;reward00;1;../logs/prueba/scenario_1D_20t_3r_cbaa_reward00_001.log;scenario_1D_20t_3r;20;3;1;(15,15);0;0;3;7;0;13;24.8446;43.0321;74.5337;0;7.55618;13.0877;22.6685;0;22.6685;0;0;0;0;0.35;0.000573185
random;reward00;1;../logs/prueba/scenario_3C_24t_2r_random_reward00_001.log;scenario_3C_24t_2r;24;2;1;(15,15);0;1;1;8;0;16;53.9517;14.7069;64.351;43.5523;37.7116;12.2359;46.3637;29.0596;75.4233;0;0;0;0;0.333333;0.000746971
random;reward00;1;../logs/prueba/scenario_2B_24t_4r_random_reward00_001.log;scenario_2B_24t_4r;24;4;1;(15,15);0;0;4;3;0;21;80.8583;0.176612;81;80.6;11.6601;5.16938;17.8177;6;46.6403;0;0;0;0;0.125;0.000400661
dec-mcts-v2;reward00;1;../logs/prueba/scenario_1A_12t_5r_dec-mcts-v2_reward00_001.log;scenario_1A_12t_5r;12;5;1;(15,15);0;0;5;12;0;0;29.1641;21.7738;59.5071;13.4422;15.8205;10.8713;32.5357;7.21109;79.1024;0;0;0;0;1;2.01547
greedy;reward00;1;../logs/prueba/scenario_1B_12t_5r_greedy_reward00_001.log;scenario_1B_12t_5r;12;5;1;(15,15);0;0;5;12;0;0;47.406;5.54969;53.4757;42.8504;15.6047;4.70655;18.0696;7.21109;78.0235;0;0;0;0;1;0.000889825
dec-mcts-v1;reward00;1;../logs/prueba/scenario_1C_20t_2r_dec-mcts-v1_reward00_001.log;scenario_1C_20t_2r;20;2;1;(15,15);0;0;2;14;0;6;77.7716;2.46957;79.5178;76.0253;31.3579;1.74126;32.5892;30.1267;62.7158;0;0;0;0;0.7;1.64964
cbba;reward00;1;../logs/prueba/scenario_2C_16t_5r_cbba_reward00_001.log;scenario_2C_16t_5r;16;5;1;(15,15);0;0;5;10;0;6;16.3427;10.0287;26.6269;2.21493;10.8931;5.73444;20.0251;6;54.4655;0;0;0;0;0.625;0.004902
greedy;reward00;1;../logs/prueba/scenario_2D_24t_2r_greedy_reward00_001.log;scenario_2D_24t_2r;24;2;1;(15,15);0;1;1;11;0;13;62.8191;10.9596;70.5687;55.0695;20.4678;10.8838;28.1638;12.7719;40.9357;0;0;0;0;0.458333;0.00103375
dec-mcts-v1;reward00;1;../logs/prueba/scenario_4D_16t_3r_dec-mcts-v1_reward00_001.log;scenario_4D_16t_3r;16;3;1;(15,15);0;0;3;8;0;8;28.9698;9.8604;38.3586;18.6973;32.9327;12.8808;43.5694;18.6109;98.7981;0;0;0;0;0.5;1.71249
greedy;reward00;1;../logs/prueba/scenario_2D_12t_3r_greedy_reward00_001.log;scenario_2D_12t_3r;12;3;1;(15,15);0;0;3;6;0;6;23.048;10.4382;35.0323;15.9434;15.6129;5.07092;19.1107;9.79726;46.8387;0;0;0;0;0.5;0.000569197
cbaa;reward00;1;../logs/prueba/scenario_2C_12t_5r_cbaa_reward00_001.log;scenario_2C_12t_5r;12;5;1;(15,15);0;0;5;9;0;3;20.9344;23.9984;56.4884;0;8.26463;8.39897;19.8016;0;41.3231;0;0;0;0;0.75;0.00111129
cbba;reward00;1;../logs/prueba/scenario_4A_20t_5r_cbba_reward00_001.log;scenario_4A_20t_5r;20;5;1;(15,15);0;0;5;11;0;9;28.5811;10.0671;41.3904;18.8126;15.0836;6.89744;25.0999;9.98106;75.4182;0;0;0;0;0.55;0.0144322
random;reward00;1;../logs/prueba/scenario_4D_24t_3r_random_reward00_001.log;scenario_4D_24t_3r;24;3;1;(15,15);0;0;3;11;0;13;39.183;8.65608;49.1512;33.5635;39.3368;15.4475;49.5692;21.5676;118.01;0;0;0;0;0.458333;0.000882491
dec-mcts-v1;reward00;1;../logs/prueba/scenario_2D_24t_3r_dec-mcts-v1_reward00_001.log;scenario_2D_24t_3r;24;3;1;(15,15);0;0;3;17;0;7;50.9801;19.9262;68.289;29.1972;48.9774;14.029;57.5583;32.7879;146.932;0;0;0;0;0.708333;3.99511
random;reward00;1;../logs/prueba/scenario_1D_24t_4r_random_reward00_001.log;scenario_1D_24t_4r;24;4;1;(15,15);0;0;4;17;0;7;47.8461;4.92201;55.1658;44.5006;26.7307;3.27254;29.6762;22.5032;106.923;0;0;0;0;0.708333;0.00127908
cbaa;reward00;1;../logs/prueba/scenario_1A_20t_2r_cbaa_reward00_001.log;scenario_1A_20t_2r;20;2;1;(15,15);0;0;2;14;0;6;73.3142;0.237297;73.482;73.1464;16.5712;1.18648;17.4102;15.7322;33.1424;0;0;0;0;0.7;0.000888587
dec-mcts-v1;reward00;1;../logs/prueba/scenario_3A_24t_2r_dec-mcts-v1_reward00_001.log;scenario_3A_24t_2r;24;2;1;(15,15);0;0;2;11;0;13;94.1844;4.23829;97.1813;91.1874;29.0588;14.8759;39.5776;18.54;58.1176;0;0;0;0;0.458333;3.6739
cbaa;reward00;1;../logs/prueba/scenario_4D_20t_4r_cbaa_reward00_001.log;scenario_4D_20t_4r;20;4;1;(15,15);0;0;4;7;0;13;37.1604;42.9092;74.3363;0;9.88278;11.7971;23.4287;0;39.5311;0;0;0;0;0.35;0.000878847
random;reward00;1;../logs/prueba/scenario_3A_16t_5r_random_reward00_001.log;scenario_3A_16t_5r;16;5;1;(15,15);0;0;5;7;0;9;20.384;8.17016;33.5435;13.4194;20.9857;11.2586;35.6335;10;104.928;0;0;0;0;0.4375;0.000779513
dec-mcts-v1;reward00;1;../logs/prueba/scenario_1A_20t_4r_dec-mcts-v1_reward00_001.log;scenario_1A_20t_4r;20;4;1;(15,15);0;0;4;20;0;0;61.7106;12.6002;73.8317;48.5357;24.8029;5.9549;30.2382;17.6786;99.2116;0;0;0;0;1;4.82017
random;reward00;1;../logs/prueba/scenario_1D_20t_2r_random_reward00_001.log;scenario_1D_20t_2r;20;2;1;(15,15);0;0;2;12;0;8;66.9485;0.336933;67.1868;66.7103;34.7427;1.68466;35.934;33.5515;69.4855;0;0;0;0;0.6;0.000567226
greedy;reward00;1;../logs/prueba/scenario_4D_12t_4r_greedy_reward00_001.log;scenario_4D_12t_4r;12;4;1;(15,15);0;0;4;9;0;3;32.4176;9.21081;40.5912;22.0022;12.0113;3.6433;17.2945;8.94309;48.045;0;0;0;0;0.75;0.000564644
cbba;reward00;1;../logs/prueba/scenario_4A_24t_4r_cbba_reward00_001.log;scenario_4A_24t_4r;24;4;1;(15,15);0;0;4;17;0;7;47.0371;17.2079;71.9556;32.4915;15.0576;5.84863;23.6104;11;60.2305;0;0;0;0;0.708333;0.00931355
cbaa;reward00;1;../logs/prueba/scenario_2A_20t_5r_cbaa_reward00_001.log;scenario_2A_20t_5r;20;5;1;(15,15);0;1;4;11;1;8;21.2739;30.3288;65.1221;0;6.95757;9.67393;19.7689;0;34.7878;0;0;0;0;0.55;0.00154479
greedy;reward00;1;../logs/prueba/scenario_3C_20t_2r_greedy_reward00_001.log;scenario_3C_20t_2r;20;2;1;(15,15);0;1;1;10;0;10;42.322;4.08604;45.2112;39.4327;20.1615;12.4308;28.9514;11.3716;40.3229;0;0;0;0;0.5;0.000818024
dec-mcts-v2;reward00;1;../logs/prueba/scenario_4D_12t_4r_dec-mcts-v2_reward00_001.log;scenario_4D_12t_4r;12;4;1;(15,15);0;0;4;7;0;5;23.1174;14.1943;38.0734;9.83862;17.4193;12.1237;30.3973;6;69.6772;0;0;0;0;0.583333;1.54285
dec-mcts-v1;reward00;1;../logs/prueba/scenario_4D_12t_2r_dec-mcts-v1_reward00_001.log;scenario_4D_12t_2r;12;2;1;(15,15);0;0;2;6;0;6;40.3953;0.664413;40.8651;39.9255;34.1722;0.86876;34.7866;33.5579;68.3445;0;0;0;0;0.5;0.907046
dec-mcts-v1;reward00;1;../logs/prueba/scenario_2C_12t_4r_dec-mcts-v1_reward00_001.log;scenario_2C_12t_4r;12;4;1;(15,15);0;0;4;4;0;8;27.8831;32.0876;73.6443;4.95665;13.6024;4.18752;18.2096;9.78324;54.4097;0;0;0;0;0.333333;2.15162
dec-mcts-v2;reward00;1;../logs/prueba/scenario_1C_20t_2r_dec-mcts-v2_reward00_001.log;scenario_1C_20t_2r;20;2;1;(15,15);0;0;2;14;0;6;77.746;1.75436;78.9865;76.5055;33.73;1.70073;34.9326;32.5274;67.4599;0;0;0;0;0.7;1.57167
random;reward00;1;../logs/prueba/scenario_3A_24t_4r_random_reward00_001.log;scenario_3A_24t_4r;24;4;1;(15,15);0;0;4;12;0;12;40.2281;3.97998;44.6627;35.6407;34.9233;2.46568;37.8407;32.3304;139.693;0;0;0;0;0.5;0.00130021
cbba;reward00;1;../logs/prueba/scenario_1D_16t_5r_cbba_reward00_001.log;scenario_1D_16t_5r;16;5;1;(15,15);0;0;5;16;0;0;34.1269;11.1556;42.2731;21.7075;10.6344;1.22595;11.3657;8.53732;53.1719;0;0;0;0;1;0.00528149
cbaa;reward00;1;../logs/prueba/scenario_2A_20t_4r_cbaa_reward00_001.log;scenario_2A_20t_4r;20;4;1;(15,15);0;0;4;12;0;8;30.0068;36.024;72.0875;0;9.56581;11.1347;20.8531;0;38.2632;0;0;0;0;0.6;0.00105405
dec-mcts-v1;reward00;1;../logs/prueba/scenario_2C_16t_4r_dec-mcts-v1_reward00_001.log;scenario_2C_16t_4r;16;4;1;(15,15);0;0;4;7;1;8;28.563;5.23416;34.528;22.583;19.6779;3.85532;24.3234;16;78.7117;0;0;0;0;0.4375;2.37521
dec-mcts-v2;reward00;1;../logs/prueba/scenario_1C_16t_2r_dec-mcts-v2_reward00_001.log;scenario_1C_16t_2r;16;2;1;(15,15);0;0;2;12;0;4;67.6053;1.2967;68.5222;66.6884;30.5264;2.94796;32.6109;28.4419;61.0528;0;0;0;0;0.75;1.18188
cbaa;reward00;1;../logs/prueba/scenario_2D_16t_2r_cbaa_reward00_001.log;scenario_2D_16t_2r;16;2;1;(15,15);0;0;2;6;0;10;23.3091;32.964;46.6181;0;14.0142;19.8191;28.0285;0;28.0285;0;0;0;0;0.375;0.000664654
dec-mcts-v1;reward00;1;../logs/prueba/scenario_1B_24t_5r_dec-mcts-v1_reward00_001.log;scenario_1B_24t_5r;24;5;1;(15,15);0;0;5;23;0;1;89.0557;3.58078;91.1708;82.7211;35.2104;5.33369;42.0002;27.1123;176.052;0;0;0;0;0.958333;7.73718
cbba;reward00;1;../logs/prueba/scenario_1B_12t_4r_cbba_reward00_001.log;scenario_1B_12t_4r;12;4;1;(15,15);0;0;4;12;0;0;54.0998;0.161022;54.2392;53.9603;18.109;3.52597;21.1961;14.2522;72.4359;0;0;0;0;1;0.00480355
dec-mcts-v1;reward00;1;../logs/prueba/scenario_4D_24t_2r_dec-mcts-v1_reward00_001.log;scenario_4D_24t_2r;24;2;1;(15,15);0;0;2;9;0;15;54.6918;20.6869;69.3197;40.064;57.4623;14.9165;68.0099;46.9147;114.925;0;0;0;0;0.375;2.44279
dec-mcts-v2;reward00;1;../logs/prueba/scenario_1D_16t_3r_dec-mcts-v2_reward00_001.log;scenario_1D_16t_3r;16;3;1;(15,15);0;0;3;15;0;1;56.4993;10.1292;64.5359;45.1217;22.4967;6.79873;29.2022;15.6084;67.49;0;0;0;0;0.9375;1.71055
dec-mcts-v1;reward00;1;../logs/prueba/scenario_4A_24t_4r_dec-mcts-v1_reward00_001.log;scenario_4A_24t_4r;24;4;1;(15,15);0;0;4;15;0;9;41.9901;7.91431;49.9261;31.1819;30.3971;9.01445;43.6087;23.2821;121.588;0;0;0;0;0.625;4.44154
cbba;reward00;1;../logs/prueba/scenario_3C_24t_2r_cbba_reward00_001.log;scenario_3C_24t_2r;24;2;1;(15,15);0;1;1;11;0;13;71.2185;8.3179;77.1001;65.3368;25.9405;2.19704;27.494;24.3869;51.881;0;0;0;0;0.458333;0.00262196
dec-mcts-v2;reward00;1;../logs/prueba/scenario_2C_16t_3r_dec-mcts-v2_reward00_001.log;scenario_2C_16t_3r;16;3;1;(15,15);0;0;3;11;1;4;46.3881;15.1609;56.0569;28.9149;25.7939;3.09682;29.3257;23.5432;77.3816;0;0;0;0;0.6875;1.79598
cbba;reward00;1;../logs/prueba/scenario_2D_24t_4r_cbba_reward00_001.log;scenario_2D_24t_4r;24;4;1;(15,15);0;0;4;16;0;8;60.8414;8.26296;70.3048;53.1199;13.6573;3.8638;19.3759;11.0652;54.6291;0;0;0;0;0.666667;0.0068229
dec-mcts-v1;reward00;1;../logs/prueba/scenario_2D_12t_5r_dec-mcts-v1_reward00_001.log;scenario_2D_12t_5r;12;5;1;(15,15);0;0;5;8;0;4;21.8323;11.4736;30.9755;2;15.1469;7.13926;23.886;6.34727;75.7347;0;0;0;0;0.666667;2.08974
cbba;reward00;1;../logs/prueba/scenario_4A_20t_4r_cbba_reward00_001.log;scenario_4A_20t_4r;20;4;1;(15,15);0;0;4;11;0;9;25.5834;18.5755;53.0525;12.0976;16.3038;7.01006;23.4363;9.98106;65.2153;0;0;0;0;0.55;0.00630561
cbaa;reward00;1;../logs/prueba/scenario_2B_20t_2r_cbaa_reward00_001.log;scenario_2B_20t_2r;20;2;1;(15,15);0;1;1;6;0;14;67.4641;5.00045;71;63.9283;23.7498;2.72376;25.6758;21.8238;47.4996;0;0;0;0;0.3;0.000958451
dec-mcts-v1;reward00;1;../logs/prueba/scenario_3C_24t_2r_dec-mcts-v1_reward00_001.log;scenario_3C_24t_2r;24;2;1;(15,15);0;0;2;9;0;15;69.3333;8.99824;75.696;62.9706;36.2626;3.57181;38.7882;33.7369;72.5252;0;0;0;0;0.375;2.78554
cbba;reward00;1;../logs/prueba/scenario_1B_12t_3r_cbba_reward00_001.log;scenario_1B_12t_3r;12;3;1;(15,15);0;0;3;8;0;4;53.2998;2.06402;54.4915;50.9165;15.3414;6.63881;22.4575;9.31461;46.0243;0;0;0;0;0.666667;0.00244468
greedy;reward00;1;../logs/prueba/scenario_2A_12t_4r_greedy_reward00_001.log;scenario_2A_12t_4r;12;4;1;(15,15);0;0;4;11;0;1;33.3426;10.4706;46.6818;24.4368;13.1406;6.29265;19.3501;6.34727;52.5625;0;0;0;0;0.916667;0.000600847
dec-mcts-v2;reward00;1;../logs/prueba/scenario_2B_24t_2r_dec-mcts-v2_reward00_001.log;scenario_2B_24t_2r;24;2;1;(15,15);0;0;2;11;0;13;87.108;9.03242;93.4949;80.7211;43.3617;4.96131;46.8699;39.8536;86.7235;0;0;0;0;0.458333;1.3887
random;reward00;1;../logs/prueba/scenario_4D_20t_4r_random_reward00_001.log;scenario_4D_20t_4r;20;4;1;(15,15);0;0;4;10;0;10;36.7373;7.60479;46.5364;29.2942;26.9735;7.48761;32.877;16.0657;107.894;0;0;0;0;0.5;0.00087167
dec-mcts-v1;reward00;1;../logs/prueba/scenario_2D_16t_2r_dec-mcts-v1_reward00_001.log;scenario_2D_16t_2r;16;2;1;(15,15);0;0;2;8;0;8;59.1195;8.64036;65.2291;53.0098;40.3427;7.36055;45.5474;35.138;80.6854;0;0;0;0;0.5;1.32795
greedy;reward00;1;../logs/prueba/scenario_2A_20t_3r_greedy_reward00_001.log;scenario_2A_20t_3r;20;3;1;(15,15);0;0;3;14;0;6;57.2812;14.0966;73.5512;48.7193;17.1352;4.57999;20.3425;11.8899;51.4055;0;0;0;0;0.7;0.00096143
cbba;reward00;1;../logs/prueba/scenario_2B_16t_5r_cbba_reward00_001.log;scenario_2B_16t_5r;16;5;1;(15,15);0;0;5;13;0;3;52.562;5.66739;58.767;48.1199;16.2136;5.7782;19.9031;6;81.0678;0;0;0;0;0.8125;0.0103268
dec-mcts-v2;reward00;1;../logs/prueba/scenario_3C_12t_3r_dec-mcts-v2_reward00_001.log;scenario_3C_12t_3r;12;3;1;(15,15);0;0;3;7;0;5;28.0103;4.26678;32.4505;23.9412;20.2667;3.67338;24.4029;17.3846;60.8;0;0;0;0;0.583333;1.63476
cbba;reward00;1;../logs/prueba/scenario_1D_12t_3r_cbba_reward00_001.log;scenario_1D_12t_3r;12;3;1;(15,15);0;0;3;9;0;3;32.4496;10.6123;43.18;21.9595;12.248;3.22388;15.9;9.79726;36.7439;0;0;0;0;0.75;0.00116981
cbba;reward00;1;../logs/prueba/scenario_4D_24t_5r_cbba_reward00_001.log;scenario_4D_24t_5r;24;5;1;(15,15);0;0;5;16;0;8;37.8029;8.45914;49.5165;25.8075;16.4476;4.21064;20.1274;11.2462;82.2378;0;0;0;0;0.666667;0.0174897
greedy;reward00;1;../logs/prueba/scenario_4D_12t_3r_greedy_reward00_001.log;scenario_4D_12t_3r;12;3;1;(15,15);0;0;3;7;0;5;33.1195;5.87363;39.6748;28.3351;14.6209;4.77294;18.5638;9.31461;43.8626;0;0;0;0;0.583333;0.000640548
random;reward00;1;../logs/prueba/scenario_1A_20t_5r_random_reward00_001.log;scenario_1A_20t_5r;20;5;1;(15,15);0;0;5;20;0;0;44.7253;1.08393;46.6023;43.9691;23.6267;5.41963;33.0115;19.8453;118.134;0;0;0;0;1;0.000926009
dec-mcts-v1;reward00;1;../logs/prueba/scenario_4D_24t_3r_dec-mcts-v1_reward00_001.log;scenario_4D_24t_3r;24;3;1;(15,15);0;0;3;12;0;12;70.5225;10.612;77.0602;58.2782;33.5874;15.1845;48.2069;17.8948;100.762;0;0;0;0;0.5;3.79512
random;reward00;1;../logs/prueba/scenario_4A_16t_5r_random_reward00_001.log;scenario_4A_16t_5r;16;5;1;(15,15);0;0;5;11;0;5;27.0906;8.26458;41.6613;22.0441;22.007;8.47433;33.4958;12.78;110.035;0;0;0;0;0.6875;0.00132536
cbba;reward00;1;../logs/prueba/scenario_4D_16t_5r_cbba_reward00_001.log;scenario_4D_16t_5r;16;5;1;(15,15);0;0;5;9;0;7;26.0282;13.2913;45.6427;14.2936;12.7411;3.38382;17.6084;8.53732;63.7056;0;0;0;0;0.5625;0.00602003
dec-mcts-v1;reward00;1;../logs/prueba/scenario_2C_16t_3r_dec-mcts-v1_reward00_001.log;scenario_2C_16t_3r;16;3;1;(15,15);0;0;3;12;0;4;41.1362;31.1601;69.8301;7.98902;33.7818;10.6371;43.7894;22.6109;101.345;0;0;0;0;0.75;1.53711
cbba;reward00;1;../logs/prueba/scenario_2B_20t_5r_cbba_reward00_001.log;scenario_2B_20t_5r;20;5;1;(15,15);0;0;5;13;0;7;49.8706;9.06415;55.6321;33.9746;14.6374;3.96987;21.6634;11.8899;73.1869;0;0;0;0;0.65;0.0129777
cbaa;reward00;1;../logs/prueba/scenario_1C_16t_4r_cbaa_reward00_001.log;scenario_1C_16t_4r;16;4;1;(15,15);0;0;4;9;0;7;23.9633;30.5164;63.6874;0;7.31631;9.00106;18.4368;0;29.2652;0;0;0;0;0.5625;0.000913427
cbaa;reward00;1;../logs/prueba/scenario_4D_16t_5r_cbaa_reward00_001.log;scenario_4D_16t_5r;16;5;1;(15,15);0;0;5;12;0;4;29.5309;27.2172;53.5483;0;11.0039;10.2048;20.9741;0;55.0193;0;0;0;0;0.75;0.00138167
random;reward00;1;../logs/prueba/scenario_3C_24t_5r_random_reward00_001.log;scenario_3C_24t_5r;24;5;1;(15,15);0;0;5;13;0;11;38.2039;6.15223;45.8508;31.8178;31.2675;20.5596;66.4236;15.7779;156.337;0;0;0;0;0.541667;0.00125836
cbaa;reward00;1;../logs/prueba/scenario_2C_16t_4r_cbaa_reward00_001.log;scenario_2C_16t_4r;16;4;1;(15,15);0;0;4;9;0;7;28.0485;32.3876;56.1253;0;7.80419;9.01151;15.6084;0;31.2168;0;0;0;0;0.5625;0.00153566
cbba;reward00;1;../logs/prueba/scenario_4A_12t_2r_cbba_reward00_001.log;scenario_4A_12t_2r;12;2;1;(15,15);0;0;2;9;0;3;60.04;3.20837;62.3087;57.7714;26.2434;7.13656;31.2897;21.1971;52.4869;0;0;0;0;0.75;0.00197755
cbba;reward00;1;../logs/prueba/scenario_2D_12t_2r_cbba_reward00_001.log;scenario_2D_12t_2r;12;2;1;(15,15);0;0;2;7;0;5;44.1493;15.7029;55.2529;33.0457;16.8351;1.20328;17.6859;15.9842;33.6701;0;0;0;0;0.583333;0.00101976
cbaa;reward00;1;../logs/prueba/scenario_3C_24t_3r_cbaa_reward00_001.log;scenario_3C_24t_3r;24;3;1;(15,15);0;1;2;4;2;18;35.1064;32.4694;64.0578;0;9.14441;8.72054;17.368;0;27.4332;0;0;0;0;0.166667;0.000784231
dec-mcts-v1;reward00;1;../logs/prueba/scenario_1D_20t_4r_dec-mcts-v1_reward00_001.log;scenario_1D_20t_4r;20;4;1;(15,15);0;0;4;20;0;0;59.3308;2.10338;61.1422;56.8893;30.4038;6.6918;35.7111;21.308;121.615;0;0;0;0;1;5.09369
cbba;reward00;1;../logs/prueba/scenario_2C_12t_4r_cbba_reward00_001.log;scenario_2C_12t_4r;12;4;1;(15,15);0;0;4;6;0;6;15.8517;19.0056;43.9299;2.15216;12.965;4.84311;17.5505;7.21109;51.8599;0;0;0;0;0.5;0.00308717
cbba;reward00;1;../logs/prueba/scenario_1A_12t_4r_cbba_reward00_001.log;scenario_1A_12t_4r;12;4;1;(15,15);0;0;4;12;0;0;32.3896;16.8203;53.1968;12;11.9479;2.72688;15.9842;10;47.7916;0;0;0;0;1;0.00283425
cbaa;reward00;1;../logs/prueba/scenario_2D_24t_3r_cbaa_reward00_001.log;scenario_2D_24t_3r;24;3;1;(15,15);0;0;3;11;0;13;43.4739;5.9632;49.9743;38.2569;15.7193;4.14766;19.9;11.6055;47.1579;0;0;0;0;0.458333;0.00143981
random;reward00;1;../logs/prueba/scenario_2D_24t_4r_random_reward00_001.log;scenario_2D_24t_4r;24;4;1;(15,15);0;0;4;17;0;7;45.64;7.15629;55.4028;38.6134;28.4243;12.0807;45.057;17.6854;113.697;0;0;0;0;0.708333;0.00122697
cbaa;reward00;1;../logs/prueba/scenario_1C_24t_2r_cbaa_reward00_001.log;scenario_1C_24t_2r;24;2;1;(15,15);0;0;2;8;0;16;42.4377;60.0159;84.8753;0;12.1883;17.2369;24.3766;0;24.3766;0;0;0;0;0.333333;0.00105405
dec-mcts-v2;reward00;1;../logs/prueba/scenario_1C_16t_4r_dec-mcts-v2_reward00_001.log;scenario_1C_16t_4r;16;4;1;(15,15);0;0;4;16;0;0;48.7958;6.79406;57.389;41.005;23.979;2.951;26.9451;20.0251;95.9162;0;0;0;0;1;2.46066
cbba;reward00;1;../logs/prueba/scenario_2D_16t_5r_cbba_reward00_001.log;scenario_2D_16t_5r;16;5;1;(15,15);0;0;5;9;0;7;18.8234;19.1382;52.73;7.35838;10.6344;1.22595;11.3657;8.53732;53.1719;0;0;0;0;0.5625;0.00505868
cbaa;reward00;1;../logs/prueba/scenario_3C_16t_5r_cbaa_reward00_001.log;scenario_3C_16t_5r;16;5;1;(15,15);0;1;4;7;0;9;17.1018;23.6392;47.3218;0;7.29117;11.2718;25.6274;0;36.4558;0;0;0;0;0.4375;0.00103981
greedy;reward00;1;../logs/prueba/scenario_3A_12t_3r_greedy_reward00_001.log;scenario_3A_12t_3r;12;3;1;(15,15);0;0;3;9;0;3;22.0801;10.8225;34.3446;13.8712;15.9303;5.3628;21.4675;10.7608;47.7908;0;0;0;0;0.75;0.00058307
dec-mcts-v1;reward00;1;../logs/prueba/scenario_1C_24t_5r_dec-mcts-v1_reward00_001.log;scenario_1C_24t_5r;24;5;1;(15,15);0;0;5;23;0;1;55.9505;15.2813;83.217;47.3637;23.7524;7.26296;36.0849;16.8183;118.762;0;0;0;0;0.958333;6.59137
cbaa;reward00;1;../logs/prueba/scenario_2A_12t_2r_cbaa_reward00_001.log;scenario_2A_12t_2r;12;2;1;(15,15);0;0;2;4;0;8;27.9014;39.4585;55.8027;0;15.8897;22.4714;31.7793;0;31.7793;0;0;0;0;0.333333;0.00083006
cbba;reward00;1;../logs/prueba/scenario_1D_20t_4r_cbba_reward00_001.log;scenario_1D_20t_4r;20;4;1;(15,15);0;0;4;17;0;3;45.4196;21.6128;74.0444;21.5494;14.5978;5.80539;20.222;7.74686;58.3914;0;0;0;0;0.85;0.00660552
dec-mcts-v1;reward00;1;../logs/prueba/scenario_3C_12t_3r_dec-mcts-v1_reward00_001.log;scenario_3C_12t_3r;12;3;1;(15,15);0;0;3;7;1;4;37.5223;19.8358;49.3962;14.6231;19.9128;11.3828;32.654;10.7468;59.7384;0;0;0;0;0.583333;1.75526
cbba;reward00;1;../logs/prueba/scenario_3C_24t_3r_cbba_reward00_001.log;scenario_3C_24t_3r;24;3;1;(15,15);0;1;2;16;0;8;65.4383;14.1658;81.7708;56.4928;22.9439;5.51447;27.5079;16.8166;68.8318;0;0;0;0;0.666667;0.0103646
cbaa;reward00;1;../logs/prueba/scenario_1B_20t_2r_cbaa_reward00_001.log;scenario_1B_20t_2r;20;2;1;(15,15);0;0;2;12;0;8;73.6878;0;73.6878;73.6878;17.9247;0.727656;18.4392;17.4102;35.8494;0;0;0;0;0.6;0.000788284
random;reward00;1;../logs/prueba/scenario_1B_24t_5r_random_reward00_001.log;scenario_1B_24t_5r;24;5;1;(15,15);0;0;5;15;0;9;82.3407;3.38201;88.3826;80.6;27.2211;14.2355;44.6893;10.5825;136.106;0;0;0;0;0.625;0.0011533
cbaa;reward00;1;../logs/prueba/scenario_4D_24t_3r_cbaa_reward00_001.log;scenario_4D_24t_3r;24;3;1;(15,15);0;1;2;7;3;14;23.9106;41.4143;71.7317;0;7.98598;13.8321;23.9579;0;23.9579;0;0;0;0;0.291667;0.000739484
dec-mcts-v1;reward00;1;../logs/prueba/scenario_2D_12t_4r_dec-mcts-v1_reward00_001.log;scenario_2D_12t_4r;12;4;1;(15,15);0;0;4;8;0;4;27.8795;17.1796;42.9464;3.55599;19.2491;11.3079;34.595;9.02878;76.9964;0;0;0;0;0.666667;2.36997
greedy;reward00;1;../logs/prueba/scenario_3A_12t_5r_greedy_reward00_001.log;scenario_3A_12t_5r;12;5;1;(15,15);0;0;5;8;0;4;19.438;8.29703;30.4449;10.5481;11.2275;4.63287;17.2945;6.34727;56.1377;0;0;0;0;0.666667;0.000629001
greedy;reward00;1;../logs/prueba/scenario_3A_24t_5r_greedy_reward00_001.log;scenario_3A_24t_5r;24;5;1;(15,15);0;0;5;12;0;12;35.5292;9.62023;45.014;22.2031;15.1939;6.52083;22.9415;7.60552;75.9696;0;0;0;0;0.5;0.00123296
cbba;reward00;1;../logs/prueba/scenario_4D_24t_3r_cbba_reward00_001.log;scenario_4D_24t_3r;24;3;1;(15,15);0;0;3;17;0;7;46.5813;1.51134;48.3239;45.6282;19.6566;11.9195;33.3495;11.6055;58.9697;0;0;0;0;0.708333;0.00497808
cbba;reward00;1;../logs/prueba/scenario_2D_12t_4r_cbba_reward00_001.log;scenario_2D_12t_4r;12;4;1;(15,15);0;0;4;7;0;5;19.8997;18.2528;46.3309;4.97894;13.2674;3.49863;17.4459;9.79726;53.0697;0;0;0;0;0.583333;0.00464525
dec-mcts-v1;reward00;1;../logs/prueba/scenario_4D_20t_4r_dec-mcts-v1_reward00_001.log;scenario_4D_20t_4r;20;4;1;(15,15);0;0;4;10;0;10;38.1871;13.93;56.1521;22.2476;28.1625;12.7342;47.1509;19.8812;112.65;0;0;0;0;0.5;5.18787
dec-mcts-v2;reward00;1;../logs/prueba/scenario_1A_16t_2r_dec-mcts-v2_reward00_001.log;scenario_1A_16t_2r;16;2;1;(15,15);0;0;2;12;0;4;68.8121;2.59045;70.6439;66.9804;26.5607;2.34567;28.2193;24.902;53.1213;0;0;0;0;0.75;2.05936
dec-mcts-v1;reward00;1;../logs/prueba/scenario_2B_20t_3r_dec-mcts-v1_reward00_001.log;scenario_2B_20t_3r;20;3;1;(15,15);0;0;3;9;0;11;81.2508;0.98851;82.2432;80.2662;25.2496;7.37572;31.9878;17.3695;75.7487;0;0;0;0;0.45;2.65911
random;reward00;1;../logs/prueba/scenario_4D_16t_3r_random_reward00_001.log;scenario_4D_16t_3r;16;3;1;(15,15);0;0;3;9;0;7;38.3699;2.37275;41.0818;36.6763;23.6897;7.07278;31.4513;17.6084;71.0691;0;0;0;0;0.5625;0.000565028
dec-mcts-v2;reward00;1;../logs/prueba/scenario_1D_24t_4r_dec-mcts-v2_reward00_001.log;scenario_1D_24t_4r;24;4;1;(15,15);0;0;4;23;0;1;67.2508;18.4653;79.6106;39.8706;31.2542;8.18478;38.0531;19.3532;125.017;0;0;0;0;0.958333;4.32176
random;reward00;1;../logs/prueba/scenario_4D_12t_2r_random_reward00_001.log;scenario_4D_12t_2r;12;2;1;(15,15);0;0;2;5;0;7;53.747;2.4615;55.4876;52.0065;23.7305;20.7914;38.4322;9.02878;47.461;0;0;0;0;0.416667;0.000374645
cbba;reward00;1;../logs/prueba/scenario_1C_20t_4r_cbba_reward00_001.log;scenario_1C_20t_4r;20;4;1;(15,15);0;0;4;17;0;3;44.8999;9.46057;52.378;32.6086;11.9996;0.715691;13.0428;11.5139;47.9986;0;0;0;0;0.85;0.00392193
cbaa;reward00;1;../logs/prueba/scenario_1D_16t_4r_cbaa_reward00_001.log;scenario_1D_16t_4r;16;4;1;(15,15);0;0;4;11;0;5;29.3023;34.0889;63.6874;0;9.0113;10.4108;18.4368;0;36.0452;0;0;0;0;0.6875;0.000889585
dec-mcts-v2;reward00;1;../logs/prueba/scenario_1B_20t_4r_dec-mcts-v2_reward00_001.log;scenario_1B_20t_4r;20;4;1;(15,15);0;0;4;16;0;4;75.1754;6.83003;81.535;68.2884;30.9241;12.8098;47.6749;17.2965;123.697;0;0;0;0;0.8;5.45032
cbaa;reward00;1;../logs/prueba/scenario_3C_24t_4r_cbaa_reward00_001.log;scenario_3C_24t_4r;24;4;1;(15,15);0;1;3;8;0;16;27.6568;24.425;59.3667;0;10.2537;8.07374;16.9999;0;41.0149;0;0;0;0;0.333333;0.00252338
random;reward00;1;../logs/prueba/scenario_3A_12t_5r_random_reward00_001.log;scenario_3A_12t_5r;12;5;1;(15,15);0;0;5;5;0;7;12.3805;6.06001;22.8876;7.26966;17.2626;6.90335;24.3047;6;86.3131;0;0;0;0;0.416667;0.000593206
dec-mcts-v1;reward00;1;../logs/prueba/scenario_2A_24t_2r_dec-mcts-v1_reward00_001.log;scenario_2A_24t_2r;24;2;1;(15,15);0;0;2;14;0;10;85.5;3.61481;88.056;82.9439;46.3089;11.9787;54.7791;37.8387;92.6178;0;0;0;0;0.583333;4.87253
random;reward00;1;../logs/prueba/scenario_1C_16t_2r_random_reward00_001.log;scenario_1C_16t_2r;16;2;1;(15,15);0;0;2;10;0;6;56.1643;0.487984;56.5094;55.8192;30.8215;2.43992;32.5468;29.0962;61.643;0;0;0;0;0.625;0.00055036
cbaa;reward00;1;../logs/prueba/scenario_2D_20t_2r_cbaa_reward00_001.log;scenario_2D_20t_2r;20;2;1;(15,15);0;0;2;10;0;10;52.4314;0.297288;52.6416;52.2212;17.2901;0.167656;17.4087;17.1716;34.5802;0;0;0;0;0.5;0.00075519
dec-mcts-v2;reward00;1;../logs/prueba/scenario_4D_20t_3r_dec-mcts-v2_reward00_001.log;scenario_4D_20t_3r;20;3;1;(15,15);0;0;3;10;0;10;42.4966;14.5787;52.9161;25.8364;37.0274;10.2789;48.2893;28.1511;111.082;0;0;0;0;0.5;2.35392
cbba;reward00;1;../logs/prueba/scenario_2C_16t_4r_cbba_reward00_001.log;scenario_2C_16t_4r;16;4;1;(15,15);0;0;4;11;0;5;30.0044;11.5808;46.0619;21.1451;14.1384;3.51865;17.1967;10.8284;56.5535;0;0;0;0;0.6875;0.00387697
cbaa;reward00;1;../logs/prueba/scenario_1B_12t_5r_cbaa_reward00_001.log;scenario_1B_12t_5r;12;5;1;(15,15);0;0;5;10;0;2;48.628;9.23374;53.5372;32.2093;12.4531;4.29486;17.6859;7.21109;62.2654;0;0;0;0;0.833333;0.00112798
dec-mcts-v1;reward00;1;../logs/prueba/scenario_2A_16t_2r_dec-mcts-v1_reward00_001.log;scenario_2A_16t_2r;16;2;1;(15,15);0;0;2;11;0;5;70.5659;1.88441;71.8984;69.2335;38.6634;14.6919;49.0521;28.2747;77.3268;0;0;0;0;0.6875;1.48352
dec-mcts-v2;reward00;1;../logs/prueba/scenario_2D_12t_5r_dec-mcts-v2_reward00_001.log;scenario_2D_12t_5r;12;5;1;(15,15);0;0;5;5;0;7;14.6239;16.9395;39.5684;2;16.898;17.2963;40.8613;0;84.4899;0;0;0;0;0.416667;1.85752
cbaa;reward00;1;../logs/prueba/scenario_1A_16t_5r_cbaa_reward00_001.log;scenario_1A_16t_5r;16;5;1;(15,15);0;0;5;14;0;2;29.5452;28.2893;63.1799;0;7.7262;7.29184;15.8995;0;38.631;0;0;0;0;0.875;0.000990951
cbaa;reward00;1;../logs/prueba/scenario_2B_12t_2r_cbaa_reward00_001.log;scenario_2B_12t_2r;12;2;1;(15,15);0;0;2;7;0;5;57.9483;4.13068;60.8691;55.0275;16.965;0.0672389;17.0125;16.9174;33.9299;0;0;0;0;0.583333;0.000406401
dec-mcts-v1;reward00;1;../logs/prueba/scenario_1B_12t_5r_dec-mcts-v1_reward00_001.log;scenario_1B_12t_5r;12;5;1;(15,15);0;0;5;11;0;1;45.6224;9.5197;58.2386;35.8568;20.6264;5.32588;29.303;15.131;103.132;0;0;0;0;0.916667;4.41196
random;reward00;1;../logs/prueba/scenario_4A_12t_3r_random_reward00_001.log;scenario_4A_12t_3r;12;3;1;(15,15);0;0;3;10;0;2;50.1407;14.4732;66.8407;41.2393;25.8217;11.4431;36.1101;13.4972;77.465;0;0;0;0;0.833333;0.000545417
cbba;reward00;1;../logs/prueba/scenario_1C_24t_3r_cbba_reward00_001.log;scenario_1C_24t_3r;24;3;1;(15,15);0;0;3;20;0;4;70.1222;23.8607;84.413;42.5768;17.2776;4.60329;22.0652;12.8839;51.8329;0;0;0;0;0.833333;0.00408717
random;reward00;1;../logs/prueba/scenario_3A_16t_4r_random_reward00_001.log;scenario_3A_16t_4r;16;4;1;(15,15);0;0;4;9;0;7;34.9105;5.79629;43.0955;30.3469;22.8401;11.5816;39.7217;14.3683;91.3603;0;0;0;0;0.5625;0.000756674
dec-mcts-v2;reward00;1;../logs/prueba/scenario_2A_20t_5r_dec-mcts-v2_reward00_001.log;scenario_2A_20t_5r;20;5;1;(15,15);0;0;5;12;0;8;34.0366;17.589;62.9237;16.5411;20.2252;4.74089;28.1906;16.0253;101.126;0;0;0;0;0.6;6.46827
dec-mcts-v2;reward00;1;../logs/prueba/scenario_2A_20t_4r_dec-mcts-v2_reward00_001.log;scenario_2A_20t_4r;20;4;1;(15,15);0;0;4;16;0;4;49.8997;24.3595;79.4242;27.3045;23.0402;7.91759;33.6276;14.4444;92.161;0;0;0;0;0.8;3.12381
cbba;reward00;1;../logs/prueba/scenario_2D_20t_2r_cbba_reward00_001.log;scenario_2D_20t_2r;20;2;1;(15,15);0;0;2;8;0;12;75.7276;20.4534;90.1903;61.2649;17.6319;8.65222;23.75;11.5139;35.2638;0;0;0;0;0.4;0.00133546
random;reward00;1;../logs/prueba/scenario_2D_12t_5r_random_reward00_001.log;scenario_2D_12t_5r;12;5;1;(15,15);0;0;5;9;0;3;23.462;7.46159;33.6853;16.4036;17.1188;9.95976;33.3113;6;85.5939;0;0;0;0;0.75;0.000684778
dec-mcts-v1;reward00;1;../logs/prueba/scenario_1C_12t_2r_dec-mcts-v1_reward00_001.log;scenario_1C_12t_2r;12;2;1;(15,15);0;0;2;10;0;2;56.8539;2.30293;58.4823;55.2255;26.7695;7.97911;32.4116;21.1274;53.5389;0;0;0;0;0.833333;0.865352
cbba;reward00;1;../logs/prueba/scenario_2B_16t_3r_cbba_reward00_001.log;scenario_2B_16t_3r;16;3;1;(15,15);0;0;3;11;0;5;64.9163;3.3916;66.8744;61;21.5899;5.65715;27.2132;15.8995;64.7696;0;0;0;0;0.6875;0.00356578
greedy;reward00;1;../logs/prueba/scenario_4A_24t_3r_greedy_reward00_001.log;scenario_4A_24t_3r;24;3;1;(15,15);0;0;3;17;0;7;55.6835;2.12358;58.1131;54.1815;17.3639;2.55676;19.8838;14.7718;52.0916;0;0;0;0;0.708333;0.00118092
random;reward00;1;../logs/prueba/scenario_3A_24t_2r_random_reward00_001.log;scenario_3A_24t_2r;24;2;1;(15,15);0;2;0;11;0;13;70.3563;15.9764;81.6534;59.0593;48.7366;4.42447;51.8652;45.6081;97.4733;0;0;0;0;0.458333;0.00085888
greedy;reward00;1;../logs/prueba/scenario_1C_24t_4r_greedy_reward00_001.log;scenario_1C_24t_4r;24;4;1;(15,15);0;0;4;20;0;4;54.1054;0.750433;54.7247;53.156;20.5269;3.75217;23.6236;15.7799;82.1076;0;0;0;0;0.833333;0.00160467
greedy;reward00;1;../logs/prueba/scenario_2B_12t_3r_greedy_reward00_001.log;scenario_2B_12t_3r;12;3;1;(15,15);0;0;3;8;0;4;50.9826;0.0151101;51;50.9738;19.9481;4.94924;23.1995;14.2522;59.8442;0;0;0;0;0.666667;0.000745592
greedy;reward00;1;../logs/prueba/scenario_2D_24t_5r_greedy_reward00_001.log;scenario_2D_24t_5r;24;5;1;(15,15);0;0;5;20;0;4;45.3715;7.03692;56.5056;38.948;14.6016;3.26048;19.145;10.0652;73.0081;0;0;0;0;0.833333;0.00124126
greedy;reward00;1;../logs/prueba/scenario_4D_24t_4r_greedy_reward00_001.log;scenario_4D_24t_4r;24;4;1;(15,15);0;0;4;13;0;11;33.081;3.2215;36.0413;28.7134;17.1959;7.30331;23.7118;7.60552;68.7836;0;0;0;0;0.541667;0.00206788
dec-mcts-v1;reward00;1;../logs/prueba/scenario_2B_16t_3r_dec-mcts-v1_reward00_001.log;scenario_2B_16t_3r;16;3;1;(15,15);0;0;3;8;0;8;53.0486;6.88612;61;49.0729;38.5738;4.57258;42.9271;33.8097;115.721;0;0;0;0;0.5;1.52805
cbba;reward00;1;../logs/prueba/scenario_2B_20t_4r_cbba_reward00_001.log;scenario_2B_20t_4r;20;4;1;(15,15);0;0;4;15;0;5;75.0579;4.89043;79.2913;70.6489;17.332;1.53029;18.4237;15.0666;69.3278;0;0;0;0;0.75;0.011836
greedy;reward00;1;../logs/prueba/scenario_3C_24t_4r_greedy_reward00_001.log;scenario_3C_24t_4r;24;4;1;(15,15);0;0;4;12;0;12;27.4133;5.62363;33.587;22.0012;13.4411;5.62734;19.9343;7.60552;53.7643;0;0;0;0;0.5;0.00154393
cbba;reward00;1;../logs/prueba/scenario_2A_20t_4r_cbba_reward00_001.log;scenario_2A_20t_4r;20;4;1;(15,15);0;0;4;15;0;5;42.6879;15.2355;64.0224;28.5043;12.095;0.684181;13.0862;11.5139;48.38;0;0;0;0;0.75;0.00469897
cbaa;reward00;1;../logs/prueba/scenario_1A_16t_2r_cbaa_reward00_001.log;scenario_1A_16t_2r;16;2;1;(15,15);0;0;2;12;0;4;63.1799;0;63.1799;63.1799;15.8995;0;15.8995;15.8995;31.799;0;0;0;0;0.75;0.00135755
greedy;reward00;1;../logs/prueba/scenario_4D_24t_3r_greedy_reward00_001.log;scenario_4D_24t_3r;24;3;1;(15,15);0;0;3;10;0;14;41.2372;2.42516;43.125;38.5021;18.3759;1.63728;20.1274;16.8838;55.1277;0;0;0;0;0.416667;0.00100952
cbba;reward00;1;../logs/prueba/scenario_2B_12t_2r_cbba_reward00_001.log;scenario_2B_12t_2r;12;2;1;(15,15);0;0;2;7;0;5;67.9371;0;67.9371;67.9371;25.8415;1.03355;26.5724;25.1107;51.6831;0;0;0;0;0.583333;0.00110398
dec-mcts-v1;reward00;1;../logs/prueba/scenario_1A_20t_2r_dec-mcts-v1_reward00_001.log;scenario_1A_20t_2r;20;2;1;(15,15);0;0;2;14;0;6;80.2886;0.0955538;80.3561;80.221;28.9429;3.05776;31.105;26.7807;57.8857;0;0;0;0;0.7;2.30788
random;reward00;1;../logs/prueba/scenario_1C_12t_3r_random_reward00_001.log;scenario_1C_12t_3r;12;3;1;(15,15);0;0;3;10;0;2;38.1458;5.74752;44.7336;34.156;24.0623;3.49608;27.7387;20.78;72.1868;0;0;0;0;0.833333;0.000719647
dec-mcts-v1;reward00;1;../logs/prueba/scenario_1B_24t_2r_dec-mcts-v1_reward00_001.log;scenario_1B_24t_2r;24;2;1;(15,15);0;0;2;13;0;11;83.822;4.38535;86.9229;80.7211;36.3619;12.1085;44.9239;27.7999;72.7238;0;0;0;0;0.541667;2.22314
dec-mcts-v1;reward00;1;../logs/prueba/scenario_2A_20t_5r_dec-mcts-v1_reward00_001.log;scenario_2A_20t_5r;20;5;1;(15,15);0;0;5;19;0;1;48.1651;16.131;65.7204;24.2011;25.8244;13.248;46.3211;12.4635;129.122;0;0;0;0;0.95;6.75367
cbba;reward00;1;../logs/prueba/scenario_2C_24t_2r_cbba_reward00_001.log;scenario_2C_24t_2r;24;2;1;(15,15);0;1;1;7;0;17;83.3261;8.59;89.4001;77.252;13.4419;0.963307;14.1231;12.7607;26.8838;0;0;0;0;0.291667;0.00359012
random;reward00;1;../logs/prueba/scenario_4D_24t_2r_random_reward00_001.log;scenario_4D_24t_2r;24;2;1;(15,15);0;0;2;8;0;16;61.7185;7.47213;67.0021;56.4349;49.6463;4.05873;52.5162;46.7763;99.2926;0;0;0;0;0.333333;0.000825383
cbaa;reward00;1;../logs/prueba/scenario_4A_16t_2r_cbaa_reward00_001.log;scenario_4A_16t_2r;16;2;1;(15,15);0;1;1;10;0;6;68.8741;13.5676;78.4678;59.2803;29.3376;5.82769;33.4584;25.2168;58.6751;0;0;0;0;0.625;0.00078543
cbaa;reward00;1;../logs/prueba/scenario_1A_24t_5r_cbaa_reward00_001.log;scenario_1A_24t_5r;24;5;1;(15,15);0;0;5;8;0;16;16.6754;37.2872;83.3768;0;3.37677;7.55069;16.8838;0;16.8838;0;0;0;0;0.333333;0.000992466
cbba;reward00;1;../logs/prueba/scenario_4D_20t_2r_cbba_reward00_001.log;scenario_4D_20t_2r;20;2;1;(15,15);0;0;2;10;0;10;51.3895;8.07049;57.0962;45.6828;27.6244;6.1963;32.0059;23.243;55.2489;0;0;0;0;0.5;0.00218018
cbaa;reward00;1;../logs/prueba/scenario_1A_12t_4r_cbaa_reward00_001.log;scenario_1A_12t_4r;12;4;1;(15,15);0;0;4;10;0;2;26.6835;30.8118;53.5372;0;8.41753;9.74452;17.6859;0;33.6701;0;0;0;0;0.833333;0.000680131
dec-mcts-v1;reward00;1;../logs/prueba/scenario_1C_24t_3r_dec-mcts-v1_reward00_001.log;scenario_1C_24t_3r;24;3;1;(15,15);0;0;3;23;0;1;86.9664;3.64135;90.5008;83.2268;29.8318;3.50978;32.5042;25.857;89.4953;0;0;0;0;0.958333;5.70956
cbaa;reward00;1;../logs/prueba/scenario_3A_24t_4r_cbaa_reward00_001.log;scenario_3A_24t_4r;24;4;1;(15,15);0;1;3;15;1;8;32.6032;37.6727;66.9122;0;9.52874;11.3273;22.3543;0;38.115;0;0;0;0;0.625;0.00154879
dec-mcts-v2;reward00;1;../logs/prueba/scenario_1B_20t_3r_dec-mcts-v2_reward00_001.log;scenario_1B_20t_3r;20;3;1;(15,15);0;0;3;14;0;6;77.0945;5.3319;80.1729;70.9378;33.1091;13.3318;40.8644;17.715;99.3274;0;0;0;0;0.7;2.22269
dec-mcts-v2;reward00;1;../logs/prueba/scenario_2D_12t_2r_dec-mcts-v2_reward00_001.log;scenario_2D_12t_2r;12;2;1;(15,15);0;0;2;8;0;4;32.8659;24.5689;50.2388;15.4931;35.7162;4.15367;38.6533;32.7791;71.4324;0;0;0;0;0.666667;0.622619
dec-mcts-v1;reward00;1;../logs/prueba/scenario_2D_20t_2r_dec-mcts-v1_reward00_001.log;scenario_2D_20t_2r;20;2;1;(15,15);0;0;2;12;0;8;82.0333;5.65089;86.0291;78.0375;32.3215;13.6808;41.9953;22.6477;64.643;0;0;0;0;0.6;3.37617
cbba;reward00;1;../logs/prueba/scenario_2A_12t_2r_cbba_reward00_001.log;scenario_2A_12t_2r;12;2;1;(15,15);0;0;2;10;0;2;52.6075;0.332255;52.8425;52.3726;16.8351;1.20328;17.6859;15.9842;33.6701;0;0;0;0;0.833333;0.00210237
random;reward00;1;../logs/prueba/scenario_1D_20t_5r_random_reward00_001.log;scenario_1D_20t_5r;20;5;1;(15,15);0;0;5;19;0;1;42.5855;4.6586;45.4423;34.3815;22.9276;4.13102;27.2116;17.7025;114.638;0;0;0;0;0.95;0.000951734
dec-mcts-v2;reward00;1;../logs/prueba/scenario_2B_12t_2r_dec-mcts-v2_reward00_001.log;scenario_2B_12t_2r;12;2;1;(15,15);0;0;2;7;0;5;49.4344;1.64841;50.6;48.2688;33.8747;1.5952;35.0027;32.7467;67.7494;0;0;0;0;0.583333;0.648187
dec-mcts-v2;reward00;1;../logs/prueba/scenario_4A_20t_2r_dec-mcts-v2_reward00_001.log;scenario_4A_20t_2r;20;2;1;(15,15);0;0;2;8;0;12;80.8023;3.68547;83.4083;78.1963;33.6405;8.10611;39.3724;27.9086;67.281;0;0;0;0;0.4;2.32562
cbaa;reward00;1;../logs/prueba/scenario_2A_24t_5r_cbaa_reward00_001.log;scenario_2A_24t_5r;24;5;1;(15,15);0;1;4;13;2;9;33.0901;34.0651;72.88;0;7.79051;7.34816;15.9999;0;38.9526;0;0;0;0;0.541667;0.0020413
greedy;reward00;1;../logs/prueba/scenario_2C_24t_2r_greedy_reward00_001.log;scenario_2C_24t_2r;24;2;1;(15,15);0;0;2;14;0;10;87.2348;5.60444;91.1978;83.2719;20.7051;2.903;22.7578;18.6523;41.4101;0;0;0;0;0.583333;0.00132614
random;reward00;1;../logs/prueba/scenario_4A_16t_2r_random_reward00_001.log;scenario_4A_16t_2r;16;2;1;(15,15);0;0;2;7;0;9;68.577;1.18931;69.418;67.736;40.9106;15.4902;51.8638;29.9574;81.8212;0;0;0;0;0.4375;0.000566784
dec-mcts-v1;reward00;1;../logs/prueba/scenario_2A_24t_5r_dec-mcts-v1_reward00_001.log;scenario_2A_24t_5r;24;5;1;(15,15);0;0;5;21;0;3;53.3002;14.7543;75.0733;34.7761;28.3672;13.0562;51.4763;20.4482;141.836;0;0;0;0;0.875;9.2991
dec-mcts-v2;reward00;1;../logs/prueba/scenario_3A_20t_2r_dec-mcts-v2_reward00_001.log;scenario_3A_20t_2r;20;2;1;(15,15);0;1;1;10;0;10;71.3735;4.38143;74.4716;68.2754;36.4072;17.1352;48.5236;24.2907;72.8143;0;0;0;0;0.5;2.44142
dec-mcts-v2;reward00;1;../logs/prueba/scenario_4A_20t_5r_dec-mcts-v2_reward00_001.log;scenario_4A_20t_5r;20;5;1;(15,15);0;0;5;11;1;8;25.2601;4.58329;29.8192;19.7575;22.4193;7.08769;34.7372;17.5545;112.096;0;0;0;0;0.55;3.61996
dec-mcts-v2;reward00;1;../logs/prueba/scenario_2D_24t_3r_dec-mcts-v2_reward00_001.log;scenario_2D_24t_3r;24;3;1;(15,15);0;0;3;15;0;9;60.285;9.67339;71.0546;52.3338;40.5625;15.6616;57.7229;27.0399;121.687;0;0;0;0;0.625;3.70446
dec-mcts-v1;reward00;1;../logs/prueba/scenario_2D_20t_3r_dec-mcts-v1_reward00_001.log;scenario_2D_20t_3r;20;3;1;(15,15);0;0;3;14;0;6;65.2731;5.08287;70.7035;60.6295;33.5115;14.9901;42.7463;16.2157;100.535;0;0;0;0;0.7;3.62879
cbba;reward00;1;../logs/prueba/scenario_4A_24t_3r_cbba_reward00_001.log;scenario_4A_24t_3r;24;3;1;(15,15);0;0;3;13;0;11;42.5302;9.90128;53.8933;35.7552;21.3194;1.50904;22.9192;19.9214;63.9581;0;0;0;0;0.541667;0.00567117
dec-mcts-v1;reward00;1;../logs/prueba/scenario_2B_20t_2r_dec-mcts-v1_reward00_001.log;scenario_2B_20t_2r;20;2;1;(15,15);0;0;2;7;0;13;59.5832;15.9797;70.8825;48.2838;43.4949;4.23361;46.4885;40.5012;86.9897;0;0;0;0;0.35;0.989325
dec-mcts-v1;reward00;1;../logs/prueba/scenario_3A_24t_4r_dec-mcts-v1_reward00_001.log;scenario_3A_24t_4r;24;4;1;(15,15);0;0;4;14;0;10;31.0264;18.6783;56.4713;11.8248;38.2604;9.58626;47.9741;25.5751;153.041;0;0;0;0;0.583333;4.57132
cbba;reward00;1;../logs/prueba/scenario_3C_16t_5r_cbba_reward00_001.log;scenario_3C_16t_5r;16;5;1;(15,15);0;0;5;11;0;5;33.1961;11.466;45.3198;16.0762;16.1572;9.28788;27.682;6;80.7861;0;0;0;0;0.6875;0.00771603
cbaa;reward00;1;../logs/prueba/scenario_2C_16t_5r_cbaa_reward00_001.log;scenario_2C_16t_5r;16;5;1;(15,15);0;0;5;13;0;3;26.7646;36.8252;72.0015;0;8.68148;12.11;24.9706;0;43.4074;0;0;0;0;0.8125;0.00254494
greedy;reward00;1;../logs/prueba/scenario_3A_20t_3r_greedy_reward00_001.log;scenario_3A_20t_3r;20;3;1;(15,15);0;0;3;13;0;7;43.5212;7.24126;51.8572;38.788;16.0324;4.01117;19.1731;11.5139;48.0971;0;0;0;0;0.65;0.0011072
random;reward00;1;../logs/prueba/scenario_1B_20t_2r_random_reward00_001.log;scenario_1B_20t_2r;20;2;1;(15,15);0;0;2;3;0;17;70.7413;0.199788;70.8825;70.6;12.0636;8.57522;18.1272;6;24.1272;0;0;0;0;0.15;0.00026143
random;reward00;1;../logs/prueba/scenario_3C_20t_2r_random_reward00_001.log;scenario_3C_20t_2r;20;2;1;(15,15);0;0;2;8;0;12;39.6409;2.78714;41.6117;37.6701;46.9848;22.3194;62.767;31.2026;93.9696;0;0;0;0;0.4;0.000652145
random;reward00;1;../logs/prueba/scenario_4D_16t_4r_random_reward00_001.log;scenario_4D_16t_4r;16;4;1;(15,15);0;0;4;6;0;10;26.0825;5.80217;30.1257;17.7305;25.4742;19.7619;44.0259;8.24621;101.897;0;0;0;0;0.375;0.000717508
dec-mcts-v2;reward00;1;../logs/prueba/scenario_1B_24t_2r_dec-mcts-v2_reward00_001.log;scenario_1B_24t_2r;24;2;1;(15,15);0;0;2;13;0;11;84.7825;6.91022;89.6688;79.8962;43.455;1.45121;44.4812;42.4289;86.9101;0;0;0;0;0.541667;2.16595
dec-mcts-v1;reward00;1;../logs/prueba/scenario_4D_20t_3r_dec-mcts-v1_reward00_001.log;scenario_4D_20t_3r;20;3;1;(15,15);0;0;3;11;0;9;50.8512;23.1619;75.1924;29.0837;22.7247;5.89455;29.3107;17.9438;68.174;0;0;0;0;0.55;3.07854
greedy;reward00;1;../logs/prueba/scenario_1A_16t_5r_greedy_reward00_001.log;scenario_1A_16t_5r;16;5;1;(15,15);0;0;5;16;0;0;34.7402;4.71315;43.1217;32.1657;13.701;2.76762;16.8715;10.8284;68.505;0;0;0;0;1;0.0007709
dec-mcts-v1;reward00;1;../logs/prueba/scenario_2B_20t_5r_dec-mcts-v1_reward00_001.log;scenario_2B_20t_5r;20;5;1;(15,15);0;0;5;12;0;8;73.6501;6.21921;82.0568;67.4749;33.4726;4.0135;36.5937;26.6704;167.363;0;0;0;0;0.6;6.01663
greedy;reward00;1;../logs/prueba/scenario_2A_12t_2r_greedy_reward00_001.log;scenario_2A_12t_2r;12;2;1;(15,15);0;0;2;9;0;3;46.2992;5.27983;50.0327;42.5658;20.7883;4.38742;23.8907;17.6859;41.5766;0;0;0;0;0.75;0.000733734
dec-mcts-v2;reward00;1;../logs/prueba/scenario_2B_16t_3r_dec-mcts-v2_reward00_001.log;scenario_2B_16t_3r;16;3;1;(15,15);0;0;3;5;0;11;64.1981;1.1895;64.8849;62.8246;27.4407;8.00838;36.6705;22.3342;82.322;0;0;0;0;0.3125;1.6287
cbaa;reward00;1;../logs/prueba/scenario_2C_20t_2r_cbaa_reward00_001.log;scenario_2C_20t_2r;20;2;1;(15,15);0;0;2;9;0;11;53.6477;8.96863;59.9895;47.3059;17.2781;8.15188;23.0424;11.5139;34.5563;0;0;0;0;0.45;0.000938185
dec-mcts-v1;reward00;1;../logs/prueba/scenario_3A_16t_3r_dec-mcts-v1_reward00_001.log;scenario_3A_16t_3r;16;3;1;(15,15);0;0;3;12;0;4;40.6586;17.5703;58.504;23.377;35.6346;18.2833;56.1382;21.0262;106.904;0;0;0;0;0.75;1.84464
random;reward00;1;../logs/prueba/scenario_1B_16t_4r_random_reward00_001.log;scenario_1B_16t_4r;16;4;1;(15,15);0;0;4;5;0;11;60.8562;0.18973;61;60.6;15.3679;5.3195;22.3234;10;61.4716;0;0;0;0;0.3125;0.00035072
random;reward00;1;../logs/prueba/scenario_2B_20t_5r_random_reward00_001.log;scenario_2B_20t_5r;20;5;1;(15,15);0;0;5;6;0;14;70.8139;0.177316;70.969;70.6;18.9981;12.4041;40.7461;9.68958;94.9907;0;0;0;0;0.3;0.000636427
dec-mcts-v2;reward00;1;../logs/prueba/scenario_4D_24t_2r_dec-mcts-v2_reward00_001.log;scenario_4D_24t_2r;24;2;1;(15,15);0;1;1;10;0;14;55.0267;10.5132;62.4607;47.5928;48.8031;1.7987;50.0749;47.5312;97.6061;0;0;0;0;0.416667;2.60297
dec-mcts-v2;reward00;1;../logs/prueba/scenario_2A_20t_2r_dec-mcts-v2_reward00_001.log;scenario_2A_20t_2r;20;2;1;(15,15);0;0;2;13;0;7;78.0127;3.29865;80.3452;75.6802;29.5544;0.924916;30.2084;28.9004;59.1088;0;0;0;0;0.65;3.75851
dec-mcts-v1;reward00;1;../logs/prueba/scenario_3A_20t_2r_dec-mcts-v1_reward00_001.log;scenario_3A_20t_2r;20;2;1;(15,15);0;0;2;11;0;9;79.3445;6.98652;84.2847;74.4043;39.6338;6.19451;44.014;35.2536;79.2676;0;0;0;0;0.55;2.48481
dec-mcts-v2;reward00;1;../logs/prueba/scenario_4D_20t_2r_dec-mcts-v2_reward00_001.log;scenario_4D_20t_2r;20;2;1;(15,15);0;0;2;7;0;13;41.0544;1.83754;42.3537;39.755;36.0435;1.85556;37.3556;34.7315;72.0871;0;0;0;0;0.35;1.63737
dec-mcts-v1;reward00;1;../logs/prueba/scenario_2D_20t_5r_dec-mcts-v1_reward00_001.log;scenario_2D_20t_5r;20;5;1;(15,15);0;0;5;13;0;7;36.7769;13.5303;46.9381;13.1822;20.2791;9.53134;33.8172;11.9031;101.395;0;0;0;0;0.65;3.67103
dec-mcts-v2;reward00;1;../logs/prueba/scenario_4D_12t_3r_dec-mcts-v2_reward00_001.log;scenario_4D_12t_3r;12;3;1;(15,15);0;0;3;7;0;5;17.2568;13.261;32.5677;9.40658;22.9034;6.45569;28.8684;16.0492;68.7102;0;0;0;0;0.583333;1.22933
random;reward00;1;../logs/prueba/scenario_2D_20t_5r_random_reward00_001.log;scenario_2D_20t_5r;20;5;1;(15,15);0;0;5;16;0;4;42.4448;11.6531;59.2723;33.667;24.5738;3.62039;30.2024;21.3587;122.869;0;0;0;0;0.8;0.000885106
cbba;reward00;1;../logs/prueba/scenario_1D_20t_5r_cbba_reward00_001.log;scenario_1D_20t_5r;20;5;1;(15,15);0;0;5;18;0;2;38.3504;21.7507;74.0444;21.5494;11.7518;5.10469;20.222;7.74686;58.7592;0;0;0;0;0.9;0.00715362
greedy;reward00;1;../logs/prueba/scenario_1B_12t_3r_greedy_reward00_001.log;scenario_1B_12t_3r;12;3;1;(15,15);0;0;3;9;0;3;51.6086;1.53712;53.3835;50.7211;17.5176;3.60324;21.3833;14.2522;52.5529;0;0;0;0;0.75;0.000666875
dec-mcts-v2;reward00;1;../logs/prueba/scenario_4A_16t_4r_dec-mcts-v2_reward00_001.log;scenario_4A_16t_4r;16;4;1;(15,15);0;0;4;10;2;4;36.4401;13.965;55.2755;23.6033;21.0297;8.30584;31.4393;14.1326;84.1187;0;0;0;0;0.625;3.40843
dec-mcts-v2;reward00;1;../logs/prueba/scenario_1A_20t_3r_dec-mcts-v2_reward00_001.log;scenario_1A_20t_3r;20;3;1;(15,15);0;0;3;20;0;0;77.4286;4.71865;80.9403;72.0649;28.8096;5.13075;34.7013;25.3244;86.4288;0;0;0;0;1;6.23936
dec-mcts-v2;reward00;1;../logs/prueba/scenario_1C_24t_2r_dec-mcts-v2_reward00_001.log;scenario_1C_24t_2r;24;2;1;(15,15);0;0;2;16;0;8;87.8108;0.925808;88.4654;87.1561;31.5539;1.0935;32.3271;30.7806;63.1077;0;0;0;0;0.666667;3.18237
cbaa;reward00;1;../logs/prueba/scenario_2D_20t_3r_cbaa_reward00_001.log;scenario_2D_20t_3r;20;3;1;(15,15);0;0;3;12;0;8;32.3278;29.6048;58.1161;0;14.4104;13.1698;25.8225;0;43.2311;0;0;0;0;0.6;0.00117796
greedy;reward00;1;../logs/prueba/scenario_2C_16t_4r_greedy_reward00_001.log;scenario_2C_16t_4r;16;4;1;(15,15);0;0;4;9;0;7;22.9011;5.4304;30.6721;18.0171;16.7975;7.14502;24.9706;8.53732;67.1899;0;0;0;0;0.5625;0.00114193
dec-mcts-v2;reward00;1;../logs/prueba/scenario_4A_16t_5r_dec-mcts-v2_reward00_001.log;scenario_4A_16t_5r;16;5;1;(15,15);0;0;5;10;0;6;27.2776;23.5892;55.8051;2;17.2513;12.4411;31.1482;0;86.2564;0;0;0;0;0.625;5.28887
cbba;reward00;1;../logs/prueba/scenario_1A_16t_5r_cbba_reward00_001.log;scenario_1A_16t_5r;16;5;1;(15,15);0;0;5;16;0;0;33.8185;18.9051;42.2731;0;9.0926;5.08292;11.3657;0;45.463;0;0;0;0;1;0.00539017
cbaa;reward00;1;../logs/prueba/scenario_2D_12t_5r_cbaa_reward00_001.log;scenario_2D_12t_5r;12;5;1;(15,15);0;0;5;6;0;6;21.3907;20.7473;46.9572;0;7.34878;7.08523;15.9;0;36.7439;0;0;0;0;0.5;0.000765837
dec-mcts-v2;reward00;1;../logs/prueba/scenario_2C_24t_5r_dec-mcts-v2_reward00_001.log;scenario_2C_24t_5r;24;5;1;(15,15);0;0;5;18;0;6;50.3622;24.7886;93.5585;32.57;27.3695;10.4703;40.5696;16.6288;136.847;0;0;0;0;0.75;5.24874
dec-mcts-v1;reward00;1;../logs/prueba/scenario_3A_20t_3r_dec-mcts-v1_reward00_001.log;scenario_3A_20t_3r;20;3;1;(15,15);0;0;3;12;0;8;58.9407;13.882;72.017;44.3734;35.9874;17.2078;46.3529;16.1239;107.962;0;0;0;0;0.6;3.13294
dec-mcts-v2;reward00;1;../logs/prueba/scenario_2C_12t_5r_dec-mcts-v2_reward00_001.log;scenario_2C_12t_5r;12;5;1;(15,15);0;0;5;7;1;4;16.0487;10.255;33.0872;7.65018;14.7753;7.17353;24.1325;6.34727;73.8766;0;0;0;0;0.583333;1.96823
dec-mcts-v2;reward00;1;../logs/prueba/scenario_3A_24t_5r_dec-mcts-v2_reward00_001.log;scenario_3A_24t_5r;24;5;1;(15,15);0;0;5;17;0;7;40.5453;11.5656;55.7506;28.7955;24.72;7.38814;34.9422;14.5039;123.6;0;0;0;0;0.708333;5.79849
dec-mcts-v2;reward00;1;../logs/prueba/scenario_3C_20t_5r_dec-mcts-v2_reward00_001.log;scenario_3C_20t_5r;20;5;1;(15,15);0;0;5;14;1;5;29.8602;9.85807;43.3732;19.1037;20.349;7.95973;31.4097;9.92147;101.745;0;0;0;0;0.7;5.29417
random;reward00;1;../logs/prueba/scenario_2D_12t_3r_random_reward00_001.log;scenario_2D_12t_3r;12;3;1;(15,15);0;0;3;9;0;3;40.1788;6.31045;46.7341;34.1457;22.8016;5.48942;28.2106;17.2352;68.4047;0;0;0;0;0.75;0.000542245
greedy;reward00;1;../logs/prueba/scenario_3A_20t_2r_greedy_reward00_001.log;scenario_3A_20t_2r;20;2;1;(15,15);0;1;1;12;0;8;68.9251;4.5424;72.1371;65.7132;16.8024;4.18471;19.7614;13.8433;33.6047;0;0;0;0;0.6;0.000827257
cbaa;reward00;1;../logs/prueba/scenario_4A_20t_2r_cbaa_reward00_001.log;scenario_4A_20t_2r;20;2;1;(15,15);0;0;2;8;0;12;35.4455;50.1275;70.891;0;16.7;23.6173;33.3999;0;33.3999;0;0;0;0;0.4;0.000721653
cbaa;reward00;1;../logs/prueba/scenario_1D_12t_3r_cbaa_reward00_001.log;scenario_1D_12t_3r;12;3;1;(15,15);0;0;3;5;0;7;17.8457;30.9097;53.5372;0;5.8953;10.211;17.6859;0;17.6859;0;0;0;0;0.416667;0.000335488
greedy;reward00;1;../logs/prueba/scenario_1C_12t_2r_greedy_reward00_001.log;scenario_1C_12t_2r;12;2;1;(15,15);0;0;2;9;0;3;48.6447;6.91906;53.5372;43.7522;18.2233;0.760053;18.7608;17.6859;36.4467;0;0;0;0;0.75;0.000403841
greedy;reward00;1;../logs/prueba/scenario_1A_20t_2r_greedy_reward00_001.log;scenario_1A_20t_2r;20;2;1;(15,15);0;0;2;14;0;6;73.3142;0.237297;73.482;73.1464;16.5712;1.18648;17.4102;15.7322;33.1424;0;0;0;0;0.7;0.00115028
cbba;reward00;1;../logs/prueba/scenario_3A_24t_4r_cbba_reward00_001.log;scenario_3A_24t_4r;24;4;1;(15,15);0;0;4;12;0;12;39.426;8.75854;49.5415;31.4331;15.855;6.48617;24.3365;10.0652;63.4202;0;0;0;0;0.5;0.0190111
cbba;reward00;1;../logs/prueba/scenario_2D_12t_5r_cbba_reward00_001.log;scenario_2D_12t_5r;12;5;1;(15,15);0;0;5;8;0;4;21.4531;15.16;36.1231;0;10.3216;6.31027;15.9842;0;51.608;0;0;0;0;0.666667;0.00428432
cbaa;reward00;1;../logs/prueba/scenario_2D_16t_5r_cbaa_reward00_001.log;scenario_2D_16t_5r;16;5;1;(15,15);0;0;5;4;0;12;12.8702;28.7787;64.351;0;4.37021;9.77208;21.851;0;21.851;0;0;0;0;0.25;0.00063559
dec-mcts-v1;reward00;1;../logs/prueba/scenario_1A_12t_3r_dec-mcts-v1_reward00_001.log;scenario_1A_12t_3r;12;3;1;(15,15);0;0;3;11;1;0;44.8379;3.51664;46.8796;40.7772;20.8559;2.62476;23.886;19.2839;62.5678;0;0;0;0;0.916667;2.10268
greedy;reward00;1;../logs/prueba/scenario_1B_16t_4r_greedy_reward00_001.log;scenario_1B_16t_4r;16;4;1;(15,15);0;0;4;12;0;4;62.1137;1.62168;63.5799;60.6;14.19;5.54451;17.8995;6;56.76;0;0;0;0;0.75;0.000777392
random;reward00;1;../logs/prueba/scenario_2A_12t_2r_random_reward00_001.log;scenario_2A_12t_2r;12;2;1;(15,15);0;0;2;9;0;3;59.6119;6.82642;64.4389;54.7849;18.6732;11.3109;26.6711;10.6752;37.3463;0;0;0;0;0.75;0.000769186
cbba;reward00;1;../logs/prueba/scenario_2A_24t_3r_cbba_reward00_001.log;scenario_2A_24t_3r;24;3;1;(15,15);0;1;2;16;0;8;72.7774;5.48932;78.305;67.3272;17.7562;2.89075;20.7649;14.9999;53.2686;0;0;0;0;0.666667;0.00858466
dec-mcts-v2;reward00;1;../logs/prueba/scenario_2D_24t_2r_dec-mcts-v2_reward00_001.log;scenario_2D_24t_2r;24;2;1;(15,15);0;0;2;16;0;8;83.8937;0.410316;84.1838;83.6036;50.6741;2.81912;52.6675;48.6807;101.348;0;0;0;0;0.666667;2.79737
dec-mcts-v1;reward00;1;../logs/prueba/scenario_4A_16t_3r_dec-mcts-v1_reward00_001.log;scenario_4A_16t_3r;16;3;1;(15,15);0;0;3;11;0;5;48.2192;23.2778;63.9114;21.474;35.1846;8.78652;44.5986;27.2011;105.554;0;0;0;0;0.6875;2.04174
cbba;reward00;1;../logs/prueba/scenario_3C_20t_5r_cbba_reward00_001.log;scenario_3C_20t_5r;20;5;1;(15,15);0;0;5;12;0;8;24.3967;6.84145;34.6779;17.1634;15.4386;7.90114;28.5919;8.83295;77.1929;0;0;0;0;0.6;0.0181681
dec-mcts-v1;reward00;1;../logs/prueba/scenario_1A_24t_5r_dec-mcts-v1_reward00_001.log;scenario_1A_24t_5r;24;5;1;(15,15);0;0;5;23;1;0;57.3835;14.4581;74.1836;42.685;24.9174;4.76892;30.9179;17.895;124.587;0;0;0;0;0.958333;6.50802
dec-mcts-v2;reward00;1;../logs/prueba/scenario_4A_24t_3r_dec-mcts-v2_reward00_001.log;scenario_4A_24t_3r;24;3;1;(15,15);0;0;3;13;0;11;65.2772;21.1266;89.6289;51.8441;36.6717;1.17627;37.5926;35.3466;110.015;0;0;0;0;0.541667;3.91937
greedy;reward00;1;../logs/prueba/scenario_1B_20t_2r_greedy_reward00_001.log;scenario_1B_20t_2r;20;2;1;(15,15);0;0;2;9;0;11;73.4844;0.0270699;73.5036;73.4653;17.422;0.135349;17.5178;17.3263;34.8441;0;0;0;0;0.45;0.000649718
greedy;reward00;1;../logs/prueba/scenario_2B_24t_2r_greedy_reward00_001.log;scenario_2B_24t_2r;24;2;1;(15,15);0;1;1;7;0;17;71.6673;12.6327;80.6;62.7347;19.7697;4.59354;23.0178;16.5216;39.5394;0;0;0;0;0.291667;0.000919324
random;reward00;1;../logs/prueba/scenario_4A_20t_3r_random_reward00_001.log;scenario_4A_20t_3r;20;3;1;(15,15);0;0;3;10;0;10;46.806;6.06573;53.7138;42.35;35.3535;7.20232;43.6692;31.0948;106.06;0;0;0;0;0.5;0.000858332
greedy;reward00;1;../logs/prueba/scenario_4A_12t_3r_greedy_reward00_001.log;scenario_4A_12t_3r;12;3;1;(15,15);0;0;3;10;0;2;44.8613;7.93936;53.8205;38.6987;18.0725;3.03633;21.4221;15.5009;54.2175;0;0;0;0;0.833333;0.00056317
dec-mcts-v1;reward00;1;../logs/prueba/scenario_2D_24t_5r_dec-mcts-v1_reward00_001.log;scenario_2D_24t_5r;24;5;1;(15,15);0;0;5;14;0;10;40.4391;14.3607;58.3795;18.3276;26.259;7.91253;35.3831;16.1881;131.295;0;0;0;0;0.583333;5.30562
greedy;reward00;1;../logs/prueba/scenario_2D_20t_3r_greedy_reward00_001.log;scenario_2D_20t_3r;20;3;1;(15,15);0;0;3;10;0;10;45.9017;9.35259;53.5555;35.4767;13.2436;4.3034;18.1428;10.0742;39.7309;0;0;0;0;0.5;0.0008129
dec-mcts-v2;reward00;1;../logs/prueba/scenario_3C_24t_3r_dec-mcts-v2_reward00_001.log;scenario_3C_24t_3r;24;3;1;(15,15);0;1;2;11;1;12;61.1851;16.4437;77.5317;44.646;28.948;3.84426;32.8609;25.1762;86.844;0;0;0;0;0.458333;4.44326
cbba;reward00;1;../logs/prueba/scenario_2A_12t_5r_cbba_reward00_001.log;scenario_2A_12t_5r;12;5;1;(15,15);0;0;5;10;0;2;22.6855;16.5258;41.2276;0;10.2646;7.01567;19.8016;0;51.3231;0;0;0;0;0.833333;0.004317
cbba;reward00;1;../logs/prueba/scenario_2B_12t_4r_cbba_reward00_001.log;scenario_2B_12t_4r;12;4;1;(15,15);0;0;4;8;0;4;51.8301;4.91078;56.083;47.5773;18.8279;10.985;28.3411;9.31461;75.3115;0;0;0;0;0.666667;0.00282017
greedy;reward00;1;../logs/prueba/scenario_2D_20t_5r_greedy_reward00_001.log;scenario_2D_20t_5r;20;5;1;(15,15);0;0;5;15;0;5;30.5115;7.50978;39.902;24.3047;14.987;5.5973;20.5015;7.98719;74.935;0;0;0;0;0.75;0.000959524
cbba;reward00;1;../logs/prueba/scenario_1C_16t_2r_cbba_reward00_001.log;scenario_1C_16t_2r;16;2;1;(15,15);0;0;2;12;0;4;64.7468;0.215908;64.8995;64.5941;23.7339;1.07954;24.4973;22.9706;47.4678;0;0;0;0;0.75;0.00154722
dec-mcts-v1;reward00;1;../logs/prueba/scenario_4A_12t_2r_dec-mcts-v1_reward00_001.log;scenario_4A_12t_2r;12;2;1;(15,15);0;0;2;6;0;6;40.1872;1.28365;41.0949;39.2795;34.3067;13.6887;43.9861;24.6274;68.6135;0;0;0;0;0.5;0.795437
cbba;reward00;1;../logs/prueba/scenario_3C_20t_3r_cbba_reward00_001.log;scenario_3C_20t_3r;20;3;1;(15,15);0;1;2;12;0;8;55.2536;8.18143;63.007;46.7025;23.5333;5.01939;28.8937;18.9442;70.5999;0;0;0;0;0.6;0.00694077
greedy;reward00;1;../logs/prueba/scenario_1D_16t_4r_greedy_reward00_001.log;scenario_1D_16t_4r;16;4;1;(15,15);0;0;4;15;0;1;39.7317;5.08284;42.2731;32.1075;11.1586;0.414214;11.3657;10.5373;44.6346;0;0;0;0;0.9375;0.000838671
dec-mcts-v2;reward00;1;../logs/prueba/scenario_1C_24t_4r_dec-mcts-v2_reward00_001.log;scenario_1C_24t_4r;24;4;1;(15,15);0;0;4;23;0;1;68.6252;11.2819;81.1993;53.8223;25.6261;2.16645;28.5428;23.8535;102.504;0;0;0;0;0.958333;6.63646
random;reward00;1;../logs/prueba/scenario_1C_24t_2r_random_reward00_001.log;scenario_1C_24t_2r;24;2;1;(15,15);0;0;2;14;0;10;78.0634;1.85096;79.3722;76.7546;40.317;9.25479;46.8611;33.7728;80.6339;0;0;0;0;0.583333;0.000951095
dec-mcts-v2;reward00;1;../logs/prueba/scenario_2C_16t_4r_dec-mcts-v2_reward00_001.log;scenario_2C_16t_4r;16;4;1;(15,15);0;0;4;9;0;7;44.6752;19.1432;72.1193;27.8081;20.7703;4.67967;25.5407;16.3342;83.081;0;0;0;0;0.5625;2.73116
cbba;reward00;1;../logs/prueba/scenario_1B_24t_5r_cbba_reward00_001.log;scenario_1B_24t_5r;24;5;1;(15,15);0;0;5;22;0;2;83.5867;1.4498;84.3381;81;17.9466;3.39804;20.6431;11.9999;89.7331;0;0;0;0;0.916667;0.0139887
greedy;reward00;1;../logs/prueba/scenario_1C_16t_2r_greedy_reward00_001.log;scenario_1C_16t_2r;16;2;1;(15,15);0;0;2;12;0;4;64.6639;0.415403;64.9577;64.3702;23.3197;2.07701;24.7884;21.851;46.6394;0;0;0;0;0.75;0.000553834
dec-mcts-v1;reward00;1;../logs/prueba/scenario_1C_16t_4r_dec-mcts-v1_reward00_001.log;scenario_1C_16t_4r;16;4;1;(15,15);0;0;4;16;0;0;48.6299;9.17228;59.8884;37.8627;21.8994;2.2319;24.4419;19.3137;87.5977;0;0;0;0;1;2.53189
cbaa;reward00;1;../logs/prueba/scenario_1C_12t_3r_cbaa_reward00_001.log;scenario_1C_12t_3r;12;3;1;(15,15);0;0;3;8;0;4;28.5631;26.9484;53.5372;0;9.48223;8.912;17.6859;0;28.4467;0;0;0;0;0.666667;0.000950729
dec-mcts-v1;reward00;1;../logs/prueba/scenario_2D_16t_5r_dec-mcts-v1_reward00_001.log;scenario_2D_16t_5r;16;5;1;(15,15);0;0;5;11;0;5;40.3195;14.4032;58.4914;25.7766;18.3137;4.29459;23.0262;11.8863;91.5686;0;0;0;0;0.6875;3.13928
greedy;reward00;1;../logs/prueba/scenario_3C_12t_3r_greedy_reward00_001.log;scenario_3C_12t_3r;12;3;1;(15,15);0;0;3;8;0;4;38.1021;4.40121;43.1221;34.9062;10.8561;0.165024;11.0466;10.7608;32.5682;0;0;0;0;0.666667;0.000567165
dec-mcts-v1;reward00;1;../logs/prueba/scenario_2A_12t_4r_dec-mcts-v1_reward00_001.log;scenario_2A_12t_4r;12;4;1;(15,15);0;0;4;11;0;1;27.6021;14.7071;46.0337;10.1574;21.8477;14.851;34.9284;7.21109;87.3906;0;0;0;0;0.916667;1.75064
greedy;reward00;1;../logs/prueba/scenario_1A_24t_3r_greedy_reward00_001.log;scenario_1A_24t_3r;24;3;1;(15,15);0;0;3;24;0;0;83.8145;0.520313;84.3897;83.3768;19.0723;2.60156;21.9487;16.8838;57.2169;0;0;0;0;1;0.00129374
cbaa;reward00;1;../logs/prueba/scenario_3A_20t_3r_cbaa_reward00_001.log;scenario_3A_20t_3r;20;3;1;(15,15);0;0;3;10;0;10;51.8679;44.9962;80.4378;0;9.68526;8.79273;17.1659;0;29.0558;0;0;0;0;0.5;0.000858651
cbaa;reward00;1;../logs/prueba/scenario_2C_20t_3r_cbaa_reward00_001.log;scenario_2C_20t_3r;20;3;1;(15,15);0;0;3;7;0;13;25.7509;44.6019;77.2527;0;7.5772;13.1241;22.7316;0;22.7316;0;0;0;0;0.35;0.000632783
dec-mcts-v1;reward00;1;../logs/prueba/scenario_1A_20t_3r_dec-mcts-v1_reward00_001.log;scenario_1A_20t_3r;20;3;1;(15,15);0;0;3;20;0;0;78.0243;3.24049;80.8675;74.4961;31.7883;4.94523;37.4803;28.5472;95.3649;0;0;0;0;1;5.0925
cbaa;reward00;1;../logs/prueba/scenario_4A_24t_4r_cbaa_reward00_001.log;scenario_4A_24t_4r;24;4;1;(15,15);0;1;3;9;12;3;19.8717;39.7435;79.4869;0;6.3853;12.7706;25.5412;0;25.5412;0;0;0;0;0.375;0.000947046
random;reward00;1;../logs/prueba/scenario_2A_12t_5r_random_reward00_001.log;scenario_2A_12t_5r;12;5;1;(15,15);0;0;5;5;0;7;9.719;9.29511;24.3572;3.25841;15.4866;5.5617;20.0429;6.34727;77.4332;0;0;0;0;0.416667;0.000711937
random;reward00;1;../logs/prueba/scenario_1A_20t_4r_random_reward00_001.log;scenario_1A_20t_4r;20;4;1;(15,15);0;0;4;20;0;0;55.9129;1.84294;58.2673;53.7708;29.5643;9.21472;41.3364;18.8542;118.257;0;0;0;0;1;0.00111087
dec-mcts-v2;reward00;1;../logs/prueba/scenario_2D_16t_3r_dec-mcts-v2_reward00_001.log;scenario_2D_16t_3r;16;3;1;(15,15);0;0;3;13;0;3;58.5027;6.11528;63.5095;51.6871;26.087;4.3807;30.8015;22.1421;78.2609;0;0;0;0;0.8125;2.03402
cbaa;reward00;1;../logs/prueba/scenario_3A_16t_4r_cbaa_reward00_001.log;scenario_3A_16t_4r;16;4;1;(15,15);0;0;4;9;0;7;32.9682;38.0794;67.0596;0;6.81631;8.0855;15.8995;0;27.2652;0;0;0;0;0.5625;0.000750249
random;reward00;1;../logs/prueba/scenario_4D_12t_4r_random_reward00_001.log;scenario_4D_12t_4r;12;4;1;(15,15);0;0;4;9;0;3;26.4465;1.88881;28.5266;24.0579;17.7908;8.70521;28.2218;7.21109;71.1632;0;0;0;0;0.75;0.000557074
greedy;reward00;1;../logs/prueba/scenario_3A_16t_4r_greedy_reward00_001.log;scenario_3A_16t_4r;16;4;1;(15,15);0;0;4;8;0;8;24.2813;5.47919;29.256;16.5159;17.3496;9.94096;28.4763;6;69.3984;0;0;0;0;0.5;0.000755341
cbba;reward00;1;../logs/prueba/scenario_1A_20t_3r_cbba_reward00_001.log;scenario_1A_20t_3r;20;3;1;(15,15);0;0;3;20;0;0;70.4177;5.30758;73.482;64.289;18.7552;2.32963;21.4452;17.4102;56.2655;0;0;0;0;1;0.00916747
dec-mcts-v2;reward00;1;../logs/prueba/scenario_2A_16t_5r_dec-mcts-v2_reward00_001.log;scenario_2A_16t_5r;16;5;1;(15,15);0;0;5;14;0;2;31.3314;20.1193;65.7576;14.5866;18.9521;12.5116;37.2747;6;94.7607;0;0;0;0;0.875;3.28812
cbba;reward00;1;../logs/prueba/scenario_2B_20t_2r_cbba_reward00_001.log;scenario_2B_20t_2r;20;2;1;(15,15);0;0;2;8;0;12;93.4073;0;93.4073;93.4073;17.9247;0.727656;18.4392;17.4102;35.8494;0;0;0;0;0.4;0.00248298
cbba;reward00;1;../logs/prueba/scenario_2A_24t_5r_cbba_reward00_001.log;scenario_2A_24t_5r;24;5;1;(15,15);0;0;5;19;0;5;38.2313;15.2846;57.9839;17.6628;11.4813;1.63689;14.0651;10.0652;57.4065;0;0;0;0;0.791667;0.0131163
random;reward00;1;../logs/prueba/scenario_4D_20t_3r_random_reward00_001.log;scenario_4D_20t_3r;20;3;1;(15,15);0;0;3;4;0;16;24.2092;4.85354;27.8936;18.7097;35.919;10.8456;48.4392;29.4154;107.757;0;0;0;0;0.2;0.000850367
dec-mcts-v2;reward00;1;../logs/prueba/scenario_1C_12t_2r_dec-mcts-v2_reward00_001.log;scenario_1C_12t_2r;12;2;1;(15,15);0;0;2;10;0;2;56.1795;2.34999;57.8412;54.5178;25.8975;4.67889;29.206;22.5891;51.795;0;0;0;0;0.833333;0.807098
random;reward00;1;../logs/prueba/scenario_3A_20t_2r_random_reward00_001.log;scenario_3A_20t_2r;20;2;1;(15,15);0;1;1;13;0;7;62.2293;1.94576;63.6051;60.8534;52.7522;32.2891;75.584;29.9203;105.504;0;0;0;0;0.65;0.0008205
dec-mcts-v1;reward00;1;../logs/prueba/scenario_2C_16t_5r_dec-mcts-v1_reward00_001.log;scenario_2C_16t_5r;16;5;1;(15,15);0;0;5;12;0;4;29.764;10.9451;44.0252;16.8401;18.9065;10.1072;31.4933;6;94.5325;0;0;0;0;0.75;2.70312
random;reward00;1;../logs/prueba/scenario_3C_20t_3r_random_reward00_001.log;scenario_3C_20t_3r;20;3;1;(15,15);0;1;2;10;0;10;38.7859;2.98791;42.227;36.8495;34.3559;32.9442;72.3962;15.184;103.068;0;0;0;0;0.5;0.00107631
cbba;reward00;1;../logs/prueba/scenario_2A_16t_2r_cbba_reward00_001.log;scenario_2A_16t_2r;16;2;1;(15,15);0;0;2;16;0;0;66.2857;8.98765;72.6409;59.9304;20.7279;0;20.7279;20.7279;41.4558;0;0;0;0;1;0.00160112
cbaa;reward00;1;../logs/prueba/scenario_1C_20t_2r_cbaa_reward00_001.log;scenario_1C_20t_2r;20;2;1;(15,15);0;0;2;10;0;10;52.3404;0.0531819;52.378;52.3028;11.7019;0.26591;11.8899;11.5139;23.4038;0;0;0;0;0.5;0.000693587
dec-mcts-v2;reward00;1;../logs/prueba/scenario_4A_20t_4r_dec-mcts-v2_reward00_001.log;scenario_4A_20t_4r;20;4;1;(15,15);0;0;4;13;2;5;39.0744;10.3927;51.0156;26.7161;28.4212;14.1554;48.169;15.7049;113.685;0;0;0;0;0.65;3.61936
cbba;reward00;1;../logs/prueba/scenario_4D_20t_3r_cbba_reward00_001.log;scenario_4D_20t_3r;20;3;1;(15,15);0;0;3;12;0;8;40.5423;9.94774;47.939;29.2332;21.912;9.39458;27.451;11.0649;65.7359;0;0;0;0;0.6;0.00473132
cbba;reward00;1;../logs/prueba/scenario_4D_12t_3r_cbba_reward00_001.log;scenario_4D_12t_3r;12;3;1;(15,15);0;0;3;8;0;4;22.5908;8.29869;31.9434;16.1075;16.0139;3.94427;20.2683;12.4788;48.0416;0;0;0;0;0.666667;0.00234987
greedy;reward00;1;../logs/prueba/scenario_2B_16t_3r_greedy_reward00_001.log;scenario_2B_16t_3r;16;3;1;(15,15);0;0;3;9;0;7;62.7119;3.26894;66.4866;60.8246;18.5133;3.70041;22.6795;15.6084;55.5399;0;0;0;0;0.5625;0.00104963
dec-mcts-v2;reward00;1;../logs/prueba/scenario_1D_20t_2r_dec-mcts-v2_reward00_001.log;scenario_1D_20t_2r;20;2;1;(15,15);0;0;2;14;0;6;77.5674;0.301428;77.7805;77.3542;32.837;1.50714;33.9027;31.7712;65.6739;0;0;0;0;0.7;1.52136
greedy;reward00;1;../logs/prueba/scenario_1B_24t_2r_greedy_reward00_001.log;scenario_1B_24t_2r;24;2;1;(15,15);0;0;2;10;0;14;83.3835;0.278052;83.5801;83.1869;16.9175;1.39026;17.9005;15.9344;33.8349;0;0;0;0;0.416667;0.00172012
dec-mcts-v2;reward00;1;../logs/prueba/scenario_2A_12t_4r_dec-mcts-v2_reward00_001.log;scenario_2A_12t_4r;12;4;1;(15,15);0;0;4;10;0;2;37.8272;23.2291;59.8208;17.327;19.1678;0.821191;19.9429;18.0435;76.6711;0;0;0;0;0.833333;1.73576
dec-mcts-v2;reward00;1;../logs/prueba/scenario_2D_12t_3r_dec-mcts-v2_reward00_001.log;scenario_2D_12t_3r;12;3;1;(15,15);0;0;3;7;0;5;29.7076;9.02734;39.5716;21.8569;26.0659;7.79328;34.5942;19.3146;78.1976;0;0;0;0;0.583333;1.27995
dec-mcts-v2;reward00;1;../logs/prueba/scenario_1A_24t_3r_dec-mcts-v2_reward00_001.log;scenario_1A_24t_3r;24;3;1;(15,15);0;0;3;24;0;0;90.5536;0.323952;90.8796;90.2317;36.1016;4.45659;41.1587;32.7481;108.305;0;0;0;0;1;4.84877
random;reward00;1;../logs/prueba/scenario_1B_12t_3r_random_reward00_001.log;scenario_1B_12t_3r;12;3;1;(15,15);0;0;3;6;0;6;52.6888;3.16961;56.3452;50.7211;21.7782;8.87482;32.0047;16.0946;65.3345;0;0;0;0;0.5;0.000746008
cbaa;reward00;1;../logs/prueba/scenario_1C_24t_3r_cbaa_reward00_001.log;scenario_1C_24t_3r;24;3;1;(15,15);0;0;3;16;0;8;55.7224;11.3845;62.3211;42.5768;11.9455;0.822853;12.8839;11.3472;35.8365;0;0;0;0;0.666667;0.000914964
cbaa;reward00;1;../logs/prueba/scenario_4A_12t_3r_cbaa_reward00_001.log;scenario_4A_12t_3r;12;3;1;(15,15);0;0;3;5;0;7;25.1377;43.5398;75.4131;0;8.49182;14.7083;25.4755;0;25.4755;0;0;0;0;0.416667;0.000420833
cbba;reward00;1;../logs/prueba/scenario_2C_12t_5r_cbba_reward00_001.log;scenario_2C_12t_5r;12;5;1;(15,15);0;0;5;8;0;4;18.5414;20.7672;52.7399;2.06752;10.372;4.49413;17.5505;6;51.8599;0;0;0;0;0.666667;0.00470529
cbaa;reward00;1;../logs/prueba/scenario_2C_24t_5r_cbaa_reward00_001.log;scenario_2C_24t_5r;24;5;1;(15,15);0;1;4;8;3;13;21.4537;29.9516;61.8932;0;5.68362;7.78907;14.6574;0;28.4181;0;0;0;0;0.333333;0.00122866
cbba;reward00;1;../logs/prueba/scenario_2A_20t_3r_cbba_reward00_001.log;scenario_2A_20t_3r;20;3;1;(15,15);0;0;3;13;0;7;75.8051;6.84508;83.5425;70.5381;17.1826;4.61178;20.3381;11.8899;51.5478;0;0;0;0;0.65;0.00321487
cbaa;reward00;1;../logs/prueba/scenario_4A_16t_4r_cbaa_reward00_001.log;scenario_4A_16t_4r;16;4;1;(15,15);0;0;4;12;0;4;33.9352;39.2594;70.8296;0;14.5652;17.2808;33.9932;0;58.2609;0;0;0;0;0.75;0.00136777
dec-mcts-v2;reward00;1;../logs/prueba/scenario_1A_24t_5r_dec-mcts-v2_reward00_001.log;scenario_1A_24t_5r;24;5;1;(15,15);0;0;5;23;1;0;57.0888;16.0386;76.464;40.685;25.4441;5.48734;32.3201;19.6514;127.22;0;0;0;0;0.958333;5.86172
cbaa;reward00;1;../logs/prueba/scenario_3C_24t_2r_cbaa_reward00_001.log;scenario_3C_24t_2r;24;2;1;(15,15);0;1;1;11;2;11;50.3397;6.38359;54.8536;45.8258;19.1002;10.9644;26.8532;11.3472;38.2004;0;0;0;0;0.458333;0.00107519
dec-mcts-v2;reward00;1;../logs/prueba/scenario_1B_16t_2r_dec-mcts-v2_reward00_001.log;scenario_1B_16t_2r;16;2;1;(15,15);0;0;2;10;0;6;67.8784;0;67.8784;67.8784;29.6227;6.74464;34.3919;24.8536;59.2455;0;0;0;0;0.625;1.00802
random;reward00;1;../logs/prueba/scenario_3C_12t_3r_random_reward00_001.log;scenario_3C_12t_3r;12;3;1;(15,15);0;0;3;7;0;5;21.3348;7.23189;29.6284;16.3441;24.742;5.14711;29.8635;19.5697;74.226;0;0;0;0;0.583333;0.000721574
dec-mcts-v2;reward00;1;../logs/prueba/scenario_2D_16t_2r_dec-mcts-v2_reward00_001.log;scenario_2D_16t_2r;16;2;1;(15,15);0;0;2;10;0;6;55.2486;14.397;65.4288;45.0684;35.3146;0.794156;35.8762;34.753;70.6292;0;0;0;0;0.625;1.3007
dec-mcts-v1;reward00;1;../logs/prueba/scenario_4A_12t_3r_dec-mcts-v1_reward00_001.log;scenario_4A_12t_3r;12;3;1;(15,15);0;0;3;10;0;2;27.2939;28.71;60.4155;9.5144;24.6488;5.86003;30.9214;19.3146;73.9464;0;0;0;0;0.833333;1.03898
greedy;reward00;1;../logs/prueba/scenario_1D_12t_2r_greedy_reward00_001.log;scenario_1D_12t_2r;12;2;1;(15,15);0;0;2;9;0;3;48.3586;7.32363;53.5372;43.18;16.793;1.2628;17.6859;15.9;33.5859;0;0;0;0;0.75;0.000821777
greedy;reward00;1;../logs/prueba/scenario_2D_12t_4r_greedy_reward00_001.log;scenario_2D_12t_4r;12;4;1;(15,15);0;0;4;10;0;2;20.9968;0.659292;21.5322;20.1648;13.0617;7.77622;22.1587;6;52.2468;0;0;0;0;0.833333;0.000798733
random;reward00;1;../logs/prueba/scenario_2B_12t_3r_random_reward00_001.log;scenario_2B_12t_3r;12;3;1;(15,15);0;0;3;0;0;12;50.811;0.18274;50.9165;50.6;8.11009;1.8274;9.16514;6;24.3303;0;0;0;0;0;0.000293642
greedy;reward00;1;../logs/prueba/scenario_4A_24t_4r_greedy_reward00_001.log;scenario_4A_24t_4r;24;4;1;(15,15);0;0;4;16;0;8;40.4177;6.58168;50.2431;36.2983;18.6736;8.65325;27.2569;10.8717;74.6942;0;0;0;0;0.666667;0.00126892
random;reward00;1;../logs/prueba/scenario_2D_12t_2r_random_reward00_001.log;scenario_2D_12t_2r;12;2;1;(15,15);0;0;2;7;0;5;60.9428;7.1149;65.9738;55.9118;23.0789;1.0459;23.8185;22.3394;46.1578;0;0;0;0;0.583333;0.000363576
greedy;reward00;1;../logs/prueba/scenario_4D_24t_5r_greedy_reward00_001.log;scenario_4D_24t_5r;24;5;1;(15,15);0;0;5;17;0;7;34.4781;3.54548;39.7036;30.9647;16.5699;5.47595;24.7791;9.58255;82.8493;0;0;0;0;0.708333;0.00119309
random;reward00;1;../logs/prueba/scenario_2B_24t_2r_random_reward00_001.log;scenario_2B_24t_2r;24;2;1;(15,15);0;0;2;2;0;22;80.8606;0.197206;81;80.7211;14.3214;5.34763;18.1027;10.54;28.6427;0;0;0;0;0.0833333;0.00027192
random;reward00;1;../logs/prueba/scenario_4A_16t_3r_random_reward00_001.log;scenario_4A_16t_3r;16;3;1;(15,15);0;0;3;11;0;5;63.0811;15.671;81.1752;53.8601;34.2127;2.00121;35.7215;31.9426;102.638;0;0;0;0;0.6875;0.00076811
cbba;reward00;1;../logs/prueba/scenario_1A_12t_5r_cbba_reward00_001.log;scenario_1A_12t_5r;12;5;1;(15,15);0;0;5;12;0;0;25.9117;20.5428;53.1968;0;9.55832;5.84186;15.9842;0;47.7916;0;0;0;0;1;0.00421063
cbaa;reward00;1;../logs/prueba/scenario_4A_16t_5r_cbaa_reward00_001.log;scenario_4A_16t_5r;16;5;1;(15,15);0;0;5;7;0;9;16.4878;36.8679;82.4392;0;6.07797;13.5907;30.3898;0;30.3898;0;0;0;0;0.4375;0.00224252
cbba;reward00;1;../logs/prueba/scenario_1A_20t_2r_cbba_reward00_001.log;scenario_1A_20t_2r;20;2;1;(15,15);0;0;2;14;0;6;73.3142;0.237297;73.482;73.1464;16.5712;1.18648;17.4102;15.7322;33.1424;0;0;0;0;0.7;0.00223774
dec-mcts-v2;reward00;1;../logs/prueba/scenario_2B_20t_2r_dec-mcts-v2_reward00_001.log;scenario_2B_20t_2r;20;2;1;(15,15);0;0;2;9;0;11;79.1336;6.92284;84.0287;74.2384;35.4261;4.41883;38.5507;32.3015;70.8522;0;0;0;0;0.45;2.67818
greedy;reward00;1;../logs/prueba/scenario_2B_20t_4r_greedy_reward00_001.log;scenario_2B_20t_4r;20;4;1;(15,15);0;0;4;17;0;3;51.4347;7.55751;57.9652;44.2889;19.8768;4.80532;26.5249;15.0666;79.507;0;0;0;0;0.85;0.00151667
random;reward00;1;../logs/prueba/scenario_4D_16t_5r_random_reward00_001.log;scenario_4D_16t_5r;16;5;1;(15,15);0;0;5;9;0;7;26.7966;6.48631;31.9882;15.7825;20.1794;8.68268;32.6007;10;100.897;0;0;0;0;0.5625;0.000807822
dec-mcts-v1;reward00;1;../logs/prueba/scenario_2A_24t_3r_dec-mcts-v1_reward00_001.log;scenario_2A_24t_3r;24;3;1;(15,15);0;0;3;15;0;9;74.0224;15.37;89.3371;58.5976;51.6423;6.38311;56.9092;44.5435;154.927;0;0;0;0;0.625;7.46483
random;reward00;1;../logs/prueba/scenario_1D_16t_5r_random_reward00_001.log;scenario_1D_16t_5r;16;5;1;(15,15);0;0;5;14;0;2;31.9424;4.68016;34.4388;23.6357;19.712;3.04299;22.1942;15.0711;98.56;0;0;0;0;0.875;0.000823047
cbba;reward00;1;../logs/prueba/scenario_2D_16t_3r_cbba_reward00_001.log;scenario_2D_16t_3r;16;3;1;(15,15);0;0;3;10;0;6;55.5277;20.56;71.6962;32.3886;14.0107;4.875;17.8863;8.53732;42.0321;0;0;0;0;0.625;0.00179985
cbba;reward00;1;../logs/prueba/scenario_2B_20t_3r_cbba_reward00_001.log;scenario_2B_20t_3r;20;3;1;(15,15);0;0;3;11;0;9;71.6563;0.872422;72.16;70.6489;13.8215;5.32221;18.4109;7.98719;41.4646;0;0;0;0;0.55;0.0042684
cbaa;reward00;1;../logs/prueba/scenario_3C_20t_5r_cbaa_reward00_001.log;scenario_3C_20t_5r;20;5;1;(15,15);0;0;5;8;0;12;17.7834;25.0495;52.7662;0;7.892;10.8224;20.5575;0;39.46;0;0;0;0;0.4;0.00143591
random;reward00;1;../logs/prueba/scenario_3A_24t_3r_random_reward00_001.log;scenario_3A_24t_3r;24;3;1;(15,15);0;0;3;17;0;7;70.0061;1.53301;71.7626;68.9377;48.6885;4.78326;54.1432;45.2101;146.066;0;0;0;0;0.708333;0.00179212
greedy;reward00;1;../logs/prueba/scenario_1C_20t_2r_greedy_reward00_001.log;scenario_1C_20t_2r;20;2;1;(15,15);0;0;2;14;0;6;73.923;0.647263;74.3806;73.4653;19.6148;3.23631;21.9032;17.3263;39.2295;0;0;0;0;0.7;0.00073682
dec-mcts-v1;reward00;1;../logs/prueba/scenario_3A_24t_3r_dec-mcts-v1_reward00_001.log;scenario_3A_24t_3r;24;3;1;(15,15);0;0;3;18;0;6;56.9026;32.2549;87.8389;23.4738;39.6492;11.0914;48.621;27.2481;118.948;0;0;0;0;0.75;6.45969
greedy;reward00;1;../logs/prueba/scenario_2C_20t_2r_greedy_reward00_001.log;scenario_2C_20t_2r;20;2;1;(15,15);0;0;2;12;0;8;60.4465;11.4431;68.538;52.355;21.6335;3.98339;24.4502;18.8168;43.2669;0;0;0;0;0.6;0.000902846
cbba;reward00;1;../logs/prueba/scenario_1A_20t_5r_cbba_reward00_001.log;scenario_1A_20t_5r;20;5;1;(15,15);0;0;5;20;0;0;41.9352;23.4428;52.6172;0;9.67599;5.4414;13.0862;0;48.38;0;0;0;0;1;0.00850661
greedy;reward00;1;../logs/prueba/scenario_1C_24t_2r_greedy_reward00_001.log;scenario_1C_24t_2r;24;2;1;(15,15);0;0;2;16;0;8;84.401;1.21169;85.2578;83.5443;22.0052;6.05844;26.2892;17.7213;44.0104;0;0;0;0;0.666667;0.00118301
dec-mcts-v1;reward00;1;../logs/prueba/scenario_2A_20t_4r_dec-mcts-v1_reward00_001.log;scenario_2A_20t_4r;20;4;1;(15,15);0;0;4;16;0;4;59.9582;10.7032;75.8123;52.4708;33.8708;12.5995;51.9488;22.9994;135.483;0;0;0;0;0.8;3.44095
cbaa;reward00;1;../logs/prueba/scenario_3C_24t_5r_cbaa_reward00_001.log;scenario_3C_24t_5r;24;5;1;(15,15);0;0;5;10;0;14;27.6915;25.7846;53.7374;0;10.2287;10.2756;23.1943;0;51.1433;0;0;0;0;0.416667;0.0016172
dec-mcts-v1;reward00;1;../logs/prueba/scenario_1A_24t_3r_dec-mcts-v1_reward00_001.log;scenario_1A_24t_3r;24;3;1;(15,15);0;0;3;23;0;1;88.6558;3.30749;90.7589;84.8434;34.9457;1.6418;36.8257;33.7943;104.837;0;0;0;0;0.958333;6.72012
greedy;reward00;1;../logs/prueba/scenario_4A_20t_3r_greedy_reward00_001.log;scenario_4A_20t_3r;20;3;1;(15,15);0;0;3;11;0;9;49.9581;14.0069;66.1199;41.3373;18.297;7.22945;25.929;11.5519;54.8911;0;0;0;0;0.55;0.00099697
cbba;reward00;1;../logs/prueba/scenario_4A_16t_5r_cbba_reward00_001.log;scenario_4A_16t_5r;16;5;1;(15,15);0;0;5;13;0;3;30.5001;13.2379;49.308;17.6898;13.8111;6.36372;20.9741;8.53732;69.0557;0;0;0;0;0.8125;0.0120535
dec-mcts-v1;reward00;1;../logs/prueba/scenario_3A_16t_4r_dec-mcts-v1_reward00_001.log;scenario_3A_16t_4r;16;4;1;(15,15);0;0;4;11;0;5;30.9543;27.7587;55.1897;1.64924;25.2621;12.8656;36.3363;8.24621;101.048;0;0;0;0;0.6875;2.0906
cbaa;reward00;1;../logs/prueba/scenario_1D_24t_3r_cbaa_reward00_001.log;scenario_1D_24t_3r;24;3;1;(15,15);0;0;3;15;0;9;52.3865;45.6649;83.7783;0;11.9324;10.3813;18.8916;0;35.7972;0;0;0;0;0.625;0.00228718
random;reward00;1;../logs/prueba/scenario_4A_20t_4r_random_reward00_001.log;scenario_4A_20t_4r;20;4;1;(15,15);0;0;4;12;0;8;41.5632;11.261;57.3368;30.613;29.2675;13.9115;46.4404;13.7726;117.07;0;0;0;0;0.6;0.00102005
cbaa;reward00;1;../logs/prueba/scenario_3C_20t_3r_cbaa_reward00_001.log;scenario_3C_20t_3r;20;3;1;(15,15);0;1;2;9;0;11;27.4709;24.0847;44.9592;0;13.087;13.9181;27.709;0;39.2609;0;0;0;0;0.45;0.00181654
greedy;reward00;1;../logs/prueba/scenario_3C_24t_3r_greedy_reward00_001.log;scenario_3C_24t_3r;24;3;1;(15,15);0;1;2;10;0;14;49.7014;18.0482;63.2665;29.2175;14.72;4.23154;18.3341;10.0652;44.16;0;0;0;0;0.416667;0.00109085
random;reward00;1;../logs/prueba/scenario_2B_24t_5r_random_reward00_001.log;scenario_2B_24t_5r;24;5;1;(15,15);0;0;5;8;0;16;80.816;0.133203;81;80.7211;26.6954;13.5626;46.6922;9.16514;133.477;0;0;0;0;0.333333;0.000986118
greedy;reward00;1;../logs/prueba/scenario_1D_16t_5r_greedy_reward00_001.log;scenario_1D_16t_5r;16;5;1;(15,15);0;0;5;16;0;0;34.7402;4.71315;43.1217;32.1657;13.701;2.76762;16.8715;10.8284;68.505;0;0;0;0;1;0.000853067
dec-mcts-v1;reward00;1;../logs/prueba/scenario_2C_24t_5r_dec-mcts-v1_reward00_001.log;scenario_2C_24t_5r;24;5;1;(15,15);0;0;5;17;0;7;38.4169;24.9596;80.7442;19.6633;29.1785;17.554;60.1872;17.8982;145.893;0;0;0;0;0.708333;5.20068
dec-mcts-v2;reward00;1;../logs/prueba/scenario_4A_12t_3r_dec-mcts-v2_reward00_001.log;scenario_4A_12t_3r;12;3;1;(15,15);0;0;3;9;0;3;33.8305;7.47066;42.0271;27.4036;23.4281;3.84956;27.7913;20.5111;70.2842;0;0;0;0;0.75;2.6991
dec-mcts-v2;reward00;1;../logs/prueba/scenario_2B_16t_5r_dec-mcts-v2_reward00_001.log;scenario_2B_16t_5r;16;5;1;(15,15);0;0;5;11;0;5;40.4228;17.1552;67.0527;25.2633;27.6395;9.42621;38.8967;16;138.197;0;0;0;0;0.6875;3.85985
dec-mcts-v2;reward00;1;../logs/prueba/scenario_1B_12t_4r_dec-mcts-v2_reward00_001.log;scenario_1B_12t_4r;12;4;1;(15,15);0;0;4;11;0;1;55.2839;5.46314;60.4163;49.3864;25.2643;3.56084;28.2648;20.7933;101.057;0;0;0;0;0.916667;4.27595
random;reward00;1;../logs/prueba/scenario_2D_16t_2r_random_reward00_001.log;scenario_2D_16t_2r;16;2;1;(15,15);0;0;2;10;0;6;47.345;1.28527;48.2538;46.4362;46.864;18.5789;60.0013;33.7267;93.7281;0;0;0;0;0.625;0.000671023
cbaa;reward00;1;../logs/prueba/scenario_1C_12t_2r_cbaa_reward00_001.log;scenario_1C_12t_2r;12;2;1;(15,15);0;0;2;5;0;7;26.7686;37.8565;53.5372;0;8.84295;12.5058;17.6859;0;17.6859;0;0;0;0;0.416667;0.000278815
random;reward00;1;../logs/prueba/scenario_1A_12t_4r_random_reward00_001.log;scenario_1A_12t_4r;12;4;1;(15,15);0;0;4;12;0;0;34.2006;0.523986;34.7344;33.6641;21.0028;2.61993;23.6722;18.3204;84.0111;0;0;0;0;1;0.000569983
greedy;reward00;1;../logs/prueba/scenario_4A_20t_4r_greedy_reward00_001.log;scenario_4A_20t_4r;20;4;1;(15,15);0;0;4;11;0;9;45.8856;8.76484;58.1566;38.953;15.591;5.2993;19.8392;7.98719;62.364;0;0;0;0;0.55;0.00103725
cbaa;reward00;1;../logs/prueba/scenario_2D_20t_5r_cbaa_reward00_001.log;scenario_2D_20t_5r;20;5;1;(15,15);0;0;5;10;0;10;19.0455;26.2439;51.7672;0;6.88962;10.2512;22.8962;0;34.4481;0;0;0;0;0.5;0.000937186
random;reward00;1;../logs/prueba/scenario_1A_24t_5r_random_reward00_001.log;scenario_1A_24t_5r;24;5;1;(15,15);0;0;5;24;0;0;54.0566;4.23173;56.9649;46.6006;30.2828;3.96186;34.8246;24.4822;151.414;0;0;0;0;1;0.00121369
dec-mcts-v2;reward00;1;../logs/prueba/scenario_3C_20t_2r_dec-mcts-v2_reward00_001.log;scenario_3C_20t_2r;20;2;1;(15,15);0;0;2;8;0;12;63.1118;7.12373;68.1491;58.0746;29.1904;5.77599;33.2747;25.1062;58.3809;0;0;0;0;0.4;1.92617
cbaa;reward00;1;../logs/prueba/scenario_1C_24t_5r_cbaa_reward00_001.log;scenario_1C_24t_5r;24;5;1;(15,15);0;0;5;12;0;12;25.1907;37.3885;83.3768;0;5.95355;8.27398;16.8838;0;29.7677;0;0;0;0;0.5;0.00119067
cbba;reward00;1;../logs/prueba/scenario_3C_24t_4r_cbba_reward00_001.log;scenario_3C_24t_4r;24;4;1;(15,15);0;0;4;13;0;11;35.5966;10.9806;47.7196;21.5135;15.3008;6.1112;22.1553;7.60552;61.2033;0;0;0;0;0.541667;0.0189791
cbba;reward00;1;../logs/prueba/scenario_3A_24t_5r_cbba_reward00_001.log;scenario_3A_24t_5r;24;5;1;(15,15);0;0;5;14;0;10;33.2668;12.2815;49.3874;21.7268;13.3671;5.23799;22.5399;10.0652;66.8353;0;0;0;0;0.583333;0.0282882
cbba;reward00;1;../logs/prueba/scenario_1A_12t_3r_cbba_reward00_001.log;scenario_1A_12t_3r;12;3;1;(15,15);0;0;3;12;0;0;43.2807;10.6982;53.4892;32.1522;16.4034;5.2003;21.0034;10.7608;49.2101;0;0;0;0;1;0.00299602
cbba;reward00;1;../logs/prueba/scenario_3C_20t_2r_cbba_reward00_001.log;scenario_3C_20t_2r;20;2;1;(15,15);0;1;1;11;0;9;55.4081;4.91464;58.8833;51.9329;26.0464;2.91714;28.1092;23.9837;52.0929;0;0;0;0;0.55;0.00222594
cbba;reward00;1;../logs/prueba/scenario_1B_24t_2r_cbba_reward00_001.log;scenario_1B_24t_2r;24;2;1;(15,15);0;0;2;14;0;10;84.9661;0;84.9661;84.9661;24.502;0.464466;24.8304;24.1735;49.0039;0;0;0;0;0.583333;0.00576151
cbaa;reward00;1;../logs/prueba/scenario_1D_20t_2r_cbaa_reward00_001.log;scenario_1D_20t_2r;20;2;1;(15,15);0;0;2;7;0;13;37.2669;52.7033;74.5337;0;11.3343;16.0291;22.6685;0;22.6685;0;0;0;0;0.35;0.000491235
dec-mcts-v2;reward00;1;../logs/prueba/scenario_2D_24t_4r_dec-mcts-v2_reward00_001.log;scenario_2D_24t_4r;24;4;1;(15,15);0;0;4;17;0;7;44.8164;18.2013;71.4166;30.1717;29.4209;8.93303;39.6466;19.4032;117.684;0;0;0;0;0.708333;5.21988
cbaa;reward00;1;../logs/prueba/scenario_2A_20t_3r_cbaa_reward00_001.log;scenario_2A_20t_3r;20;3;1;(15,15);0;0;3;13;0;7;48.0033;41.5721;72.0767;0;12.8596;11.1374;19.4058;0;38.5788;0;0;0;0;0.65;0.00103758
dec-mcts-v2;reward00;1;../logs/prueba/scenario_4A_12t_2r_dec-mcts-v2_reward00_001.log;scenario_4A_12t_2r;12;2;1;(15,15);0;0;2;8;0;4;64.4395;3.31269;66.7819;62.0971;32.476;8.20244;38.276;26.676;64.9519;0;0;0;0;0.666667;0.943041
greedy;reward00;1;../logs/prueba/scenario_2B_24t_4r_greedy_reward00_001.log;scenario_2B_24t_4r;24;4;1;(15,15);0;1;3;16;0;8;86.309;5.31461;93.2493;80.7789;17.7644;3.24822;22.3561;14.9344;71.0578;0;0;0;0;0.666667;0.00142133
cbba;reward00;1;../logs/prueba/scenario_1A_20t_4r_cbba_reward00_001.log;scenario_1A_20t_4r;20;4;1;(15,15);0;0;4;20;0;0;52.419;0.136836;52.6172;52.3028;12.095;0.684181;13.0862;11.5139;48.38;0;0;0;0;1;0.00534968
random;reward00;1;../logs/prueba/scenario_1C_16t_4r_random_reward00_001.log;scenario_1C_16t_4r;16;4;1;(15,15);0;0;4;12;0;4;33.8953;0.760911;34.5917;32.8971;19.4764;3.80455;22.9585;14.4853;77.9057;0;0;0;0;0.75;0.000592555
cbaa;reward00;1;../logs/prueba/scenario_4A_24t_3r_cbaa_reward00_001.log;scenario_4A_24t_3r;24;3;1;(15,15);0;2;1;12;1;11;68.1314;15.7695;78.6664;50.0016;15.7867;1.67557;17.3454;14.0147;47.36;0;0;0;0;0.5;0.00133918
dec-mcts-v1;reward00;1;../logs/prueba/scenario_2D_16t_3r_dec-mcts-v1_reward00_001.log;scenario_2D_16t_3r;16;3;1;(15,15);0;0;3;14;0;2;57.1568;24.908;78.8182;29.9402;31.2531;20.9433;54.4892;13.831;93.7594;0;0;0;0;0.875;1.93476
greedy;reward00;1;../logs/prueba/scenario_2C_16t_5r_greedy_reward00_001.log;scenario_2C_16t_5r;16;5;1;(15,15);0;0;5;13;0;3;37.4479;7.54749;44.1843;28.7188;13.3902;3.54319;16.9056;8.53732;66.9508;0;0;0;0;0.8125;0.000876844
dec-mcts-v2;reward00;1;../logs/prueba/scenario_1B_12t_3r_dec-mcts-v2_reward00_001.log;scenario_1B_12t_3r;12;3;1;(15,15);0;0;3;10;0;2;57.7962;0.756573;58.624;57.1405;25.6147;2.84265;28.1199;22.5253;76.844;0;0;0;0;0.833333;1.37991
dec-mcts-v1;reward00;1;../logs/prueba/scenario_2A_20t_3r_dec-mcts-v1_reward00_001.log;scenario_2A_20t_3r;20;3;1;(15,15);0;0;3;13;0;7;74.8648;20.2582;96.7795;56.8221;43.1352;11.468;51.3507;30.0333;129.406;0;0;0;0;0.65;3.22508
cbba;reward00;1;../logs/prueba/scenario_2A_12t_4r_cbba_reward00_001.log;scenario_2A_12t_4r;12;4;1;(15,15);0;0;4;9;0;3;26.1128;14.707;40.3029;8.08547;11.9479;2.72688;15.9842;10;47.7916;0;0;0;0;0.75;0.00341551
greedy;reward00;1;../logs/prueba/scenario_2D_20t_2r_greedy_reward00_001.log;scenario_2D_20t_2r;20;2;1;(15,15);0;0;2;13;0;7;43.0468;3.19275;45.3045;40.7892;18.3202;0.684234;18.804;17.8364;36.6404;0;0;0;0;0.65;0.000761932
dec-mcts-v2;reward00;1;../logs/prueba/scenario_2A_24t_5r_dec-mcts-v2_reward00_001.log;scenario_2A_24t_5r;24;5;1;(15,15);0;0;5;16;0;8;40.7817;15.2119;67.7382;31.873;23.8426;10.0452;40.5546;14.1823;119.213;0;0;0;0;0.666667;6.32861
cbaa;reward00;1;../logs/prueba/scenario_2B_24t_5r_cbaa_reward00_001.log;scenario_2B_24t_5r;24;5;1;(15,15);0;1;4;12;0;12;46.9564;42.9534;80.5074;0;10.1607;9.87752;20.9284;0;50.8033;0;0;0;0;0.5;0.00186279
greedy;reward00;1;../logs/prueba/scenario_1A_12t_4r_greedy_reward00_001.log;scenario_1A_12t_4r;12;4;1;(15,15);0;0;4;12;0;0;32.2319;0.124309;32.4139;32.1522;11.1594;0.621545;12.0696;10.7608;44.6377;0;0;0;0;1;0.000562776
greedy;reward00;1;../logs/prueba/scenario_3A_24t_2r_greedy_reward00_001.log;scenario_3A_24t_2r;24;2;1;(15,15);0;1;1;14;0;10;62.0034;26.8509;80.9898;43.0169;18.9418;3.08461;21.123;16.7607;37.8836;0;0;0;0;0.583333;0.0010906
cbaa;reward00;1;../logs/prueba/scenario_2B_20t_5r_cbaa_reward00_001.log;scenario_2B_20t_5r;20;5;1;(15,15);0;1;4;10;0;10;36.7165;34.0617;71;0;14.4655;17.2326;41.6403;0;72.3273;0;0;0;0;0.5;0.0013858
cbaa;reward00;1;../logs/prueba/scenario_2A_24t_3r_cbaa_reward00_001.log;scenario_2A_24t_3r;24;3;1;(15,15);0;0;3;7;0;17;27.8784;48.2868;83.6353;0;6.55078;11.3463;19.6523;0;19.6523;0;0;0;0;0.291667;0.000833979
dec-mcts-v1;reward00;1;../logs/prueba/scenario_4D_12t_5r_dec-mcts-v1_reward00_001.log;scenario_4D_12t_5r;12;5;1;(15,15);0;0;5;7;0;5;8.41569;7.24024;18.3983;1;16.9802;19.2835;50.0787;0;84.901;0;0;0;0;0.583333;1.66976
random;reward00;1;../logs/prueba/scenario_2D_20t_3r_random_reward00_001.log;scenario_2D_20t_3r;20;3;1;(15,15);0;0;3;11;0;9;58.0872;11.1949;69.0426;46.6672;26.7295;6.57068;33.5908;20.4942;80.1884;0;0;0;0;0.55;0.000780747
cbaa;reward00;1;../logs/prueba/scenario_2A_16t_2r_cbaa_reward00_001.log;scenario_2A_16t_2r;16;2;1;(15,15);0;0;2;9;0;7;71.0722;5.04845;74.642;67.5024;13.6326;3.20584;15.8995;11.3657;27.2652;0;0;0;0;0.5625;0.000545935
cbba;reward00;1;../logs/prueba/scenario_1A_16t_4r_cbba_reward00_001.log;scenario_1A_16t_4r;16;4;1;(15,15);0;0;4;16;0;0;42.2731;0;42.2731;42.2731;11.3657;0;11.3657;11.3657;45.463;0;0;0;0;1;0.00631558
random;reward00;1;../logs/prueba/scenario_2B_20t_4r_random_reward00_001.log;scenario_2B_20t_4r;20;4;1;(15,15);0;0;4;4;0;16;70.7967;0.199892;70.969;70.6;14.6954;8.59699;26.9967;7.98719;58.7817;0;0;0;0;0.2;0.000541521
cbaa;reward00;1;../logs/prueba/scenario_1A_20t_5r_cbaa_reward00_001.log;scenario_1A_20t_5r;20;5;1;(15,15);0;0;5;14;0;6;29.3257;40.156;73.482;0;6.62848;9.09578;17.4102;0;33.1424;0;0;0;0;0.7;0.00103479
random;reward00;1;../logs/prueba/scenario_2C_12t_5r_random_reward00_001.log;scenario_2C_12t_5r;12;5;1;(15,15);0;0;5;9;0;3;13.4065;8.71949;23.7706;4.14236;16.5814;7.79903;26.4207;6.34727;82.9069;0;0;0;0;0.75;0.000987464
greedy;reward00;1;../logs/prueba/scenario_2B_12t_4r_greedy_reward00_001.log;scenario_2B_12t_4r;12;4;1;(15,15);0;0;4;8;0;4;34.0267;7.77149;40.734;26.5335;18.1014;2.21658;21.1961;15.9842;72.4055;0;0;0;0;0.666667;0.000688057
greedy;reward00;1;../logs/prueba/scenario_4A_20t_2r_greedy_reward00_001.log;scenario_4A_20t_2r;20;2;1;(15,15);0;0;2;10;0;10;77.8973;6.4784;82.4783;73.3164;17.6883;0.393337;17.9664;17.4102;35.3766;0;0;0;0;0.5;0.000742611
cbba;reward00;1;../logs/prueba/scenario_2B_24t_4r_cbba_reward00_001.log;scenario_2B_24t_4r;24;4;1;(15,15);0;1;3;14;0;10;66.1078;16.117;80.9165;52.1635;23.7658;5.59107;28.7775;15.7791;95.0633;0;0;0;0;0.583333;0.0121211
dec-mcts-v1;reward00;1;../logs/prueba/scenario_4A_20t_2r_dec-mcts-v1_reward00_001.log;scenario_4A_20t_2r;20;2;1;(15,15);0;0;2;11;0;9;81.4476;15.1956;92.1926;70.7027;55.5315;17.3573;67.805;43.2581;111.063;0;0;0;0;0.55;2.2712
random;reward00;1;../logs/prueba/scenario_2A_20t_3r_random_reward00_001.log;scenario_2A_20t_3r;20;3;1;(15,15);0;0;3;16;0;4;70.9264;4.20949;73.9061;66.1108;46.619;24.2789;73.967;27.6036;139.857;0;0;0;0;0.8;0.000913422
greedy;reward00;1;../logs/prueba/scenario_1D_20t_5r_greedy_reward00_001.log;scenario_1D_20t_5r;20;5;1;(15,15);0;0;5;17;0;3;36.6797;5.50399;43.0942;32.0148;13.3985;2.49146;15.4711;10.0742;66.9925;0;0;0;0;0.85;0.000994456
cbaa;reward00;1;../logs/prueba/scenario_1D_20t_4r_cbaa_reward00_001.log;scenario_1D_20t_4r;20;4;1;(15,15);0;0;4;12;0;8;31.6536;36.5507;63.4817;0;8.26803;9.57365;17.4087;0;33.0721;0;0;0;0;0.6;0.00146768
cbba;reward00;1;../logs/prueba/scenario_3A_24t_2r_cbba_reward00_001.log;scenario_3A_24t_2r;24;2;1;(15,15);0;0;2;12;0;12;90.284;10.1827;97.4842;83.0837;18.9557;3.07819;21.1323;16.7791;37.9114;0;0;0;0;0.5;0.00356462
dec-mcts-v1;reward00;1;../logs/prueba/scenario_2C_12t_5r_dec-mcts-v1_reward00_001.log;scenario_2C_12t_5r;12;5;1;(15,15);0;0;5;8;0;4;24.4357;19.1794;56.107;5.2;15.7801;11.3446;35.0888;7.21109;78.9006;0;0;0;0;0.666667;2.43018
dec-mcts-v2;reward00;1;../logs/prueba/scenario_1B_16t_4r_dec-mcts-v2_reward00_001.log;scenario_1B_16t_4r;16;4;1;(15,15);0;0;4;14;0;2;68.8148;1.73843;70.2228;66.653;28.4246;2.26365;31.1142;26.0937;113.698;0;0;0;0;0.875;3.16297
dec-mcts-v2;reward00;1;../logs/prueba/scenario_1D_12t_3r_dec-mcts-v2_reward00_001.log;scenario_1D_12t_3r;12;3;1;(15,15);0;0;3;12;0;0;47.3058;13.0966;60.6903;34.5173;26.5289;6.01429;33.4514;22.5867;79.5868;0;0;0;0;1;1.22395
greedy;reward00;1;../logs/prueba/scenario_2A_20t_2r_greedy_reward00_001.log;scenario_2A_20t_2r;20;2;1;(15,15);0;1;1;13;0;7;52.457;1.47896;53.5028;51.4112;20.2223;7.29135;25.3781;15.0666;40.4447;0;0;0;0;0.65;0.000949156
cbaa;reward00;1;../logs/prueba/scenario_2A_16t_5r_cbaa_reward00_001.log;scenario_2A_16t_5r;16;5;1;(15,15);0;0;5;10;0;6;19.0958;26.3261;52.0639;0;8.29117;11.3532;20.7279;0;41.4558;0;0;0;0;0.625;0.00155772
random;reward00;1;../logs/prueba/scenario_3C_24t_3r_random_reward00_001.log;scenario_3C_24t_3r;24;3;1;(15,15);0;0;3;13;0;11;37.4591;9.09675;45.0885;27.3918;37.0846;13.447;47.145;21.8117;111.254;0;0;0;0;0.541667;0.00100079
random;reward00;1;../logs/prueba/scenario_1C_24t_4r_random_reward00_001.log;scenario_1C_24t_4r;24;4;1;(15,15);0;0;4;19;0;5;52.6473;4.68945;55.7395;45.6599;25.7365;3.19427;28.6976;22.8834;102.946;0;0;0;0;0.791667;0.00145278
dec-mcts-v1;reward00;1;../logs/prueba/scenario_2B_24t_4r_dec-mcts-v1_reward00_001.log;scenario_2B_24t_4r;24;4;1;(15,15);0;0;4;12;0;12;89.3359;9.95586;98.4507;80.7211;29.1479;15.8814;48.4221;13.4772;116.591;0;0;0;0;0.5;7.37107
random;reward00;1;../logs/prueba/scenario_2A_16t_5r_random_reward00_001.log;scenario_2A_16t_5r;16;5;1;(15,15);0;0;5;14;0;2;25.8298;5.29991;34.9302;21.2139;21.4265;11.7284;39.9641;10;107.132;0;0;0;0;0.875;0.000948856
greedy;reward00;1;../logs/prueba/scenario_1D_24t_2r_greedy_reward00_001.log;scenario_1D_24t_2r;24;2;1;(15,15);0;0;2;14;0;10;74.1797;1.33644;75.1247;73.2347;20.8986;6.68218;25.6236;16.1736;41.7972;0;0;0;0;0.583333;0.00229585
cbaa;reward00;1;../logs/prueba/scenario_1B_24t_5r_cbaa_reward00_001.log;scenario_1B_24t_5r;24;5;1;(15,15);0;0;5;16;0;8;66.3494;37.1074;83.756;0;10.9725;7.66483;18.7799;0;54.8625;0;0;0;0;0.666667;0.00170872
greedy;reward00;1;../logs/prueba/scenario_1A_20t_4r_greedy_reward00_001.log;scenario_1A_20t_4r;20;4;1;(15,15);0;0;4;20;0;0;52.3243;0.0673721;52.378;52.2383;11.6214;0.33686;11.8899;11.1917;46.4854;0;0;0;0;1;0.00116014
cbaa;reward00;1;../logs/prueba/scenario_1A_16t_4r_cbaa_reward00_001.log;scenario_1A_16t_4r;16;4;1;(15,15);0;0;4;12;0;4;31.5899;36.4769;63.1799;0;7.94975;9.17958;15.8995;0;31.799;0;0;0;0;0.75;0.00178876
cbba;reward00;1;../logs/prueba/scenario_3A_24t_3r_cbba_reward00_001.log;scenario_3A_24t_3r;24;3;1;(15,15);0;2;1;13;0;11;62.6481;16.8724;79.8252;46.0979;18.1152;6.38081;23.7526;11.1881;54.3457;0;0;0;0;0.541667;0.0133801
cbaa;reward00;1;../logs/prueba/scenario_2A_12t_4r_cbaa_reward00_001.log;scenario_2A_12t_4r;12;4;1;(15,15);0;0;4;9;0;3;25.8866;29.8942;52.2797;0;9.44003;10.902;19.1107;0;37.7601;0;0;0;0;0.75;0.000701297
random;reward00;1;../logs/prueba/scenario_1A_20t_3r_random_reward00_001.log;scenario_1A_20t_3r;20;3;1;(15,15);0;0;3;20;0;0;73.7856;5.61462;77.2061;67.3058;35.5947;1.21212;36.5288;34.2249;106.784;0;0;0;0;1;0.00109673
dec-mcts-v1;reward00;1;../logs/prueba/scenario_3C_20t_5r_dec-mcts-v1_reward00_001.log;scenario_3C_20t_5r;20;5;1;(15,15);0;0;5;10;0;10;23.4953;4.86638;28.7512;16.4104;23.0164;13.0068;39.5364;9.68958;115.082;0;0;0;0;0.5;5.77025
random;reward00;1;../logs/prueba/scenario_1C_12t_2r_random_reward00_001.log;scenario_1C_12t_2r;12;2;1;(15,15);0;0;2;9;0;3;50.5959;6.84467;55.4358;45.756;27.9795;1.13199;28.78;27.1791;55.959;0;0;0;0;0.75;0.000382303
greedy;reward00;1;../logs/prueba/scenario_2D_24t_3r_greedy_reward00_001.log;scenario_2D_24t_3r;24;3;1;(15,15);0;1;2;14;0;10;54.7375;1.57069;56.2201;53.0915;15.1438;7.5021;23.7607;10.0652;45.4314;0;0;0;0;0.583333;0.00198754
dec-mcts-v1;reward00;1;../logs/prueba/scenario_4A_24t_3r_dec-mcts-v1_reward00_001.log;scenario_4A_24t_3r;24;3;1;(15,15);0;0;3;16;0;8;75.0914;23.0159;100.789;56.3731;50.7747;8.47545;56.1073;41.0016;152.324;0;0;0;0;0.666667;4.21104
dec-mcts-v1;reward00;1;../logs/prueba/scenario_1D_12t_3r_dec-mcts-v1_reward00_001.log;scenario_1D_12t_3r;12;3;1;(15,15);0;0;3;12;0;0;48.1678;3.53239;52.0422;45.1262;25.839;4.27175;30.2109;21.6749;77.5169;0;0;0;0;1;1.36382
cbaa;reward00;1;../logs/prueba/scenario_2D_12t_4r_cbaa_reward00_001.log;scenario_2D_12t_4r;12;4;1;(15,15);0;0;4;7;0;5;23.4591;28.4265;57.4746;0;8.64074;11.2011;23.5164;0;34.563;0;0;0;0;0.583333;0.00086773
dec-mcts-v1;reward00;1;../logs/prueba/scenario_3C_20t_2r_dec-mcts-v1_reward00_001.log;scenario_3C_20t_2r;20;2;1;(15,15);0;1;1;6;0;14;49.5069;1.65713;50.6787;48.3351;35.5833;10.0069;42.6592;28.5073;71.1665;0;0;0;0;0.3;1.7075
dec-mcts-v1;reward00;1;../logs/prueba/scenario_2C_20t_2r_dec-mcts-v1_reward00_001.log;scenario_2C_20t_2r;20;2;1;(15,15);0;0;2;12;0;8;70.161;6.60746;74.8332;65.4889;36.9274;8.96741;43.2683;30.5865;73.8548;0;0;0;0;0.6;2.04466
cbaa;reward00;1;../logs/prueba/scenario_3A_24t_3r_cbaa_reward00_001.log;scenario_3A_24t_3r;24;3;1;(15,15);0;0;3;13;0;11;58.8381;51.2121;93.38;0;9.99426;9.29399;18.3773;0;29.9828;0;0;0;0;0.541667;0.00198216
cbba;reward00;1;../logs/prueba/scenario_1C_24t_4r_cbba_reward00_001.log;scenario_1C_24t_4r;24;4;1;(15,15);0;0;4;20;0;4;52.4455;25.1186;83.4347;32.013;12.2274;3.37644;17.1735;10.0652;48.9094;0;0;0;0;0.833333;0.0125166
greedy;reward00;1;../logs/prueba/scenario_4D_16t_4r_greedy_reward00_001.log;scenario_4D_16t_4r;16;4;1;(15,15);0;0;4;9;0;7;34.6196;3.92182;39.9562;31.1952;14.4134;7.06015;22.6795;8.53732;57.6536;0;0;0;0;0.5625;0.000805887
dec-mcts-v2;reward00;1;../logs/prueba/scenario_2A_24t_2r_dec-mcts-v2_reward00_001.log;scenario_2A_24t_2r;24;2;1;(15,15);0;0;2;18;0;6;82.771;16.561;94.4814;71.0606;33.7303;5.1518;37.3732;30.0874;67.4606;0;0;0;0;0.75;4.02564
greedy;reward00;1;../logs/prueba/scenario_1C_24t_5r_greedy_reward00_001.log;scenario_1C_24t_5r;24;5;1;(15,15);0;0;5;20;0;4;43.1192;0.86972;44.0472;42.2;15.5961;4.3486;20.2359;11;77.9804;0;0;0;0;0.833333;0.00115728
dec-mcts-v2;reward00;1;../logs/prueba/scenario_1C_20t_4r_dec-mcts-v2_reward00_001.log;scenario_1C_20t_4r;20;4;1;(15,15);0;0;4;20;0;0;59.5701;13.3259;77.6917;46.5663;24.1004;4.67275;28.4584;17.8317;96.4018;0;0;0;0;1;3.74957
dec-mcts-v2;reward00;1;../logs/prueba/scenario_4D_16t_4r_dec-mcts-v2_reward00_001.log;scenario_4D_16t_4r;16;4;1;(15,15);0;0;4;13;0;3;27.4016;13.2334;43.6119;11.4594;26.2798;10.1413;34.654;11.8863;105.119;0;0;0;0;0.8125;1.98861
cbba;reward00;1;../logs/prueba/scenario_2B_12t_3r_cbba_reward00_001.log;scenario_2B_12t_3r;12;3;1;(15,15);0;0;3;7;0;5;52.7324;3.63671;56.9317;50.6327;10.6851;4.64773;15.2945;6;32.0553;0;0;0;0;0.583333;0.00174436
cbba;reward00;1;../logs/prueba/scenario_1C_24t_2r_cbba_reward00_001.log;scenario_1C_24t_2r;24;2;1;(15,15);0;0;2;16;0;8;84.0688;0.978638;84.7608;83.3768;20.3439;4.89319;23.8039;16.8838;40.6877;0;0;0;0;0.666667;0.00508488
dec-mcts-v2;reward00;1;../logs/prueba/scenario_1D_20t_4r_dec-mcts-v2_reward00_001.log;scenario_1D_20t_4r;20;4;1;(15,15);0;0;4;19;1;0;56.9573;4.87806;61.0799;50.0195;28.5364;8.99994;37.1803;20.0976;114.146;0;0;0;0;0.95;5.12041
cbaa;reward00;1;../logs/prueba/scenario_2D_12t_2r_cbaa_reward00_001.log;scenario_2D_12t_2r;12;2;1;(15,15);0;0;2;7;0;5;29.362;7.86267;34.9217;23.8022;16.4563;0.786642;17.0125;15.9;32.9125;0;0;0;0;0.583333;0.000391076
dec-mcts-v1;reward00;1;../logs/prueba/scenario_1D_16t_5r_dec-mcts-v1_reward00_001.log;scenario_1D_16t_5r;16;5;1;(15,15);0;0;5;15;0;1;36.8497;14.7169;61.0499;24.7662;19.2483;9.34016;35.2496;11.5952;96.2414;0;0;0;0;0.9375;4.45388
random;reward00;1;../logs/prueba/scenario_4D_20t_2r_random_reward00_001.log;scenario_4D_20t_2r;20;2;1;(15,15);0;0;2;9;0;11;45.4228;9.74833;52.316;38.5297;41.9739;0.031827;41.9964;41.9514;83.9477;0;0;0;0;0.45;0.00067751
cbaa;reward00;1;../logs/prueba/scenario_2B_24t_4r_cbaa_reward00_001.log;scenario_2B_24t_4r;24;4;1;(15,15);0;0;4;14;0;10;81.9094;2.24826;85.279;80.7211;18.5753;2.5958;20.5825;14.9006;74.3012;0;0;0;0;0.583333;0.00156502
random;reward00;1;../logs/prueba/scenario_4A_12t_2r_random_reward00_001.log;scenario_4A_12t_2r;12;2;1;(15,15);0;0;2;8;0;4;42.2794;2.01748;43.706;40.8528;38.7859;17.6474;51.2646;26.3073;77.5719;0;0;0;0;0.666667;0.000558378
dec-mcts-v2;reward00;1;../logs/prueba/scenario_3C_24t_2r_dec-mcts-v2_reward00_001.log;scenario_3C_24t_2r;24;2;1;(15,15);0;0;2;11;0;13;71.462;18.9507;84.8622;58.0618;37.9781;10.1924;45.1853;30.771;75.9563;0;0;0;0;0.458333;2.69538
cbba;reward00;1;../logs/prueba/scenario_4A_12t_3r_cbba_reward00_001.log;scenario_4A_12t_3r;12;3;1;(15,15);0;0;3;7;0;5;18.2824;12.0824;30.0703;5.92568;16.0243;3.21336;18.7445;12.4788;48.0728;0;0;0;0;0.583333;0.00215054
cbba;reward00;1;../logs/prueba/scenario_3C_16t_4r_cbba_reward00_001.log;scenario_3C_16t_4r;16;4;1;(15,15);0;0;4;11;0;5;35.4265;9.96714;44.3783;22.0273;15.7368;10.7827;30.8015;6;62.9472;0;0;0;0;0.6875;0.00660722
dec-mcts-v1;reward00;1;../logs/prueba/scenario_2A_12t_5r_dec-mcts-v1_reward00_001.log;scenario_2A_12t_5r;12;5;1;(15,15);0;0;5;9;1;2;27.356;15.9051;48.36;9.68039;17.0635;11.6747;36.5313;6.34727;85.3173;0;0;0;0;0.75;2.17623
dec-mcts-v1;reward00;1;../logs/prueba/scenario_2B_24t_2r_dec-mcts-v1_reward00_001.log;scenario_2B_24t_2r;24;2;1;(15,15);0;0;2;11;0;13;94.0164;0;94.0164;94.0164;37.5687;15.0184;48.1883;26.949;75.1373;0;0;0;0;0.458333;1.4465
dec-mcts-v2;reward00;1;../logs/prueba/scenario_4D_20t_4r_dec-mcts-v2_reward00_001.log;scenario_4D_20t_4r;20;4;1;(15,15);0;0;4;10;3;7;28.0938;9.94706;37.9669;18.6399;22.865;6.99418;33.1328;17.6452;91.4599;0;0;0;0;0.5;2.90801
dec-mcts-v2;reward00;1;../logs/prueba/scenario_1A_20t_2r_dec-mcts-v2_reward00_001.log;scenario_1A_20t_2r;20;2;1;(15,15);0;0;2;14;0;6;79.192;0.140563;79.2914;79.0926;25.9598;0.702815;26.4568;25.4628;51.9196;0;0;0;0;0.7;2.2031
dec-mcts-v2;reward00;1;../logs/prueba/scenario_2A_16t_2r_dec-mcts-v2_reward00_001.log;scenario_2A_16t_2r;16;2;1;(15,15);0;0;2;10;0;6;65.8674;1.13734;66.6716;65.0632;19.545;8.41421;25.4947;13.5952;39.09;0;0;0;0;0.625;1.6261
cbaa;reward00;1;../logs/prueba/scenario_1A_12t_5r_cbaa_reward00_001.log;scenario_1A_12t_5r;12;5;1;(15,15);0;0;5;10;0;2;21.3468;29.2306;53.5372;0;6.73402;9.24054;17.6859;0;33.6701;0;0;0;0;0.833333;0.000675679
greedy;reward00;1;../logs/prueba/scenario_2B_12t_2r_greedy_reward00_001.log;scenario_2B_12t_2r;12;2;1;(15,15);0;0;2;7;0;5;71.2621;0;71.2621;71.2621;25.2253;1.55662;26.326;24.1246;50.4505;0;0;0;0;0.583333;0.000505009
dec-mcts-v2;reward00;1;../logs/prueba/scenario_3A_12t_5r_dec-mcts-v2_reward00_001.log;scenario_3A_12t_5r;12;5;1;(15,15);0;0;5;7;0;5;19.7221;27.1919;62.4568;1;11.7237;12.9408;28.3797;0;58.6186;0;0;0;0;0.583333;3.67372
dec-mcts-v2;reward00;1;../logs/prueba/scenario_2A_12t_2r_dec-mcts-v2_reward00_001.log;scenario_2A_12t_2r;12;2;1;(15,15);0;0;2;6;0;6;56.8662;9.30461;63.4456;50.2869;25.8105;3.38444;28.2037;23.4173;51.621;0;0;0;0;0.5;1.4722
cbaa;reward00;1;../logs/prueba/scenario_2C_12t_4r_cbaa_reward00_001.log;scenario_2C_12t_4r;12;4;1;(15,15);0;0;4;2;0;10;12.6535;25.307;50.614;0;2.32865;4.6573;9.31461;0;9.31461;0;0;0;0;0.166667;0.000392768
cbba;reward00;1;../logs/prueba/scenario_2C_20t_3r_cbba_reward00_001.log;scenario_2C_20t_3r;20;3;1;(15,15);0;0;3;12;0;8;39.904;29.2236;73.647;22.7604;11.7646;0.217114;11.8899;11.5139;35.2937;0;0;0;0;0.6;0.00290039
greedy;reward00;1;../logs/prueba/scenario_2A_16t_5r_greedy_reward00_001.log;scenario_2A_16t_5r;16;5;1;(15,15);0;0;5;12;0;4;31.7207;11.5332;50.7783;20.6138;14.2143;4.7413;17.8995;6;71.0714;0;0;0;0;0.75;0.00101123
greedy;reward00;1;../logs/prueba/scenario_2A_12t_5r_greedy_reward00_001.log;scenario_2A_12t_5r;12;5;1;(15,15);0;0;5;10;0;2;22.821;9.75956;40.2162;17.5126;13.3153;8.32458;26.4165;6;66.5765;0;0;0;0;0.833333;0.000648342
cbba;reward00;1;../logs/prueba/scenario_2D_24t_5r_cbba_reward00_001.log;scenario_2D_24t_5r;24;5;1;(15,15);0;0;5;17;0;7;35.7438;20.7133;61.8027;17.2668;13.9417;3.59935;18.3392;11.0652;69.7084;0;0;0;0;0.708333;0.0112493
greedy;reward00;1;../logs/prueba/scenario_2D_12t_5r_greedy_reward00_001.log;scenario_2D_12t_5r;12;5;1;(15,15);0;0;5;9;0;3;24.338;5.79305;33.8764;18.8888;13.509;8.93341;28.8865;6.34727;67.5449;0;0;0;0;0.75;0.000694876
cbba;reward00;1;../logs/prueba/scenario_1D_24t_2r_cbba_reward00_001.log;scenario_1D_24t_2r;24;2;1;(15,15);0;0;2;15;0;9;78.5797;6.866;83.4347;73.7247;17.8986;1.02533;18.6236;17.1736;35.7972;0;0;0;0;0.625;0.00229282
cbaa;reward00;1;../logs/prueba/scenario_4D_12t_3r_cbaa_reward00_001.log;scenario_4D_12t_3r;12;3;1;(15,15);0;0;3;9;0;3;29.5097;2.81669;31.4987;26.2866;17.2154;4.46262;21.341;12.4788;51.6463;0;0;0;0;0.75;0.000898939
dec-mcts-v1;reward00;1;../logs/prueba/scenario_1A_16t_2r_dec-mcts-v1_reward00_001.log;scenario_1A_16t_2r;16;2;1;(15,15);0;0;2;12;0;4;69.2036;0.153241;69.312;69.0953;26.0181;6.30486;30.4763;21.5599;52.0363;0;0;0;0;0.75;2.21295
cbaa;reward00;1;../logs/prueba/scenario_3A_12t_5r_cbaa_reward00_001.log;scenario_3A_12t_5r;12;5;1;(15,15);0;0;5;8;0;4;16.0601;18.9;40.2683;0;8.29596;8.1418;18.6494;0;41.4798;0;0;0;0;0.666667;0.000799382
dec-mcts-v1;reward00;1;../logs/prueba/scenario_3C_20t_3r_dec-mcts-v1_reward00_001.log;scenario_3C_20t_3r;20;3;1;(15,15);0;0;3;11;0;9;67.5467;3.43343;70.2637;63.6878;27.9553;12.4038;35.4865;13.6391;83.866;0;0;0;0;0.55;4.79518
random;reward00;1;../logs/prueba/scenario_1B_20t_3r_random_reward00_001.log;scenario_1B_20t_3r;20;3;1;(15,15);0;0;3;7;0;13;70.7082;0.0937121;70.7623;70.6;24.3107;10.2011;32.0176;12.7427;72.9322;0;0;0;0;0.35;0.000900873
greedy;reward00;1;../logs/prueba/scenario_2D_12t_2r_greedy_reward00_001.log;scenario_2D_12t_2r;12;2;1;(15,15);0;0;2;6;0;6;36.1026;6.08879;40.408;31.7972;18.5394;2.1594;20.0664;17.0125;37.0789;0;0;0;0;0.5;0.000383998
cbba;reward00;1;../logs/prueba/scenario_3A_20t_3r_cbba_reward00_001.log;scenario_3A_20t_3r;20;3;1;(15,15);0;0;3;14;0;6;58.4446;16.9785;70.5976;39.0452;14.6449;5.38775;20.8531;11.1917;43.9347;0;0;0;0;0.7;0.0124571
dec-mcts-v2;reward00;1;../logs/prueba/scenario_4D_12t_2r_dec-mcts-v2_reward00_001.log;scenario_4D_12t_2r;12;2;1;(15,15);0;0;2;6;0;6;50.7748;10.5683;58.2477;43.3019;22.5696;4.86821;26.0119;19.1272;45.1391;0;0;0;0;0.5;0.824708
cbba;reward00;1;../logs/prueba/scenario_1D_20t_2r_cbba_reward00_001.log;scenario_1D_20t_2r;20;2;1;(15,15);0;0;2;13;0;7;68.6315;7.16192;73.6958;63.5673;18.1576;0.454254;18.4788;17.8364;36.3152;0;0;0;0;0.65;0.00150971