tanda,variante,escenario,solver,reward_function,replica,bloque,robots,tareas,geometria,ventana,regimen,coalicion,instancia,final_reward,completed_tasks,failed_tasks,pending_tasks,available_agents,failed_agents,finished_agents,average_robot_makespan,sd_robot_makespan,max_robot_makespan,min_robot_makespan,average_robot_travel_distance,sum_robot_travel_distance,computing_time,tareas_intentadas,tasa_intento,tasa_exito,t_retiro_medio
eval_probe,,prb_b_escasa_r04_n024_det_i1,cbaa,reward00,1,,,,,,,,,0.541667,13.0,11.0,0.0,0.0,0.0,4.0,49.8967,6.06562,58.2,44.8928,12.7199,50.8795,0.000833611,13,,1.0,49.8967
eval_probe,,prb_b_escasa_r04_n024_det_i1,cbaa,reward00,2,,,,,,,,,0.541667,13.0,11.0,0.0,0.0,0.0,4.0,49.8967,6.06562,58.2,44.8928,12.7199,50.8795,0.000896704,13,,1.0,49.8967
eval_probe,,prb_b_escasa_r04_n024_det_i1,cbaa,reward00,3,,,,,,,,,0.541667,13.0,11.0,0.0,0.0,0.0,4.0,49.8967,6.06562,58.2,44.8928,12.7199,50.8795,0.000621472,13,,1.0,49.8967
eval_probe,,prb_b_escasa_r04_n024_det_i1,cbba,reward00,1,,,,,,,,,0.5,12.0,12.0,0.0,0.0,0.0,4.0,47.311,12.9761,64.5892,33.1645,15.2895,61.1582,0.000939479,12,,1.0,47.311
eval_probe,,prb_b_escasa_r04_n024_det_i1,cbba,reward00,2,,,,,,,,,0.5,12.0,12.0,0.0,0.0,0.0,4.0,47.311,12.9761,64.5892,33.1645,15.2895,61.1582,0.00088585,12,,1.0,47.311
eval_probe,,prb_b_escasa_r04_n024_det_i1,cbba,reward00,3,,,,,,,,,0.5,12.0,12.0,0.0,0.0,0.0,4.0,47.311,12.9761,64.5892,33.1645,15.2895,61.1582,0.000899547,12,,1.0,47.311
eval_probe,,prb_b_escasa_r04_n024_det_i1,dec-mcts-v4-g9999,reward00,1,,,,,,,,,0.541667,13.0,11.0,0.0,0.0,0.0,4.0,55.4503,5.45537,63.505,52.0034,15.2236,60.8944,2.99483,13,,1.0,55.4503
eval_probe,,prb_b_escasa_r04_n024_det_i1,dec-mcts-v4-g9999,reward00,2,,,,,,,,,0.541667,13.0,11.0,0.0,0.0,0.0,4.0,55.4503,5.45537,63.505,52.0034,14.9748,59.8991,3.09312,13,,1.0,55.4503
eval_probe,,prb_b_escasa_r04_n024_det_i1,dec-mcts-v4-g9999,reward00,3,,,,,,,,,0.541667,13.0,11.0,0.0,0.0,0.0,4.0,55.7613,5.22393,63.505,52.1697,16.4943,65.977,2.91812,13,,1.0,55.7613
eval_probe,,prb_b_escasa_r04_n024_det_i1,greedy,reward00,1,,,,,,,,,0.458333,11.0,13.0,0.0,0.0,0.0,4.0,53.1597,6.36481,61.6134,46.9025,10.5357,42.1427,0.000936496,11,,1.0,53.1597
eval_probe,,prb_b_escasa_r04_n024_det_i1,greedy,reward00,2,,,,,,,,,0.458333,11.0,13.0,0.0,0.0,0.0,4.0,53.1597,6.36481,61.6134,46.9025,10.5357,42.1427,0.00104392,11,,1.0,53.1597
eval_probe,,prb_b_escasa_r04_n024_det_i1,greedy,reward00,3,,,,,,,,,0.458333,11.0,13.0,0.0,0.0,0.0,4.0,53.1597,6.36481,61.6134,46.9025,10.5357,42.1427,0.000823599,11,,1.0,53.1597
eval_probe,,prb_b_escasa_r04_n024_det_i1,random,reward00,1,,,,,,,,,0.25,6.0,18.0,0.0,0.0,0.0,4.0,53.1185,2.12792,54.69,49.9997,17.1877,68.7509,0.000515675,6,,1.0,53.1184
eval_probe,,prb_b_escasa_r04_n024_det_i1,random,reward00,2,,,,,,,,,0.291667,7.0,17.0,0.0,0.0,0.0,4.0,51.51,2.17258,53.5833,48.4565,15.5905,62.3621,0.000621423,8,,0.875,51.51
eval_probe,,prb_b_escasa_r04_n024_det_i1,random,reward00,3,,,,,,,,,0.25,6.0,18.0,0.0,0.0,0.0,4.0,53.1648,3.45174,57.1065,49.9997,16.21,64.8401,0.00052202,6,,1.0,53.1648
eval_probe,,prb_b_escasa_r04_n024_det_i2,cbaa,reward00,1,,,,,,,,,0.5,12.0,12.0,0.0,0.0,0.0,4.0,44.3479,18.2328,58.823,19.1667,13.8903,55.5613,0.000608518,12,,1.0,44.3479
eval_probe,,prb_b_escasa_r04_n024_det_i2,cbaa,reward00,2,,,,,,,,,0.5,12.0,12.0,0.0,0.0,0.0,4.0,44.3479,18.2328,58.823,19.1667,13.8903,55.5613,0.000565876,12,,1.0,44.3479
eval_probe,,prb_b_escasa_r04_n024_det_i2,cbaa,reward00,3,,,,,,,,,0.5,12.0,12.0,0.0,0.0,0.0,4.0,44.3479,18.2328,58.823,19.1667,13.8903,55.5613,0.000594418,12,,1.0,44.3479
eval_probe,,prb_b_escasa_r04_n024_det_i2,cbba,reward00,1,,,,,,,,,0.583333,14.0,10.0,0.0,0.0,0.0,4.0,53.5172,8.06522,61.4012,42.7595,18.0596,72.2384,0.00103732,14,,1.0,53.5172
eval_probe,,prb_b_escasa_r04_n024_det_i2,cbba,reward00,2,,,,,,,,,0.583333,14.0,10.0,0.0,0.0,0.0,4.0,53.5172,8.06522,61.4012,42.7595,18.0596,72.2384,0.00094598,14,,1.0,53.5172
eval_probe,,prb_b_escasa_r04_n024_det_i2,cbba,reward00,3,,,,,,,,,0.583333,14.0,10.0,0.0,0.0,0.0,4.0,53.5172,8.06522,61.4012,42.7595,18.0596,72.2384,0.000944295,14,,1.0,53.5172
eval_probe,,prb_b_escasa_r04_n024_det_i2,dec-mcts-v4-g9999,reward00,1,,,,,,,,,0.541667,13.0,11.0,0.0,0.0,0.0,4.0,57.2145,1.79954,59.3395,55.213,21.5682,86.273,2.93591,13,,1.0,57.2145
eval_probe,,prb_b_escasa_r04_n024_det_i2,dec-mcts-v4-g9999,reward00,2,,,,,,,,,0.583333,14.0,10.0,0.0,0.0,0.0,4.0,54.5609,6.02047,60.0443,49.1231,16.4515,65.8059,3.08391,14,,1.0,54.5609
eval_probe,,prb_b_escasa_r04_n024_det_i2,dec-mcts-v4-g9999,reward00,3,,,,,,,,,0.541667,13.0,11.0,0.0,0.0,0.0,4.0,55.6305,4.71318,61.0936,50.8956,16.8541,67.4163,2.82463,13,,1.0,55.6305
eval_probe,,prb_b_escasa_r04_n024_det_i2,greedy,reward00,1,,,,,,,,,0.333333,8.0,16.0,0.0,0.0,0.0,4.0,53.8222,3.41169,58.9025,51.6065,7.90786,31.6314,0.000517482,8,,1.0,53.8222
eval_probe,,prb_b_escasa_r04_n024_det_i2,greedy,reward00,2,,,,,,,,,0.333333,8.0,16.0,0.0,0.0,0.0,4.0,53.8222,3.41169,58.9025,51.6065,7.90786,31.6314,0.000400698,8,,1.0,53.8222
eval_probe,,prb_b_escasa_r04_n024_det_i2,greedy,reward00,3,,,,,,,,,0.333333,8.0,16.0,0.0,0.0,0.0,4.0,53.8222,3.41169,58.9025,51.6065,7.90786,31.6314,0.000358983,8,,1.0,53.8222
eval_probe,,prb_b_escasa_r04_n024_det_i2,random,reward00,1,,,,,,,,,0.291667,7.0,17.0,0.0,0.0,0.0,4.0,52.9551,2.03662,55.8185,51.1597,17.0948,68.3794,0.00061753,8,,0.875,52.9551
eval_probe,,prb_b_escasa_r04_n024_det_i2,random,reward00,2,,,,,,,,,0.333333,8.0,16.0,0.0,0.0,0.0,4.0,53.3036,2.44082,56.9255,51.6065,15.1208,60.4832,0.000636787,10,,0.8,53.3036
eval_probe,,prb_b_escasa_r04_n024_det_i2,random,reward00,3,,,,,,,,,0.208333,5.0,19.0,0.0,0.0,0.0,4.0,50.9913,0.544456,51.6065,50.3033,15.7893,63.1574,0.000370194,5,,1.0,50.9913
eval_probe,,prb_b_escasa_r04_n024_det_i3,cbaa,reward00,1,,,,,,,,,0.458333,11.0,13.0,0.0,0.0,0.0,4.0,42.0054,15.5921,56.8028,20.0,12.3713,49.4854,0.00081322,11,,1.0,42.0054
eval_probe,,prb_b_escasa_r04_n024_det_i3,cbaa,reward00,2,,,,,,,,,0.458333,11.0,13.0,0.0,0.0,0.0,4.0,42.0054,15.5921,56.8028,20.0,12.3713,49.4854,0.00074103,11,,1.0,42.0054
eval_probe,,prb_b_escasa_r04_n024_det_i3,cbaa,reward00,3,,,,,,,,,0.458333,11.0,13.0,0.0,0.0,0.0,4.0,42.0054,15.5921,56.8028,20.0,12.3713,49.4854,0.00067745,11,,1.0,42.0054
eval_probe,,prb_b_escasa_r04_n024_det_i3,cbba,reward00,1,,,,,,,,,0.583333,14.0,10.0,0.0,0.0,0.0,4.0,52.1996,7.78412,60.7766,45.3233,15.0655,60.262,0.0020185,14,,1.0,52.1996
eval_probe,,prb_b_escasa_r04_n024_det_i3,cbba,reward00,2,,,,,,,,,0.583333,14.0,10.0,0.0,0.0,0.0,4.0,52.1996,7.78412,60.7766,45.3233,15.0655,60.262,0.00144113,14,,1.0,52.1996
eval_probe,,prb_b_escasa_r04_n024_det_i3,cbba,reward00,3,,,,,,,,,0.583333,14.0,10.0,0.0,0.0,0.0,4.0,52.1996,7.78412,60.7766,45.3233,15.0655,60.262,0.00147241,14,,1.0,52.1996
eval_probe,,prb_b_escasa_r04_n024_det_i3,dec-mcts-v4-g9999,reward00,1,,,,,,,,,0.583333,14.0,10.0,0.0,0.0,0.0,4.0,52.7784,7.98685,59.7766,45.8571,14.1964,56.7855,5.63599,14,,1.0,52.7784
eval_probe,,prb_b_escasa_r04_n024_det_i3,dec-mcts-v4-g9999,reward00,2,,,,,,,,,0.541667,13.0,11.0,0.0,0.0,0.0,4.0,53.2132,7.74376,64.0854,45.8665,14.0661,56.2645,3.07097,13,,1.0,53.2131
eval_probe,,prb_b_escasa_r04_n024_det_i3,dec-mcts-v4-g9999,reward00,3,,,,,,,,,0.583333,14.0,10.0,0.0,0.0,0.0,4.0,57.1177,4.19329,62.7732,53.1418,18.276,73.1041,3.2209,14,,1.0,57.1177
eval_probe,,prb_b_escasa_r04_n024_det_i3,greedy,reward00,1,,,,,,,,,0.333333,8.0,16.0,0.0,0.0,0.0,4.0,51.0275,5.51738,58.9602,47.0,10.8783,43.5131,0.000638174,8,,1.0,51.0275
eval_probe,,prb_b_escasa_r04_n024_det_i3,greedy,reward00,2,,,,,,,,,0.291667,7.0,17.0,0.0,0.0,0.0,4.0,50.6121,4.72702,57.2987,47.0,10.902,43.6078,0.000656406,8,,0.875,50.6121
eval_probe,,prb_b_escasa_r04_n024_det_i3,greedy,reward00,3,,,,,,,,,0.291667,7.0,17.0,0.0,0.0,0.0,4.0,50.6121,4.72702,57.2987,47.0,10.902,43.6078,0.000620997,8,,0.875,50.6121
eval_probe,,prb_b_escasa_r04_n024_det_i3,random,reward00,1,,,,,,,,,0.25,6.0,18.0,0.0,0.0,0.0,4.0,49.8107,4.3234,55.5902,46.0497,11.5338,46.1354,0.000667533,6,,1.0,49.8107
eval_probe,,prb_b_escasa_r04_n024_det_i3,random,reward00,2,,,,,,,,,0.25,6.0,18.0,0.0,0.0,0.0,4.0,50.3984,5.26369,57.8879,46.0497,22.4034,89.6136,0.000830989,8,,0.75,50.3984
eval_probe,,prb_b_escasa_r04_n024_det_i3,random,reward00,3,,,,,,,,,0.25,6.0,18.0,0.0,0.0,0.0,4.0,51.3052,6.01072,58.9602,46.0497,17.0676,68.2705,0.000476124,7,,0.857143,51.3052
eval_probe,,prb_b_escasa_r04_n024_est_i1,cbaa,reward00,1,,,,,,,,,0.125,3.0,19.0,2.0,0.0,0.0,4.0,12.4109,24.8218,49.6435,0.0,4.93387,19.7355,0.000184997,4,,0.75,12.4109
eval_probe,,prb_b_escasa_r04_n024_est_i1,cbaa,reward00,2,,,,,,,,,0.125,3.0,20.0,1.0,0.0,0.0,4.0,12.5458,25.0916,50.1833,0.0,4.34262,17.3705,0.000167097,3,,1.0,12.5458
eval_probe,,prb_b_escasa_r04_n024_est_i1,cbaa,reward00,3,,,,,,,,,0.0833333,2.0,22.0,0.0,0.0,0.0,4.0,16.1165,32.2329,64.4658,0.0,5.76321,23.0528,0.000235528,5,,0.4,16.1165
eval_probe,,prb_b_escasa_r04_n024_est_i1,cbba,reward00,1,,,,,,,,,0.208333,5.0,19.0,0.0,0.0,0.0,4.0,46.7276,10.963,57.0,32.445,11.5377,46.151,0.000556797,9,,0.555556,46.7276
eval_probe,,prb_b_escasa_r04_n024_est_i1,cbba,reward00,2,,,,,,,,,0.25,6.0,18.0,0.0,0.0,0.0,4.0,42.8188,11.8152,52.7732,25.78,15.3152,61.2608,0.000690643,13,,0.461538,42.8188
eval_probe,,prb_b_escasa_r04_n024_est_i1,cbba,reward00,3,,,,,,,,,0.25,6.0,18.0,0.0,0.0,0.0,4.0,42.1576,10.9382,48.3205,25.78,13.1514,52.6056,0.000604204,11,,0.545455,42.1576
eval_probe,,prb_b_escasa_r04_n024_est_i1,dec-mcts-v4-g9999,reward00,1,,,,,,,,,0.416667,10.0,14.0,0.0,0.0,0.0,4.0,55.2953,4.80929,60.7996,50.1144,15.3245,61.2982,1.91432,10,,1.0,55.2953
eval_probe,,prb_b_escasa_r04_n024_est_i1,dec-mcts-v4-g9999,reward00,2,,,,,,,,,0.458333,11.0,13.0,0.0,0.0,0.0,4.0,55.8262,2.03221,57.8291,52.9941,22.2525,89.0099,1.84452,17,,0.647059,55.8262
eval_probe,,prb_b_escasa_r04_n024_est_i1,dec-mcts-v4-g9999,reward00,3,,,,,,,,,0.458333,11.0,13.0,0.0,0.0,0.0,4.0,56.0833,4.12899,60.4779,51.6652,19.753,79.0119,1.86374,13,,0.846154,56.0833
eval_probe,,prb_b_escasa_r04_n024_est_i1,greedy,reward00,1,,,,,,,,,0.291667,7.0,17.0,0.0,0.0,0.0,4.0,57.9105,0.737925,58.9664,57.3441,9.8173,39.2692,0.000249627,7,,1.0,57.9105
eval_probe,,prb_b_escasa_r04_n024_est_i1,greedy,reward00,2,,,,,,,,,0.166667,4.0,20.0,0.0,0.0,2.0,2.0,51.0598,0.712424,51.8731,50.2031,13.5047,54.0188,0.000312743,10,,0.4,51.0381
eval_probe,,prb_b_escasa_r04_n024_est_i1,greedy,reward00,3,,,,,,,,,0.291667,7.0,17.0,0.0,0.0,0.0,4.0,55.7255,4.17992,60.719,50.8633,13.4581,53.8324,0.000329376,10,,0.7,55.7255
eval_probe,,prb_b_escasa_r04_n024_est_i1,random,reward00,1,,,,,,,,,0.208333,5.0,19.0,0.0,0.0,0.0,4.0,59.8896,8.28173,70.1991,52.54,11.4921,45.9685,0.000209159,6,,0.833333,59.8896
eval_probe,,prb_b_escasa_r04_n024_est_i1,random,reward00,2,,,,,,,,,0.208333,5.0,19.0,0.0,0.0,1.0,3.0,46.7343,9.77058,52.8133,32.274,19.0241,76.0962,0.000257666,8,,0.625,51.5543
eval_probe,,prb_b_escasa_r04_n024_est_i1,random,reward00,3,,,,,,,,,0.166667,4.0,20.0,0.0,0.0,1.0,3.0,51.6289,6.30066,55.8769,42.3935,14.3258,57.3031,0.000216482,8,,0.5,54.7074
eval_probe,,prb_b_escasa_r04_n024_est_i2,cbaa,reward00,1,,,,,,,,,0.416667,10.0,14.0,0.0,0.0,0.0,4.0,44.5813,34.1043,82.9897,6.33937,22.4441,89.7762,0.000987666,16,,0.625,44.5813
eval_probe,,prb_b_escasa_r04_n024_est_i2,cbaa,reward00,2,,,,,,,,,0.208333,5.0,19.0,0.0,0.0,0.0,4.0,50.6711,7.12646,57.2928,42.3097,22.3417,89.3669,0.000952237,15,,0.333333,50.6712
eval_probe,,prb_b_escasa_r04_n024_est_i2,cbaa,reward00,3,,,,,,,,,0.541667,13.0,11.0,0.0,0.0,0.0,4.0,53.4389,6.74178,62.0742,47.5091,23.8946,95.5782,0.00128612,20,,0.65,53.4389
eval_probe,,prb_b_escasa_r04_n024_est_i2,cbba,reward00,1,,,,,,,,,0.333333,8.0,14.0,2.0,0.0,0.0,4.0,38.2986,4.9774,43.1697,33.6065,15.9376,63.7505,0.00163024,17,,0.470588,38.2986
eval_probe,,prb_b_escasa_r04_n024_est_i2,cbba,reward00,2,,,,,,,,,0.333333,8.0,16.0,0.0,0.0,0.0,4.0,48.4986,19.2294,64.5411,20.8564,20.1158,80.4633,0.00169732,19,,0.421053,48.4986
eval_probe,,prb_b_escasa_r04_n024_est_i2,cbba,reward00,3,,,,,,,,,0.333333,8.0,16.0,0.0,0.0,0.0,4.0,50.5416,14.9456,63.8272,30.0834,14.1079,56.4317,0.00141621,14,,0.571429,50.5416
eval_probe,,prb_b_escasa_r04_n024_est_i2,dec-mcts-v4-g9999,reward00,1,,,,,,,,,0.375,9.0,15.0,0.0,0.0,0.0,4.0,58.4116,6.48601,64.7109,52.3074,25.6807,102.723,3.94741,14,,0.642857,58.4117
eval_probe,,prb_b_escasa_r04_n024_est_i2,dec-mcts-v4-g9999,reward00,2,,,,,,,,,0.291667,7.0,17.0,0.0,0.0,0.0,4.0,54.6548,6.54325,64.0576,49.3394,24.5882,98.3528,3.98496,15,,0.466667,54.6548
eval_probe,,prb_b_escasa_r04_n024_est_i2,dec-mcts-v4-g9999,reward00,3,,,,,,,,,0.541667,13.0,11.0,0.0,0.0,0.0,4.0,52.3679,4.74526,56.5799,46.8743,23.9863,95.9454,3.79578,16,,0.8125,52.368
eval_probe,,prb_b_escasa_r04_n024_est_i2,greedy,reward00,1,,,,,,,,,0.375,9.0,15.0,0.0,0.0,1.0,3.0,51.0007,8.76302,63.9945,44.8374,10.5142,42.057,0.000693062,12,,0.75,52.2489
eval_probe,,prb_b_escasa_r04_n024_est_i2,greedy,reward00,2,,,,,,,,,0.208333,5.0,19.0,0.0,0.0,2.0,2.0,47.8039,10.0805,58.6264,36.2591,8.04015,32.1606,0.000695573,11,,0.454545,55.998
eval_probe,,prb_b_escasa_r04_n024_est_i2,greedy,reward00,3,,,,,,,,,0.25,6.0,18.0,0.0,0.0,1.0,3.0,55.3289,9.28144,67.327,47.9956,13.7093,54.8371,0.000728873,11,,0.545455,57.7701
eval_probe,,prb_b_escasa_r04_n024_est_i2,random,reward00,1,,,,,,,,,0.291667,7.0,17.0,0.0,0.0,0.0,4.0,48.6645,4.44022,52.9917,44.5555,10.9945,43.9781,0.000645851,9,,0.777778,48.6645
eval_probe,,prb_b_escasa_r04_n024_est_i2,random,reward00,2,,,,,,,,,0.25,6.0,18.0,0.0,0.0,0.0,4.0,51.3372,4.49769,57.845,47.5231,19.216,76.864,0.000640744,8,,0.75,51.3372
eval_probe,,prb_b_escasa_r04_n024_est_i2,random,reward00,3,,,,,,,,,0.25,6.0,18.0,0.0,0.0,2.0,2.0,46.8855,13.9959,60.6541,27.9618,16.9257,67.7028,0.000604697,9,,0.666667,56.8851
eval_probe,,prb_b_escasa_r04_n024_est_i3,cbaa,reward00,1,,,,,,,,,0.25,6.0,18.0,0.0,0.0,0.0,4.0,27.2496,31.4747,55.4529,0.0,8.40416,33.6166,0.000440052,9,,0.666667,27.2496
eval_probe,,prb_b_escasa_r04_n024_est_i3,cbaa,reward00,2,,,,,,,,,0.333333,8.0,16.0,0.0,0.0,0.0,4.0,27.5364,31.7963,55.1397,0.0,13.0935,52.374,0.000454554,13,,0.615385,27.5364
eval_probe,,prb_b_escasa_r04_n024_est_i3,cbaa,reward00,3,,,,,,,,,0.458333,11.0,13.0,0.0,0.0,0.0,4.0,26.7565,30.908,54.5791,0.0,10.7341,42.9362,0.000461101,13,,0.846154,26.7565
eval_probe,,prb_b_escasa_r04_n024_est_i3,cbba,reward00,1,,,,,,,,,0.5,12.0,12.0,0.0,0.0,0.0,4.0,57.7771,16.1178,75.474,37.0,25.2554,101.022,0.00129203,22,,0.545455,57.777
eval_probe,,prb_b_escasa_r04_n024_est_i3,cbba,reward00,2,,,,,,,,,0.333333,8.0,16.0,0.0,0.0,0.0,4.0,46.3028,21.0984,73.8914,26.2167,18.3636,73.4546,0.000763067,14,,0.571429,46.3028
eval_probe,,prb_b_escasa_r04_n024_est_i3,cbba,reward00,3,,,,,,,,,0.458333,11.0,13.0,0.0,0.0,0.0,4.0,57.9958,7.29569,65.0706,51.5672,22.6586,90.6344,0.0010593,18,,0.611111,57.9958
eval_probe,,prb_b_escasa_r04_n024_est_i3,dec-mcts-v4-g9999,reward00,1,,,,,,,,,0.5,12.0,12.0,0.0,0.0,0.0,4.0,59.841,11.5477,70.196,48.5644,22.1232,88.493,2.85688,16,,0.75,59.841
eval_probe,,prb_b_escasa_r04_n024_est_i3,dec-mcts-v4-g9999,reward00,2,,,,,,,,,0.416667,10.0,14.0,0.0,0.0,0.0,4.0,57.9005,15.6778,77.8392,43.9934,27.0772,108.309,2.78108,17,,0.588235,57.9005
eval_probe,,prb_b_escasa_r04_n024_est_i3,dec-mcts-v4-g9999,reward00,3,,,,,,,,,0.375,9.0,15.0,0.0,0.0,0.0,4.0,62.4587,8.2215,73.0653,53.5799,17.4356,69.7425,2.73464,12,,0.75,62.4587
eval_probe,,prb_b_escasa_r04_n024_est_i3,greedy,reward00,1,,,,,,,,,0.291667,7.0,17.0,0.0,0.0,0.0,4.0,54.5458,7.45356,65.0,48.5946,14.2132,56.8527,0.000319435,10,,0.7,54.5458
eval_probe,,prb_b_escasa_r04_n024_est_i3,greedy,reward00,2,,,,,,,,,0.375,9.0,15.0,0.0,0.0,0.0,4.0,56.7174,9.80048,71.321,50.9288,13.0485,52.1938,0.000317903,10,,0.9,56.7174
eval_probe,,prb_b_escasa_r04_n024_est_i3,greedy,reward00,3,,,,,,,,,0.291667,7.0,17.0,0.0,0.0,0.0,4.0,62.4943,6.41772,68.3198,54.7256,11.9237,47.6949,0.000323045,9,,0.777778,62.4943
eval_probe,,prb_b_escasa_r04_n024_est_i3,random,reward00,1,,,,,,,,,0.333333,8.0,16.0,0.0,0.0,1.0,3.0,55.1389,11.0748,65.4837,40.0,22.4649,89.8597,0.000410222,11,,0.727273,60.1852
eval_probe,,prb_b_escasa_r04_n024_est_i3,random,reward00,2,,,,,,,,,0.25,6.0,18.0,0.0,0.0,1.0,3.0,58.9322,8.84713,68.1186,51.2513,16.0688,64.2753,0.000315427,9,,0.666667,61.4925
eval_probe,,prb_b_escasa_r04_n024_est_i3,random,reward00,3,,,,,,,,,0.333333,8.0,16.0,0.0,0.0,1.0,3.0,59.4848,2.64197,63.1117,56.8335,16.165,64.6601,0.000315568,10,,0.8,60.3686
eval_probe,,prb_b_escasa_r08_n048_det_i1,cbaa,reward00,1,,,,,,,,,0.583333,28.0,20.0,0.0,0.0,0.0,8.0,51.0261,14.8042,60.7534,16.0,15.9526,127.621,0.00260898,28,,1.0,51.0261
eval_probe,,prb_b_escasa_r08_n048_det_i1,cbaa,reward00,2,,,,,,,,,0.583333,28.0,20.0,0.0,0.0,0.0,8.0,51.0261,14.8042,60.7534,16.0,15.9526,127.621,0.00182243,28,,1.0,51.0261
eval_probe,,prb_b_escasa_r08_n048_det_i1,cbaa,reward00,3,,,,,,,,,0.583333,28.0,20.0,0.0,0.0,0.0,8.0,51.0261,14.8042,60.7534,16.0,15.9526,127.621,0.00177967,28,,1.0,51.0261
eval_probe,,prb_b_escasa_r08_n048_det_i1,cbba,reward00,1,,,,,,,,,0.583333,28.0,20.0,0.0,0.0,0.0,8.0,50.3634,8.24708,59.7853,40.9544,14.8065,118.452,0.00660419,28,,1.0,50.3634
eval_probe,,prb_b_escasa_r08_n048_det_i1,cbba,reward00,2,,,,,,,,,0.583333,28.0,20.0,0.0,0.0,0.0,8.0,50.3127,8.30123,59.7853,40.9544,14.7558,118.046,0.00739163,28,,1.0,50.3127
eval_probe,,prb_b_escasa_r08_n048_det_i1,cbba,reward00,3,,,,,,,,,0.583333,28.0,20.0,0.0,0.0,0.0,8.0,50.3634,8.24708,59.7853,40.9544,14.8065,118.452,0.00696303,28,,1.0,50.3634
eval_probe,,prb_b_escasa_r08_n048_det_i1,dec-mcts-v4-g9999,reward00,1,,,,,,,,,0.604167,29.0,19.0,0.0,0.0,0.0,8.0,57.7459,5.85376,63.1265,48.6065,17.407,139.256,21.353,29,,1.0,57.7459
eval_probe,,prb_b_escasa_r08_n048_det_i1,dec-mcts-v4-g9999,reward00,2,,,,,,,,,0.604167,29.0,19.0,0.0,0.0,0.0,8.0,56.3477,6.94903,65.1667,46.9815,15.8162,126.53,19.3726,29,,1.0,56.3477
eval_probe,,prb_b_escasa_r08_n048_det_i1,dec-mcts-v4-g9999,reward00,3,,,,,,,,,0.604167,29.0,19.0,0.0,0.0,0.0,8.0,57.7687,4.83484,63.4963,50.5422,18.9061,151.249,19.1708,29,,1.0,57.7687
eval_probe,,prb_b_escasa_r08_n048_det_i1,greedy,reward00,1,,,,,,,,,0.354167,17.0,31.0,0.0,0.0,0.0,8.0,51.4981,5.45786,61.0659,46.0,9.62611,77.0089,0.00146104,18,,0.944444,51.4981
eval_probe,,prb_b_escasa_r08_n048_det_i1,greedy,reward00,2,,,,,,,,,0.354167,17.0,31.0,0.0,0.0,0.0,8.0,51.4981,5.45786,61.0659,46.0,9.62611,77.0089,0.00140963,18,,0.944444,51.4981
eval_probe,,prb_b_escasa_r08_n048_det_i1,greedy,reward00,3,,,,,,,,,0.354167,17.0,31.0,0.0,0.0,0.0,8.0,51.4981,5.45786,61.0659,46.0,9.62611,77.0089,0.00136768,18,,0.944444,51.4981
eval_probe,,prb_b_escasa_r08_n048_det_i1,random,reward00,1,,,,,,,,,0.333333,16.0,32.0,0.0,0.0,0.0,8.0,49.9955,3.86807,56.544,46.0,10.88,87.0397,0.00121973,17,,0.941176,49.9955
eval_probe,,prb_b_escasa_r08_n048_det_i1,random,reward00,2,,,,,,,,,0.333333,16.0,32.0,0.0,0.0,0.0,8.0,49.8879,4.49477,55.0,42.4365,17.4145,139.316,0.000964944,21,,0.761905,49.8879
eval_probe,,prb_b_escasa_r08_n048_det_i1,random,reward00,3,,,,,,,,,0.3125,15.0,33.0,0.0,0.0,0.0,8.0,52.0085,2.48408,55.3959,48.6065,14.2093,113.675,0.00105593,16,,0.9375,52.0085
eval_probe,,prb_b_escasa_r08_n048_det_i2,cbaa,reward00,1,,,,,,,,,0.416667,20.0,28.0,0.0,0.0,0.0,8.0,35.8139,29.7348,62.2521,0.0,10.4543,83.6345,0.00150156,20,,1.0,35.8139
eval_probe,,prb_b_escasa_r08_n048_det_i2,cbaa,reward00,2,,,,,,,,,0.416667,20.0,28.0,0.0,0.0,0.0,8.0,35.8139,29.7348,62.2521,0.0,10.4543,83.6345,0.00137656,20,,1.0,35.8139
eval_probe,,prb_b_escasa_r08_n048_det_i2,cbaa,reward00,3,,,,,,,,,0.416667,20.0,28.0,0.0,0.0,0.0,8.0,35.8139,29.7348,62.2521,0.0,10.4543,83.6345,0.00151013,20,,1.0,35.8139
eval_probe,,prb_b_escasa_r08_n048_det_i2,cbba,reward00,1,,,,,,,,,0.625,30.0,18.0,0.0,0.0,0.0,8.0,54.6499,6.39003,63.305,45.1034,15.1261,121.009,0.00802732,30,,1.0,54.6499
eval_probe,,prb_b_escasa_r08_n048_det_i2,cbba,reward00,2,,,,,,,,,0.625,30.0,18.0,0.0,0.0,0.0,8.0,54.6499,6.39003,63.305,45.1034,15.1261,121.009,0.00911114,30,,1.0,54.6499
eval_probe,,prb_b_escasa_r08_n048_det_i2,cbba,reward00,3,,,,,,,,,0.625,30.0,18.0,0.0,0.0,0.0,8.0,54.6499,6.39003,63.305,45.1034,15.1261,121.009,0.0114954,30,,1.0,54.6499
eval_probe,,prb_b_escasa_r08_n048_det_i2,dec-mcts-v4-g9999,reward00,1,,,,,,,,,0.625,30.0,18.0,0.0,0.0,0.0,8.0,59.1299,5.67958,64.1021,46.1034,19.3229,154.583,22.9782,30,,1.0,59.1299
eval_probe,,prb_b_escasa_r08_n048_det_i2,dec-mcts-v4-g9999,reward00,2,,,,,,,,,0.625,30.0,18.0,0.0,0.0,0.0,8.0,58.4572,4.21085,62.6946,51.6569,18.6853,149.483,20.9322,30,,1.0,58.4572
eval_probe,,prb_b_escasa_r08_n048_det_i2,dec-mcts-v4-g9999,reward00,3,,,,,,,,,0.604167,29.0,19.0,0.0,0.0,0.0,8.0,58.4459,5.34831,67.0273,52.1697,18.5139,148.111,20.9316,29,,1.0,58.4459
eval_probe,,prb_b_escasa_r08_n048_det_i2,greedy,reward00,1,,,,,,,,,0.291667,14.0,34.0,0.0,0.0,0.0,8.0,55.543,3.25261,59.8313,52.1697,10.3726,82.9811,0.000905759,16,,0.875,55.543
eval_probe,,prb_b_escasa_r08_n048_det_i2,greedy,reward00,2,,,,,,,,,0.291667,14.0,34.0,0.0,0.0,0.0,8.0,55.543,3.25261,59.8313,52.1697,10.3726,82.9811,0.00122801,16,,0.875,55.543
eval_probe,,prb_b_escasa_r08_n048_det_i2,greedy,reward00,3,,,,,,,,,0.291667,14.0,34.0,0.0,0.0,0.0,8.0,55.543,3.25261,59.8313,52.1697,10.3726,82.9811,0.00128567,16,,0.875,55.543
eval_probe,,prb_b_escasa_r08_n048_det_i2,random,reward00,1,,,,,,,,,0.333333,16.0,32.0,0.0,0.0,0.0,8.0,55.5393,4.36935,62.4255,49.8233,15.4947,123.958,0.000873608,18,,0.888889,55.5393
eval_probe,,prb_b_escasa_r08_n048_det_i2,random,reward00,2,,,,,,,,,0.333333,16.0,32.0,0.0,0.0,0.0,8.0,51.9004,4.39088,60.1969,47.2089,17.1658,137.326,0.000990542,19,,0.842105,51.9004
eval_probe,,prb_b_escasa_r08_n048_det_i2,random,reward00,3,,,,,,,,,0.3125,15.0,33.0,0.0,0.0,0.0,8.0,51.8318,1.87286,53.8956,49.08,14.0344,112.275,0.0010132,20,,0.75,51.8318
eval_probe,,prb_b_escasa_r08_n048_det_i3,cbaa,reward00,1,,,,,,,,,0.333333,16.0,32.0,0.0,0.0,0.0,8.0,27.9204,29.8539,56.5725,0.0,7.92039,63.3631,0.0017145,16,,1.0,27.9204
eval_probe,,prb_b_escasa_r08_n048_det_i3,cbaa,reward00,2,,,,,,,,,0.333333,16.0,32.0,0.0,0.0,0.0,8.0,27.9204,29.8539,56.5725,0.0,7.92039,63.3631,0.00167325,16,,1.0,27.9204
eval_probe,,prb_b_escasa_r08_n048_det_i3,cbaa,reward00,3,,,,,,,,,0.333333,16.0,32.0,0.0,0.0,0.0,8.0,27.9204,29.8539,56.5725,0.0,7.92039,63.3631,0.00146712,16,,1.0,27.9204
eval_probe,,prb_b_escasa_r08_n048_det_i3,cbba,reward00,1,,,,,,,,,0.5625,27.0,21.0,0.0,0.0,0.0,8.0,51.5877,9.56311,63.4344,32.3473,14.3401,114.721,0.00700682,27,,1.0,51.5877
eval_probe,,prb_b_escasa_r08_n048_det_i3,cbba,reward00,2,,,,,,,,,0.5625,27.0,21.0,0.0,0.0,0.0,8.0,51.5877,9.56311,63.4344,32.3473,14.3401,114.721,0.00934168,27,,1.0,51.5877
eval_probe,,prb_b_escasa_r08_n048_det_i3,cbba,reward00,3,,,,,,,,,0.5625,27.0,21.0,0.0,0.0,0.0,8.0,51.5877,9.56311,63.4344,32.3473,14.3401,114.721,0.0100211,27,,1.0,51.5877
eval_probe,,prb_b_escasa_r08_n048_det_i3,dec-mcts-v4-g9999,reward00,1,,,,,,,,,0.583333,28.0,20.0,0.0,0.0,0.0,8.0,57.7241,6.63796,66.1463,47.869,19.9241,159.393,21.8739,28,,1.0,57.7241
eval_probe,,prb_b_escasa_r08_n048_det_i3,dec-mcts-v4-g9999,reward00,2,,,,,,,,,0.604167,29.0,19.0,0.0,0.0,0.0,8.0,57.3297,5.53019,64.9089,48.8956,17.5538,140.43,21.3836,29,,1.0,57.3298
eval_probe,,prb_b_escasa_r08_n048_det_i3,dec-mcts-v4-g9999,reward00,3,,,,,,,,,0.583333,28.0,20.0,0.0,0.0,0.0,8.0,56.0417,5.20545,64.6624,48.5833,16.1976,129.58,19.87,28,,1.0,56.0417
eval_probe,,prb_b_escasa_r08_n048_det_i3,greedy,reward00,1,,,,,,,,,0.3125,15.0,33.0,0.0,0.0,0.0,8.0,53.8481,5.07657,59.8956,48.0,8.71666,69.7333,0.00137597,15,,1.0,53.8481
eval_probe,,prb_b_escasa_r08_n048_det_i3,greedy,reward00,2,,,,,,,,,0.3125,15.0,33.0,0.0,0.0,0.0,8.0,53.8481,5.07657,59.8956,48.0,8.71666,69.7333,0.00143495,15,,1.0,53.8481
eval_probe,,prb_b_escasa_r08_n048_det_i3,greedy,reward00,3,,,,,,,,,0.3125,15.0,33.0,0.0,0.0,0.0,8.0,53.8481,5.07657,59.8956,48.0,8.71666,69.7333,0.00130876,15,,1.0,53.8481
eval_probe,,prb_b_escasa_r08_n048_det_i3,random,reward00,1,,,,,,,,,0.25,12.0,36.0,0.0,0.0,0.0,8.0,51.5449,1.93085,54.8956,48.44,16.5674,132.539,0.00149728,15,,0.8,51.5449
eval_probe,,prb_b_escasa_r08_n048_det_i3,random,reward00,2,,,,,,,,,0.333333,16.0,32.0,0.0,0.0,0.0,8.0,52.0195,2.7645,56.1956,48.44,16.4298,131.438,0.00166797,17,,0.941176,52.0195
eval_probe,,prb_b_escasa_r08_n048_det_i3,random,reward00,3,,,,,,,,,0.3125,15.0,33.0,0.0,0.0,0.0,8.0,52.5227,2.643,57.5987,49.8691,17.5498,140.399,0.00162735,17,,0.882353,52.5227
eval_probe,,prb_b_escasa_r08_n048_est_i1,cbaa,reward00,1,,,,,,,,,0.270833,13.0,35.0,0.0,0.0,0.0,8.0,27.5492,29.6025,61.6966,0.0,8.15207,65.2165,0.00109696,15,,0.866667,27.5493
eval_probe,,prb_b_escasa_r08_n048_est_i1,cbaa,reward00,2,,,,,,,,,0.333333,16.0,32.0,0.0,0.0,0.0,8.0,26.7524,28.7397,58.4497,0.0,9.94149,79.5319,0.00133562,22,,0.727273,26.7524
eval_probe,,prb_b_escasa_r08_n048_est_i1,cbaa,reward00,3,,,,,,,,,0.229167,11.0,37.0,0.0,0.0,0.0,8.0,27.8958,30.7271,70.7296,0.0,9.98687,79.895,0.00123748,21,,0.52381,27.8958
eval_probe,,prb_b_escasa_r08_n048_est_i1,cbba,reward00,1,,,,,,,,,0.5,24.0,24.0,0.0,0.0,0.0,8.0,52.1366,10.1688,67.58,35.7087,13.5919,108.735,0.00660567,31,,0.774194,52.1366
eval_probe,,prb_b_escasa_r08_n048_est_i1,cbba,reward00,2,,,,,,,,,0.458333,22.0,26.0,0.0,0.0,0.0,8.0,52.0275,10.8694,66.532,29.0,16.6904,133.523,0.00729367,35,,0.628571,52.0275
eval_probe,,prb_b_escasa_r08_n048_est_i1,cbba,reward00,3,,,,,,,,,0.479167,23.0,25.0,0.0,0.0,0.0,8.0,54.4275,7.73586,65.5252,45.7109,18.3444,146.755,0.00736201,33,,0.69697,54.4275
eval_probe,,prb_b_escasa_r08_n048_est_i1,dec-mcts-v4-g9999,reward00,1,,,,,,,,,0.395833,19.0,29.0,0.0,0.0,0.0,8.0,56.8064,6.31873,65.3424,48.0757,19.179,153.432,17.3544,27,,0.703704,56.8064
eval_probe,,prb_b_escasa_r08_n048_est_i1,dec-mcts-v4-g9999,reward00,2,,,,,,,,,0.416667,20.0,28.0,0.0,0.0,0.0,8.0,55.6034,5.27483,67.8289,52.1377,19.1579,153.263,17.8921,26,,0.769231,55.6034
eval_probe,,prb_b_escasa_r08_n048_est_i1,dec-mcts-v4-g9999,reward00,3,,,,,,,,,0.4375,21.0,27.0,0.0,0.0,0.0,8.0,59.8091,11.694,79.7401,49.2434,21.7693,174.155,14.0026,29,,0.724138,59.8091
eval_probe,,prb_b_escasa_r08_n048_est_i1,greedy,reward00,1,,,,,,,,,0.3125,15.0,33.0,0.0,0.0,0.0,8.0,53.1312,2.79681,57.8867,50.446,9.99771,79.9817,0.000785331,20,,0.75,53.1312
eval_probe,,prb_b_escasa_r08_n048_est_i1,greedy,reward00,2,,,,,,,,,0.333333,16.0,32.0,0.0,0.0,1.0,7.0,50.9002,5.85928,62.3489,43.4225,10.342,82.7356,0.000874541,23,,0.695652,50.7757
eval_probe,,prb_b_escasa_r08_n048_est_i1,greedy,reward00,3,,,,,,,,,0.208333,10.0,38.0,0.0,0.0,0.0,8.0,56.6094,8.01683,73.5977,49.52,10.1344,81.0753,0.000838945,20,,0.5,56.6094
eval_probe,,prb_b_escasa_r08_n048_est_i1,random,reward00,1,,,,,,,,,0.229167,11.0,37.0,0.0,0.0,3.0,5.0,48.7157,10.9299,63.9884,30.0,17.8038,142.43,0.00119103,20,,0.55,55.6878
eval_probe,,prb_b_escasa_r08_n048_est_i1,random,reward00,2,,,,,,,,,0.270833,13.0,35.0,0.0,0.0,2.0,6.0,50.4794,3.65722,55.4781,43.5398,17.5542,140.434,0.000739124,19,,0.684211,52.1997
eval_probe,,prb_b_escasa_r08_n048_est_i1,random,reward00,3,,,,,,,,,0.145833,7.0,41.0,0.0,0.0,1.0,7.0,54.3325,5.86824,63.8303,48.0265,15.1568,121.254,0.000666772,15,,0.466667,54.3139
eval_probe,,prb_b_escasa_r08_n048_est_i2,cbaa,reward00,1,,,,,,,,,0.375,18.0,30.0,0.0,0.0,0.0,8.0,37.2926,31.1493,65.5442,0.0,12.2087,97.6696,0.00277665,28,,0.642857,37.2926
eval_probe,,prb_b_escasa_r08_n048_est_i2,cbaa,reward00,2,,,,,,,,,0.333333,16.0,32.0,0.0,0.0,0.0,8.0,36.485,30.6941,70.0745,0.0,11.5028,92.0226,0.0023027,20,,0.8,36.485
eval_probe,,prb_b_escasa_r08_n048_est_i2,cbaa,reward00,3,,,,,,,,,0.375,18.0,30.0,0.0,0.0,0.0,8.0,37.9414,32.5898,73.2154,0.0,10.7951,86.361,0.0015364,21,,0.857143,37.9414
eval_probe,,prb_b_escasa_r08_n048_est_i2,cbba,reward00,1,,,,,,,,,0.395833,19.0,29.0,0.0,0.0,0.0,8.0,52.6105,18.6248,76.267,24.419,16.68,133.44,0.0113807,27,,0.703704,52.6105
eval_probe,,prb_b_escasa_r08_n048_est_i2,cbba,reward00,2,,,,,,,,,0.3125,15.0,33.0,0.0,0.0,0.0,8.0,51.6882,20.5898,77.8054,17.5833,18.301,146.408,0.00913709,30,,0.5,51.6882
eval_probe,,prb_b_escasa_r08_n048_est_i2,cbba,reward00,3,,,,,,,,,0.5625,27.0,21.0,0.0,0.0,0.0,8.0,59.8488,8.85608,68.0225,43.421,17.6556,141.245,0.0113502,33,,0.818182,59.8488
eval_probe,,prb_b_escasa_r08_n048_est_i2,dec-mcts-v4-g9999,reward00,1,,,,,,,,,0.479167,23.0,25.0,0.0,0.0,0.0,8.0,56.8636,3.99305,64.3639,52.3718,21.6225,172.98,25.0917,29,,0.793103,56.8636
eval_probe,,prb_b_escasa_r08_n048_est_i2,dec-mcts-v4-g9999,reward00,2,,,,,,,,,0.458333,22.0,26.0,0.0,0.0,0.0,8.0,54.3224,8.28975,68.9562,45.0887,23.1422,185.138,25.0723,30,,0.733333,54.3224
eval_probe,,prb_b_escasa_r08_n048_est_i2,dec-mcts-v4-g9999,reward00,3,,,,,,,,,0.375,18.0,30.0,0.0,0.0,0.0,8.0,58.0619,12.5067,79.2758,44.3138,24.0591,192.473,25.9152,28,,0.642857,58.0619
eval_probe,,prb_b_escasa_r08_n048_est_i2,greedy,reward00,1,,,,,,,,,0.3125,15.0,33.0,0.0,0.0,0.0,8.0,56.9832,3.44878,59.6978,49.3556,10.7498,85.9982,0.00089728,19,,0.789474,56.9832
eval_probe,,prb_b_escasa_r08_n048_est_i2,greedy,reward00,2,,,,,,,,,0.25,12.0,36.0,0.0,0.0,1.0,7.0,46.6104,3.49256,53.3978,43.2879,11.7935,94.3483,0.00116093,17,,0.705882,47.085
eval_probe,,prb_b_escasa_r08_n048_est_i2,greedy,reward00,3,,,,,,,,,0.291667,14.0,34.0,0.0,0.0,2.0,6.0,52.6655,9.63821,60.695,33.0,7.488,59.904,0.00143991,21,,0.666667,57.249
eval_probe,,prb_b_escasa_r08_n048_est_i2,random,reward00,1,,,,,,,,,0.208333,10.0,38.0,0.0,0.0,2.0,6.0,52.5206,7.25373,65.4155,43.1044,13.9076,111.261,0.00125293,17,,0.588235,55.085
eval_probe,,prb_b_escasa_r08_n048_est_i2,random,reward00,2,,,,,,,,,0.25,12.0,36.0,0.0,0.0,3.0,5.0,54.1912,12.7617,69.0584,36.3921,20.1649,161.319,0.00100601,24,,0.5,62.7677
eval_probe,,prb_b_escasa_r08_n048_est_i2,random,reward00,3,,,,,,,,,0.229167,11.0,37.0,0.0,0.0,3.0,5.0,54.0485,12.6152,70.5109,35.7592,12.195,97.5601,0.00116825,17,,0.647059,62.5964
eval_probe,,prb_b_escasa_r08_n048_est_i3,cbaa,reward00,1,,,,,,,,,0.458333,22.0,26.0,0.0,0.0,0.0,8.0,45.1099,18.4921,62.4452,6.0,20.2667,162.134,0.00189057,36,,0.611111,45.1099
eval_probe,,prb_b_escasa_r08_n048_est_i3,cbaa,reward00,2,,,,,,,,,0.5625,27.0,21.0,0.0,0.0,0.0,8.0,44.894,13.2485,59.7113,24.2894,17.5035,140.028,0.00262462,32,,0.84375,44.894
eval_probe,,prb_b_escasa_r08_n048_est_i3,cbaa,reward00,3,,,,,,,,,0.375,18.0,30.0,0.0,0.0,0.0,8.0,48.035,19.3954,72.3249,6.0,19.3625,154.9,0.00270204,30,,0.6,48.035
eval_probe,,prb_b_escasa_r08_n048_est_i3,cbba,reward00,1,,,,,,,,,0.520833,25.0,23.0,0.0,0.0,0.0,8.0,55.3023,8.74774,63.9672,36.0985,18.4269,147.415,0.00990521,35,,0.714286,55.3023
eval_probe,,prb_b_escasa_r08_n048_est_i3,cbba,reward00,2,,,,,,,,,0.375,18.0,30.0,0.0,0.0,0.0,8.0,45.0178,13.9065,59.6085,13.4434,18.2681,146.145,0.00637797,33,,0.545455,45.0177
eval_probe,,prb_b_escasa_r08_n048_est_i3,cbba,reward00,3,,,,,,,,,0.458333,22.0,26.0,0.0,0.0,0.0,8.0,44.9685,17.2575,64.3818,14.159,16.5946,132.757,0.00605769,33,,0.666667,44.9684
eval_probe,,prb_b_escasa_r08_n048_est_i3,dec-mcts-v4-g9999,reward00,1,,,,,,,,,0.4375,21.0,27.0,0.0,0.0,0.0,8.0,53.8677,5.0957,62.4068,48.5908,23.2834,186.268,23.2576,30,,0.7,53.8677
eval_probe,,prb_b_escasa_r08_n048_est_i3,dec-mcts-v4-g9999,reward00,2,,,,,,,,,0.416667,20.0,28.0,0.0,0.0,0.0,8.0,59.1752,7.65286,69.3636,48.9304,22.0356,176.285,24.6471,29,,0.689655,59.1752
eval_probe,,prb_b_escasa_r08_n048_est_i3,dec-mcts-v4-g9999,reward00,3,,,,,,,,,0.479167,23.0,25.0,0.0,0.0,0.0,8.0,58.764,6.38281,70.1808,50.9172,24.5332,196.266,23.9609,33,,0.69697,58.764
eval_probe,,prb_b_escasa_r08_n048_est_i3,greedy,reward00,1,,,,,,,,,0.354167,17.0,31.0,0.0,0.0,1.0,7.0,58.7351,10.44,75.151,40.0494,10.5267,84.2139,0.00162475,24,,0.708333,61.4045
eval_probe,,prb_b_escasa_r08_n048_est_i3,greedy,reward00,2,,,,,,,,,0.208333,10.0,38.0,0.0,0.0,4.0,4.0,51.7002,15.6849,71.5833,29.3849,9.0448,72.3584,0.00115277,23,,0.434783,64.2059
eval_probe,,prb_b_escasa_r08_n048_est_i3,greedy,reward00,3,,,,,,,,,0.375,18.0,30.0,0.0,0.0,3.0,5.0,50.4703,12.245,66.2704,33.3071,8.18352,65.4682,0.00116436,24,,0.75,57.9216
eval_probe,,prb_b_escasa_r08_n048_est_i3,random,reward00,1,,,,,,,,,0.291667,14.0,34.0,0.0,0.0,2.0,6.0,48.784,5.92101,58.5166,38.164,17.713,141.704,0.000836607,19,,0.736842,51.1146
eval_probe,,prb_b_escasa_r08_n048_est_i3,random,reward00,2,,,,,,,,,0.145833,7.0,41.0,0.0,0.0,5.0,3.0,44.0084,9.02158,57.8956,34.5254,22.3874,179.099,0.00144682,21,,0.333333,53.703
eval_probe,,prb_b_escasa_r08_n048_est_i3,random,reward00,3,,,,,,,,,0.270833,13.0,35.0,0.0,0.0,3.0,5.0,45.1449,10.0693,60.9981,31.6233,20.0033,160.027,0.00164579,24,,0.541667,48.4583
eval_probe,,prb_b_navbarata_r04_n024_det_i1,cbaa,reward00,1,,,,,,,,,0.583333,14.0,10.0,0.0,0.0,0.0,4.0,51.4962,5.3632,57.864,44.8928,11.8194,47.2777,0.000557621,14,,1.0,51.4962
eval_probe,,prb_b_navbarata_r04_n024_det_i1,cbaa,reward00,2,,,,,,,,,0.583333,14.0,10.0,0.0,0.0,0.0,4.0,51.4962,5.3632,57.864,44.8928,11.8194,47.2777,0.000825919,14,,1.0,51.4962
eval_probe,,prb_b_navbarata_r04_n024_det_i1,cbaa,reward00,3,,,,,,,,,0.583333,14.0,10.0,0.0,0.0,0.0,4.0,51.4962,5.3632,57.864,44.8928,11.8194,47.2777,0.000590711,14,,1.0,51.4962
eval_probe,,prb_b_navbarata_r04_n024_det_i1,cbba,reward00,1,,,,,,,,,0.625,15.0,9.0,0.0,0.0,0.0,4.0,56.3142,7.44891,64.5456,46.6331,16.7928,67.1713,0.00121982,15,,1.0,56.3143
eval_probe,,prb_b_navbarata_r04_n024_det_i1,cbba,reward00,2,,,,,,,,,0.625,15.0,9.0,0.0,0.0,0.0,4.0,56.3142,7.44891,64.5456,46.6331,16.7928,67.1713,0.00196101,15,,1.0,56.3143
eval_probe,,prb_b_navbarata_r04_n024_det_i1,cbba,reward00,3,,,,,,,,,0.625,15.0,9.0,0.0,0.0,0.0,4.0,56.3142,7.44891,64.5456,46.6331,16.7928,67.1713,0.00186203,15,,1.0,56.3143
eval_probe,,prb_b_navbarata_r04_n024_det_i1,dec-mcts-v4-g9999,reward00,1,,,,,,,,,0.583333,14.0,10.0,0.0,0.0,0.0,4.0,58.5164,4.08814,63.5102,54.5806,19.3567,77.4269,3.41321,14,,1.0,58.5163
eval_probe,,prb_b_navbarata_r04_n024_det_i1,dec-mcts-v4-g9999,reward00,2,,,,,,,,,0.625,15.0,9.0,0.0,0.0,0.0,4.0,58.8335,3.87248,63.5536,54.1231,18.5154,74.0618,3.25555,15,,1.0,58.8335
eval_probe,,prb_b_navbarata_r04_n024_det_i1,dec-mcts-v4-g9999,reward00,3,,,,,,,,,0.625,15.0,9.0,0.0,0.0,0.0,4.0,58.561,4.06403,63.5536,53.7565,17.2916,69.1664,3.29064,15,,1.0,58.561
eval_probe,,prb_b_navbarata_r04_n024_det_i1,greedy,reward00,1,,,,,,,,,0.458333,11.0,13.0,0.0,0.0,0.0,4.0,54.1109,5.39858,61.734,49.9997,12.2567,49.0267,0.00152762,11,,1.0,54.1109
eval_probe,,prb_b_navbarata_r04_n024_det_i1,greedy,reward00,2,,,,,,,,,0.458333,11.0,13.0,0.0,0.0,0.0,4.0,54.1109,5.39858,61.734,49.9997,12.2567,49.0267,0.000768863,11,,1.0,54.1109
eval_probe,,prb_b_navbarata_r04_n024_det_i1,greedy,reward00,3,,,,,,,,,0.458333,11.0,13.0,0.0,0.0,0.0,4.0,54.1109,5.39858,61.734,49.9997,12.2567,49.0267,0.000586913,11,,1.0,54.1109
eval_probe,,prb_b_navbarata_r04_n024_det_i1,random,reward00,1,,,,,,,,,0.25,6.0,18.0,0.0,0.0,0.0,4.0,54.2615,3.84254,59.3233,50.5531,12.4329,49.7315,0.000914915,6,,1.0,54.2615
eval_probe,,prb_b_navbarata_r04_n024_det_i1,random,reward00,2,,,,,,,,,0.291667,7.0,17.0,0.0,0.0,0.0,4.0,52.6898,1.75765,54.69,50.5531,15.3885,61.5541,0.000344791,7,,1.0,52.6898
eval_probe,,prb_b_navbarata_r04_n024_det_i1,random,reward00,3,,,,,,,,,0.333333,8.0,16.0,0.0,0.0,0.0,4.0,53.9693,3.61539,58.514,50.1933,14.2304,56.9216,0.000370206,8,,1.0,53.9693
eval_probe,,prb_b_navbarata_r04_n024_det_i2,cbaa,reward00,1,,,,,,,,,0.541667,13.0,11.0,0.0,0.0,0.0,4.0,44.4982,16.9178,54.3694,19.1667,11.5406,46.1625,0.000838948,13,,1.0,44.4982
eval_probe,,prb_b_navbarata_r04_n024_det_i2,cbaa,reward00,2,,,,,,,,,0.541667,13.0,11.0,0.0,0.0,0.0,4.0,44.4982,16.9178,54.3694,19.1667,11.5406,46.1625,0.000888593,13,,1.0,44.4982
eval_probe,,prb_b_navbarata_r04_n024_det_i2,cbaa,reward00,3,,,,,,,,,0.541667,13.0,11.0,0.0,0.0,0.0,4.0,44.4982,16.9178,54.3694,19.1667,11.5406,46.1625,0.000936043,13,,1.0,44.4982
eval_probe,,prb_b_navbarata_r04_n024_det_i2,cbba,reward00,1,,,,,,,,,0.625,15.0,9.0,0.0,0.0,0.0,4.0,51.4148,3.21693,54.3694,46.8333,13.4573,53.8291,0.00101021,15,,1.0,51.4149
eval_probe,,prb_b_navbarata_r04_n024_det_i2,cbba,reward00,2,,,,,,,,,0.625,15.0,9.0,0.0,0.0,0.0,4.0,51.4148,3.21693,54.3694,46.8333,13.4573,53.8291,0.00108744,15,,1.0,51.4149
eval_probe,,prb_b_navbarata_r04_n024_det_i2,cbba,reward00,3,,,,,,,,,0.625,15.0,9.0,0.0,0.0,0.0,4.0,51.4148,3.21693,54.3694,46.8333,13.4573,53.8291,0.00171501,15,,1.0,51.4149
eval_probe,,prb_b_navbarata_r04_n024_det_i2,dec-mcts-v4-g9999,reward00,1,,,,,,,,,0.625,15.0,9.0,0.0,0.0,0.0,4.0,58.6518,1.19275,59.6168,56.9181,18.0579,72.2317,3.01137,15,,1.0,58.6518
eval_probe,,prb_b_navbarata_r04_n024_det_i2,dec-mcts-v4-g9999,reward00,2,,,,,,,,,0.583333,14.0,10.0,0.0,0.0,0.0,4.0,53.233,0.574213,53.769,52.5957,15.4343,61.7373,3.04165,14,,1.0,53.233
eval_probe,,prb_b_navbarata_r04_n024_det_i2,dec-mcts-v4-g9999,reward00,3,,,,,,,,,0.625,15.0,9.0,0.0,0.0,0.0,4.0,57.4628,3.567,61.6767,52.9496,19.5052,78.021,3.09378,15,,1.0,57.4628
eval_probe,,prb_b_navbarata_r04_n024_det_i2,greedy,reward00,1,,,,,,,,,0.333333,8.0,16.0,0.0,0.0,0.0,4.0,53.8222,3.41169,58.9025,51.6065,7.90786,31.6314,0.000535629,8,,1.0,53.8222
eval_probe,,prb_b_navbarata_r04_n024_det_i2,greedy,reward00,2,,,,,,,,,0.333333,8.0,16.0,0.0,0.0,0.0,4.0,53.8222,3.41169,58.9025,51.6065,7.90786,31.6314,0.000586699,8,,1.0,53.8222
eval_probe,,prb_b_navbarata_r04_n024_det_i2,greedy,reward00,3,,,,,,,,,0.333333,8.0,16.0,0.0,0.0,0.0,4.0,53.8222,3.41169,58.9025,51.6065,7.90786,31.6314,0.000588593,8,,1.0,53.8222
eval_probe,,prb_b_navbarata_r04_n024_det_i2,random,reward00,1,,,,,,,,,0.333333,8.0,16.0,0.0,0.0,0.0,4.0,54.7487,3.2464,58.3698,51.6065,14.8865,59.546,0.000664157,8,,1.0,54.7487
eval_probe,,prb_b_navbarata_r04_n024_det_i2,random,reward00,2,,,,,,,,,0.375,9.0,15.0,0.0,0.0,0.0,4.0,54.3597,4.84062,61.5525,51.1597,17.1121,68.4484,0.000635924,9,,1.0,54.3597
eval_probe,,prb_b_navbarata_r04_n024_det_i2,random,reward00,3,,,,,,,,,0.208333,5.0,19.0,0.0,0.0,0.0,4.0,52.3893,1.7239,54.6065,50.8956,14.7099,58.8395,0.000498936,5,,1.0,52.3894
eval_probe,,prb_b_navbarata_r04_n024_det_i3,cbaa,reward00,1,,,,,,,,,0.5,12.0,12.0,0.0,0.0,0.0,4.0,44.5719,17.3777,59.4742,20.0,12.4379,49.7514,0.000500939,12,,1.0,44.5719
eval_probe,,prb_b_navbarata_r04_n024_det_i3,cbaa,reward00,2,,,,,,,,,0.5,12.0,12.0,0.0,0.0,0.0,4.0,44.5719,17.3777,59.4742,20.0,12.4379,49.7514,0.000544096,12,,1.0,44.5719
eval_probe,,prb_b_navbarata_r04_n024_det_i3,cbaa,reward00,3,,,,,,,,,0.5,12.0,12.0,0.0,0.0,0.0,4.0,44.5719,17.3777,59.4742,20.0,12.4379,49.7514,0.000494941,12,,1.0,44.5719
eval_probe,,prb_b_navbarata_r04_n024_det_i3,cbba,reward00,1,,,,,,,,,0.625,15.0,9.0,0.0,0.0,0.0,4.0,54.7186,6.99598,60.5868,45.3233,15.0845,60.3382,0.00173963,15,,1.0,54.7186
eval_probe,,prb_b_navbarata_r04_n024_det_i3,cbba,reward00,2,,,,,,,,,0.625,15.0,9.0,0.0,0.0,0.0,4.0,54.7186,6.99598,60.5868,45.3233,15.0845,60.3382,0.00168219,15,,1.0,54.7186
eval_probe,,prb_b_navbarata_r04_n024_det_i3,cbba,reward00,3,,,,,,,,,0.625,15.0,9.0,0.0,0.0,0.0,4.0,54.7186,6.99598,60.5868,45.3233,15.0845,60.3382,0.00169066,15,,1.0,54.7186
eval_probe,,prb_b_navbarata_r04_n024_det_i3,dec-mcts-v4-g9999,reward00,1,,,,,,,,,0.625,15.0,9.0,0.0,0.0,0.0,4.0,56.8471,3.99991,62.5796,53.4902,16.9071,67.6284,3.51824,15,,1.0,56.8471
eval_probe,,prb_b_navbarata_r04_n024_det_i3,dec-mcts-v4-g9999,reward00,2,,,,,,,,,0.583333,14.0,10.0,0.0,0.0,0.0,4.0,55.2351,2.26486,58.3363,53.4902,17.514,70.0561,3.21049,14,,1.0,55.2351
eval_probe,,prb_b_navbarata_r04_n024_det_i3,dec-mcts-v4-g9999,reward00,3,,,,,,,,,0.625,15.0,9.0,0.0,0.0,0.0,4.0,56.8193,3.7808,62.2471,53.4902,17.1852,68.7409,2.895,15,,1.0,56.8193
eval_probe,,prb_b_navbarata_r04_n024_det_i3,greedy,reward00,1,,,,,,,,,0.333333,8.0,16.0,0.0,0.0,0.0,4.0,51.0275,5.51738,58.9602,47.0,10.902,43.6078,0.000585469,8,,1.0,51.0275
eval_probe,,prb_b_navbarata_r04_n024_det_i3,greedy,reward00,2,,,,,,,,,0.333333,8.0,16.0,0.0,0.0,0.0,4.0,51.0275,5.51738,58.9602,47.0,10.8783,43.5131,0.00064057,8,,1.0,51.0275
eval_probe,,prb_b_navbarata_r04_n024_det_i3,greedy,reward00,3,,,,,,,,,0.333333,8.0,16.0,0.0,0.0,0.0,4.0,51.0275,5.51738,58.9602,47.0,10.902,43.6078,0.000636319,8,,1.0,51.0275
eval_probe,,prb_b_navbarata_r04_n024_det_i3,random,reward00,1,,,,,,,,,0.291667,7.0,17.0,0.0,0.0,0.0,4.0,50.7423,4.21339,55.8195,47.0,14.6996,58.7984,0.000467294,7,,1.0,50.7423
eval_probe,,prb_b_navbarata_r04_n024_det_i3,random,reward00,2,,,,,,,,,0.333333,8.0,16.0,0.0,0.0,0.0,4.0,53.1985,0.785171,54.3465,52.5833,11.6973,46.7893,0.00785275,8,,1.0,53.1985
eval_probe,,prb_b_navbarata_r04_n024_det_i3,random,reward00,3,,,,,,,,,0.333333,8.0,16.0,0.0,0.0,0.0,4.0,50.0792,2.2319,52.5833,47.5665,17.6235,70.4939,0.000641327,8,,1.0,50.0792
eval_probe,,prb_b_navbarata_r04_n024_est_i1,cbaa,reward00,1,,,,,,,,,0.0833333,2.0,22.0,0.0,0.0,0.0,4.0,13.9306,27.8612,55.7224,0.0,4.57781,18.3112,0.000239389,4,,0.5,13.9306
eval_probe,,prb_b_navbarata_r04_n024_est_i1,cbaa,reward00,2,,,,,,,,,0.166667,4.0,20.0,0.0,0.0,0.0,4.0,16.3664,32.7327,65.4654,0.0,3.84607,15.3843,0.00032651,5,,0.8,16.3664
eval_probe,,prb_b_navbarata_r04_n024_est_i1,cbaa,reward00,3,,,,,,,,,0.125,3.0,21.0,0.0,0.0,0.0,4.0,15.8982,31.7965,63.5929,0.0,2.65249,10.61,0.000224896,3,,1.0,15.8982
eval_probe,,prb_b_navbarata_r04_n024_est_i1,cbba,reward00,1,,,,,,,,,0.625,15.0,9.0,0.0,0.0,0.0,4.0,53.313,3.73423,56.7815,48.7983,15.3216,61.2864,0.00176729,21,,0.714286,53.313
eval_probe,,prb_b_navbarata_r04_n024_est_i1,cbba,reward00,2,,,,,,,,,0.625,15.0,9.0,0.0,0.0,0.0,4.0,58.1839,8.54752,68.1911,50.6241,16.2012,64.805,0.00214386,20,,0.75,58.1839
eval_probe,,prb_b_navbarata_r04_n024_est_i1,cbba,reward00,3,,,,,,,,,0.5,12.0,12.0,0.0,0.0,0.0,4.0,59.5955,6.3799,65.9361,52.3425,14.7061,58.8243,0.00122515,18,,0.666667,59.5955
eval_probe,,prb_b_navbarata_r04_n024_est_i1,dec-mcts-v4-g9999,reward00,1,,,,,,,,,0.458333,11.0,13.0,0.0,0.0,0.0,4.0,56.9442,4.16063,61.7316,52.676,16.3266,65.3063,2.88325,14,,0.785714,56.9442
eval_probe,,prb_b_navbarata_r04_n024_est_i1,dec-mcts-v4-g9999,reward00,2,,,,,,,,,0.625,15.0,9.0,0.0,0.0,0.0,4.0,57.2664,12.5905,74.4017,46.6824,20.9884,83.9535,3.08042,19,,0.789474,57.2664
eval_probe,,prb_b_navbarata_r04_n024_est_i1,dec-mcts-v4-g9999,reward00,3,,,,,,,,,0.458333,11.0,13.0,0.0,0.0,0.0,4.0,54.8035,1.55563,56.2252,53.0423,12.9167,51.6668,2.92195,12,,0.916667,54.8036
eval_probe,,prb_b_navbarata_r04_n024_est_i1,greedy,reward00,1,,,,,,,,,0.333333,8.0,16.0,0.0,0.0,0.0,4.0,50.9883,4.9816,58.1945,46.9756,14.2735,57.0939,0.000420474,11,,0.727273,50.9883
eval_probe,,prb_b_navbarata_r04_n024_est_i1,greedy,reward00,2,,,,,,,,,0.333333,8.0,16.0,0.0,0.0,0.0,4.0,57.6271,11.811,75.2615,50.8633,13.8706,55.4822,0.000423238,12,,0.666667,57.6271
eval_probe,,prb_b_navbarata_r04_n024_est_i1,greedy,reward00,3,,,,,,,,,0.333333,8.0,16.0,0.0,0.0,0.0,4.0,54.0468,3.41812,57.6302,50.2031,11.9853,47.9412,0.000437356,11,,0.727273,54.0468
eval_probe,,prb_b_navbarata_r04_n024_est_i1,random,reward00,1,,,,,,,,,0.333333,8.0,16.0,0.0,0.0,0.0,4.0,56.3914,5.43128,63.3412,51.4108,11.6081,46.4324,0.000310834,9,,0.888889,56.3914
eval_probe,,prb_b_navbarata_r04_n024_est_i1,random,reward00,2,,,,,,,,,0.208333,5.0,19.0,0.0,0.0,0.0,4.0,53.704,4.94726,60.9364,50.2031,19.5825,78.3301,0.000419447,7,,0.714286,53.704
eval_probe,,prb_b_navbarata_r04_n024_est_i1,random,reward00,3,,,,,,,,,0.333333,8.0,16.0,0.0,0.0,0.0,4.0,57.9579,5.7861,63.8529,52.54,19.3408,77.3633,0.000321137,11,,0.727273,57.9579
eval_probe,,prb_b_navbarata_r04_n024_est_i2,cbaa,reward00,1,,,,,,,,,0.5,12.0,12.0,0.0,0.0,0.0,4.0,49.7941,6.04006,58.6814,45.4376,15.4857,61.9429,0.000911806,15,,0.8,49.7941
eval_probe,,prb_b_navbarata_r04_n024_est_i2,cbaa,reward00,2,,,,,,,,,0.583333,14.0,10.0,0.0,0.0,0.0,4.0,53.2962,12.0664,61.9801,35.495,19.4371,77.7484,0.000939089,21,,0.666667,53.2963
eval_probe,,prb_b_navbarata_r04_n024_est_i2,cbaa,reward00,3,,,,,,,,,0.666667,16.0,8.0,0.0,0.0,0.0,4.0,56.8949,5.74689,64.7671,52.1519,15.8968,63.5872,0.000668632,18,,0.888889,56.8949
eval_probe,,prb_b_navbarata_r04_n024_est_i2,cbba,reward00,1,,,,,,,,,0.458333,11.0,13.0,0.0,0.0,0.0,4.0,60.5637,8.54318,69.1917,49.8316,18.3048,73.2194,0.00163342,17,,0.647059,60.5637
eval_probe,,prb_b_navbarata_r04_n024_est_i2,cbba,reward00,2,,,,,,,,,0.583333,14.0,10.0,0.0,0.0,0.0,4.0,50.3722,7.34006,59.8306,43.211,23.6325,94.5302,0.00183994,23,,0.608696,50.3722
eval_probe,,prb_b_navbarata_r04_n024_est_i2,cbba,reward00,3,,,,,,,,,0.458333,11.0,13.0,0.0,0.0,0.0,4.0,56.2976,6.58222,62.7582,48.6583,21.5947,86.379,0.00192207,21,,0.52381,56.2976
eval_probe,,prb_b_navbarata_r04_n024_est_i2,dec-mcts-v4-g9999,reward00,1,,,,,,,,,0.416667,10.0,14.0,0.0,0.0,0.0,4.0,54.4791,7.90299,64.5627,46.5781,19.2115,76.8459,3.12618,15,,0.666667,54.4791
eval_probe,,prb_b_navbarata_r04_n024_est_i2,dec-mcts-v4-g9999,reward00,2,,,,,,,,,0.458333,11.0,13.0,0.0,0.0,0.0,4.0,54.16,4.72192,59.248,49.2781,17.9632,71.8527,3.23487,15,,0.733333,54.16
eval_probe,,prb_b_navbarata_r04_n024_est_i2,dec-mcts-v4-g9999,reward00,3,,,,,,,,,0.5,12.0,12.0,0.0,0.0,0.0,4.0,50.7321,7.84642,61.7683,43.7173,17.5544,70.2177,3.13879,14,,0.857143,50.7321
eval_probe,,prb_b_navbarata_r04_n024_est_i2,greedy,reward00,1,,,,,,,,,0.416667,10.0,14.0,0.0,0.0,0.0,4.0,56.5397,6.93346,63.0312,46.7543,11.1246,44.4986,0.000431668,10,,1.0,56.5397
eval_probe,,prb_b_navbarata_r04_n024_est_i2,greedy,reward00,2,,,,,,,,,0.25,6.0,18.0,0.0,0.0,0.0,4.0,51.3495,4.8451,57.6977,47.1697,13.6561,54.6245,0.000473641,11,,0.545455,51.3495
eval_probe,,prb_b_navbarata_r04_n024_est_i2,greedy,reward00,3,,,,,,,,,0.375,9.0,15.0,0.0,0.0,0.0,4.0,60.441,10.1071,71.672,47.9956,14.1647,56.6587,0.00069796,11,,0.818182,60.441
eval_probe,,prb_b_navbarata_r04_n024_est_i2,random,reward00,1,,,,,,,,,0.375,9.0,15.0,0.0,0.0,0.0,4.0,60.4092,7.63929,65.9295,49.4297,17.9195,71.6779,0.000703871,12,,0.75,60.4092
eval_probe,,prb_b_navbarata_r04_n024_est_i2,random,reward00,2,,,,,,,,,0.25,6.0,18.0,0.0,0.0,0.0,4.0,56.6914,4.00188,62.3091,53.3697,13.2384,52.9536,0.000600244,7,,0.857143,56.6914
eval_probe,,prb_b_navbarata_r04_n024_est_i2,random,reward00,3,,,,,,,,,0.291667,7.0,17.0,0.0,0.0,0.0,4.0,55.5309,4.46128,58.9696,49.0034,12.9706,51.8824,0.000659941,11,,0.636364,55.5309
eval_probe,,prb_b_navbarata_r04_n024_est_i3,cbaa,reward00,1,,,,,,,,,0.291667,7.0,17.0,0.0,0.0,0.0,4.0,32.3467,37.4947,68.7139,0.0,7.54556,30.1823,0.00046425,10,,0.7,32.3467
eval_probe,,prb_b_navbarata_r04_n024_est_i3,cbaa,reward00,2,,,,,,,,,0.333333,8.0,16.0,0.0,0.0,0.0,4.0,33.3636,38.7155,71.4254,0.0,6.17993,24.7197,0.000436316,8,,1.0,33.3636
eval_probe,,prb_b_navbarata_r04_n024_est_i3,cbaa,reward00,3,,,,,,,,,0.25,6.0,18.0,0.0,0.0,0.0,4.0,36.1706,42.9484,84.5978,0.0,6.85634,27.4253,0.000405582,7,,0.857143,36.1706
eval_probe,,prb_b_navbarata_r04_n024_est_i3,cbba,reward00,1,,,,,,,,,0.625,15.0,9.0,0.0,0.0,0.0,4.0,60.1588,3.89193,64.2132,55.7741,19.106,76.424,0.0022656,20,,0.75,60.1588
eval_probe,,prb_b_navbarata_r04_n024_est_i3,cbba,reward00,2,,,,,,,,,0.666667,16.0,8.0,0.0,0.0,0.0,4.0,64.9478,8.96569,75.429,55.126,16.4947,65.9789,0.00189373,17,,0.941176,64.9478
eval_probe,,prb_b_navbarata_r04_n024_est_i3,cbba,reward00,3,,,,,,,,,0.5,12.0,12.0,0.0,0.0,0.0,4.0,58.1479,9.55264,71.5986,51.0067,16.1281,64.5125,0.00189953,17,,0.705882,58.1479
eval_probe,,prb_b_navbarata_r04_n024_est_i3,dec-mcts-v4-g9999,reward00,1,,,,,,,,,0.541667,13.0,11.0,0.0,0.0,0.0,4.0,63.6321,8.63324,76.566,58.9264,17.8127,71.2508,4.25531,15,,0.866667,63.6322
eval_probe,,prb_b_navbarata_r04_n024_est_i3,dec-mcts-v4-g9999,reward00,2,,,,,,,,,0.5,12.0,12.0,0.0,0.0,0.0,4.0,64.4982,10.3694,76.0058,51.695,13.8701,55.4805,4.17917,13,,0.923077,64.4982
eval_probe,,prb_b_navbarata_r04_n024_est_i3,dec-mcts-v4-g9999,reward00,3,,,,,,,,,0.416667,10.0,14.0,0.0,0.0,0.0,4.0,57.265,7.79982,68.5519,50.9124,23.6421,94.5686,3.91728,17,,0.588235,57.265
eval_probe,,prb_b_navbarata_r04_n024_est_i3,greedy,reward00,1,,,,,,,,,0.333333,8.0,16.0,0.0,0.0,0.0,4.0,60.2865,4.58587,65.3819,54.7256,11.5942,46.3768,0.000382091,9,,0.888889,60.2865
eval_probe,,prb_b_navbarata_r04_n024_est_i3,greedy,reward00,2,,,,,,,,,0.333333,8.0,16.0,0.0,0.0,0.0,4.0,60.0145,14.6099,81.6956,50.3711,14.2225,56.8898,0.000427356,10,,0.8,60.0145
eval_probe,,prb_b_navbarata_r04_n024_est_i3,greedy,reward00,3,,,,,,,,,0.416667,10.0,14.0,0.0,0.0,0.0,4.0,58.9322,4.11682,62.6853,53.3163,12.1273,48.509,0.000387956,10,,1.0,58.9322
eval_probe,,prb_b_navbarata_r04_n024_est_i3,random,reward00,1,,,,,,,,,0.25,6.0,18.0,0.0,0.0,0.0,4.0,57.803,3.46815,62.0988,54.3713,18.4139,73.6555,0.000626336,7,,0.857143,57.803
eval_probe,,prb_b_navbarata_r04_n024_est_i3,random,reward00,2,,,,,,,,,0.375,9.0,15.0,0.0,0.0,0.0,4.0,60.701,9.13408,71.8785,51.228,27.4259,109.704,0.000479121,12,,0.75,60.701
eval_probe,,prb_b_navbarata_r04_n024_est_i3,random,reward00,3,,,,,,,,,0.208333,5.0,19.0,0.0,0.0,0.0,4.0,60.3374,4.19349,64.9643,55.0066,11.6555,46.6221,0.000439392,7,,0.714286,60.3374
eval_probe,,prb_b_navbarata_r08_n048_det_i1,cbaa,reward00,1,,,,,,,,,0.5625,27.0,21.0,0.0,0.0,0.0,8.0,44.2751,17.5096,62.0069,16.0,10.4517,83.6133,0.0023352,27,,1.0,44.2751
eval_probe,,prb_b_navbarata_r08_n048_det_i1,cbaa,reward00,2,,,,,,,,,0.5625,27.0,21.0,0.0,0.0,0.0,8.0,44.2751,17.5096,62.0069,16.0,10.4517,83.6133,0.00226923,27,,1.0,44.2751
eval_probe,,prb_b_navbarata_r08_n048_det_i1,cbaa,reward00,3,,,,,,,,,0.5625,27.0,21.0,0.0,0.0,0.0,8.0,44.2751,17.5096,62.0069,16.0,10.4517,83.6133,0.00145863,27,,1.0,44.2751
eval_probe,,prb_b_navbarata_r08_n048_det_i1,cbba,reward00,1,,,,,,,,,0.708333,34.0,14.0,0.0,0.0,0.0,8.0,56.5835,6.40585,64.7687,46.113,14.01,112.08,0.00883345,34,,1.0,56.5835
eval_probe,,prb_b_navbarata_r08_n048_det_i1,cbba,reward00,2,,,,,,,,,0.708333,34.0,14.0,0.0,0.0,0.0,8.0,56.5835,6.40585,64.7687,46.113,14.01,112.08,0.00844937,34,,1.0,56.5835
eval_probe,,prb_b_navbarata_r08_n048_det_i1,cbba,reward00,3,,,,,,,,,0.708333,34.0,14.0,0.0,0.0,0.0,8.0,56.5835,6.40585,64.7687,46.113,14.01,112.08,0.0113862,34,,1.0,56.5835
eval_probe,,prb_b_navbarata_r08_n048_det_i1,dec-mcts-v4-g9999,reward00,1,,,,,,,,,0.625,30.0,18.0,0.0,0.0,0.0,8.0,58.376,5.50136,64.5635,50.7654,18.6569,149.255,16.8831,30,,1.0,58.376
eval_probe,,prb_b_navbarata_r08_n048_det_i1,dec-mcts-v4-g9999,reward00,2,,,,,,,,,0.666667,32.0,16.0,0.0,0.0,0.0,8.0,58.0999,5.13588,67.0024,51.8732,16.6916,133.533,17.5614,32,,1.0,58.0999
eval_probe,,prb_b_navbarata_r08_n048_det_i1,dec-mcts-v4-g9999,reward00,3,,,,,,,,,0.666667,32.0,16.0,0.0,0.0,0.0,8.0,57.1787,4.52144,64.0622,50.1,15.5639,124.512,17.0256,32,,1.0,57.1787
eval_probe,,prb_b_navbarata_r08_n048_det_i1,greedy,reward00,1,,,,,,,,,0.375,18.0,30.0,0.0,0.0,0.0,8.0,52.1705,6.36432,61.4965,46.0,9.62611,77.0089,0.00145691,18,,1.0,52.1705
eval_probe,,prb_b_navbarata_r08_n048_det_i1,greedy,reward00,2,,,,,,,,,0.375,18.0,30.0,0.0,0.0,0.0,8.0,52.1705,6.36432,61.4965,46.0,9.62611,77.0089,0.00144231,18,,1.0,52.1705
eval_probe,,prb_b_navbarata_r08_n048_det_i1,greedy,reward00,3,,,,,,,,,0.375,18.0,30.0,0.0,0.0,0.0,8.0,52.1705,6.36432,61.4965,46.0,9.62611,77.0089,0.00145753,18,,1.0,52.1705
eval_probe,,prb_b_navbarata_r08_n048_det_i1,random,reward00,1,,,,,,,,,0.291667,14.0,34.0,0.0,0.0,0.0,8.0,51.1108,3.30498,56.9201,46.1697,14.4148,115.318,0.00128361,14,,1.0,51.1108
eval_probe,,prb_b_navbarata_r08_n048_det_i1,random,reward00,2,,,,,,,,,0.354167,17.0,31.0,0.0,0.0,0.0,8.0,51.8129,5.13833,60.129,46.0,14.9491,119.593,0.00133788,17,,1.0,51.8129
eval_probe,,prb_b_navbarata_r08_n048_det_i1,random,reward00,3,,,,,,,,,0.354167,17.0,31.0,0.0,0.0,0.0,8.0,50.4847,2.95184,56.4076,47.2533,20.3953,163.163,0.0015087,17,,1.0,50.4847
eval_probe,,prb_b_navbarata_r08_n048_det_i2,cbaa,reward00,1,,,,,,,,,0.479167,23.0,25.0,0.0,0.0,0.0,8.0,36.7824,31.4775,64.8555,0.0,7.67276,61.3821,0.00230881,23,,1.0,36.7824
eval_probe,,prb_b_navbarata_r08_n048_det_i2,cbaa,reward00,2,,,,,,,,,0.479167,23.0,25.0,0.0,0.0,0.0,8.0,36.7824,31.4775,64.8555,0.0,7.67276,61.3821,0.00237128,23,,1.0,36.7824
eval_probe,,prb_b_navbarata_r08_n048_det_i2,cbaa,reward00,3,,,,,,,,,0.479167,23.0,25.0,0.0,0.0,0.0,8.0,36.7824,31.4775,64.8555,0.0,7.67276,61.3821,0.00232576,23,,1.0,36.7824
eval_probe,,prb_b_navbarata_r08_n048_det_i2,cbba,reward00,1,,,,,,,,,0.6875,33.0,15.0,0.0,0.0,0.0,8.0,54.8443,5.90685,63.649,45.1034,11.2609,90.0875,0.0157725,33,,1.0,54.8443
eval_probe,,prb_b_navbarata_r08_n048_det_i2,cbba,reward00,2,,,,,,,,,0.6875,33.0,15.0,0.0,0.0,0.0,8.0,54.8443,5.90685,63.649,45.1034,11.2609,90.0875,0.0162652,33,,1.0,54.8443
eval_probe,,prb_b_navbarata_r08_n048_det_i2,cbba,reward00,3,,,,,,,,,0.6875,33.0,15.0,0.0,0.0,0.0,8.0,54.8443,5.90685,63.649,45.1034,11.2609,90.0875,0.0161127,33,,1.0,54.8443
eval_probe,,prb_b_navbarata_r08_n048_det_i2,dec-mcts-v4-g9999,reward00,1,,,,,,,,,0.666667,32.0,16.0,0.0,0.0,0.0,8.0,59.5558,3.79943,65.1788,55.3598,17.1937,137.55,23.7984,32,,1.0,59.5558
eval_probe,,prb_b_navbarata_r08_n048_det_i2,dec-mcts-v4-g9999,reward00,2,,,,,,,,,0.6875,33.0,15.0,0.0,0.0,0.0,8.0,59.7771,3.65331,66.5957,54.7587,17.3689,138.951,23.8795,33,,1.0,59.7771
eval_probe,,prb_b_navbarata_r08_n048_det_i2,dec-mcts-v4-g9999,reward00,3,,,,,,,,,0.708333,34.0,14.0,0.0,0.0,0.0,8.0,59.2538,3.8129,64.8488,54.5833,14.8262,118.61,23.0965,34,,1.0,59.2538
eval_probe,,prb_b_navbarata_r08_n048_det_i2,greedy,reward00,1,,,,,,,,,0.333333,16.0,32.0,0.0,0.0,0.0,8.0,56.2189,3.61597,60.1969,52.1697,10.3726,82.9811,0.00116492,16,,1.0,56.2189
eval_probe,,prb_b_navbarata_r08_n048_det_i2,greedy,reward00,2,,,,,,,,,0.333333,16.0,32.0,0.0,0.0,0.0,8.0,56.2189,3.61597,60.1969,52.1697,10.3726,82.9811,0.00122916,16,,1.0,56.2189
eval_probe,,prb_b_navbarata_r08_n048_det_i2,greedy,reward00,3,,,,,,,,,0.333333,16.0,32.0,0.0,0.0,0.0,8.0,56.2189,3.61597,60.1969,52.1697,10.3726,82.9811,0.00120597,16,,1.0,56.2189
eval_probe,,prb_b_navbarata_r08_n048_det_i2,random,reward00,1,,,,,,,,,0.354167,17.0,31.0,0.0,0.0,0.0,8.0,54.0854,2.21309,57.8746,51.3433,16.8398,134.718,0.001496,17,,1.0,54.0854
eval_probe,,prb_b_navbarata_r08_n048_det_i2,random,reward00,2,,,,,,,,,0.395833,19.0,29.0,0.0,0.0,0.0,8.0,54.9947,4.21064,60.1776,49.8233,14.9335,119.468,0.00141122,19,,1.0,54.9947
eval_probe,,prb_b_navbarata_r08_n048_det_i2,random,reward00,3,,,,,,,,,0.291667,14.0,34.0,0.0,0.0,0.0,8.0,52.7262,3.35382,57.0024,48.18,14.2607,114.085,0.00379619,14,,1.0,52.7262
eval_probe,,prb_b_navbarata_r08_n048_det_i3,cbaa,reward00,1,,,,,,,,,0.375,18.0,30.0,0.0,0.0,0.0,8.0,28.5274,30.7221,62.0131,0.0,5.97096,47.7677,0.0012927,18,,1.0,28.5274
eval_probe,,prb_b_navbarata_r08_n048_det_i3,cbaa,reward00,2,,,,,,,,,0.375,18.0,30.0,0.0,0.0,0.0,8.0,28.5274,30.7221,62.0131,0.0,5.97096,47.7677,0.00192193,18,,1.0,28.5274
eval_probe,,prb_b_navbarata_r08_n048_det_i3,cbaa,reward00,3,,,,,,,,,0.375,18.0,30.0,0.0,0.0,0.0,8.0,28.5274,30.7221,62.0131,0.0,5.97096,47.7677,0.000981025,18,,1.0,28.5274
eval_probe,,prb_b_navbarata_r08_n048_det_i3,cbba,reward00,1,,,,,,,,,0.666667,32.0,16.0,0.0,0.0,0.0,8.0,55.8118,3.87033,60.9468,50.2731,13.1232,104.985,0.00736395,32,,1.0,55.8118
eval_probe,,prb_b_navbarata_r08_n048_det_i3,cbba,reward00,2,,,,,,,,,0.666667,32.0,16.0,0.0,0.0,0.0,8.0,55.8118,3.87033,60.9468,50.2731,13.1232,104.985,0.00819725,32,,1.0,55.8118
eval_probe,,prb_b_navbarata_r08_n048_det_i3,cbba,reward00,3,,,,,,,,,0.666667,32.0,16.0,0.0,0.0,0.0,8.0,55.8118,3.87033,60.9468,50.2731,13.1232,104.985,0.00777646,32,,1.0,55.8118
eval_probe,,prb_b_navbarata_r08_n048_det_i3,dec-mcts-v4-g9999,reward00,1,,,,,,,,,0.604167,29.0,19.0,0.0,0.0,0.0,8.0,57.1028,3.683,62.0349,53.2017,18.8685,150.948,18.9755,29,,1.0,57.1028
eval_probe,,prb_b_navbarata_r08_n048_det_i3,dec-mcts-v4-g9999,reward00,2,,,,,,,,,0.645833,31.0,17.0,0.0,0.0,0.0,8.0,57.4796,3.24051,63.378,53.4142,15.8628,126.903,19.9681,31,,1.0,57.4796
eval_probe,,prb_b_navbarata_r08_n048_det_i3,dec-mcts-v4-g9999,reward00,3,,,,,,,,,0.666667,32.0,16.0,0.0,0.0,0.0,8.0,58.6005,3.88614,65.2432,53.9459,16.8497,134.798,19.2193,32,,1.0,58.6005
eval_probe,,prb_b_navbarata_r08_n048_det_i3,greedy,reward00,1,,,,,,,,,0.3125,15.0,33.0,0.0,0.0,0.0,8.0,53.8481,5.07657,59.8956,48.0,8.71666,69.7333,0.000616911,15,,1.0,53.8481
eval_probe,,prb_b_navbarata_r08_n048_det_i3,greedy,reward00,2,,,,,,,,,0.3125,15.0,33.0,0.0,0.0,0.0,8.0,53.8481,5.07657,59.8956,48.0,8.71666,69.7333,0.00140816,15,,1.0,53.8481
eval_probe,,prb_b_navbarata_r08_n048_det_i3,greedy,reward00,3,,,,,,,,,0.3125,15.0,33.0,0.0,0.0,0.0,8.0,53.8481,5.07657,59.8956,48.0,8.71666,69.7333,0.00104297,15,,1.0,53.8481
eval_probe,,prb_b_navbarata_r08_n048_det_i3,random,reward00,1,,,,,,,,,0.3125,15.0,33.0,0.0,0.0,0.0,8.0,54.9045,3.79523,61.0166,51.5833,15.0979,120.783,0.000855748,15,,1.0,54.9045
eval_probe,,prb_b_navbarata_r08_n048_det_i3,random,reward00,2,,,,,,,,,0.3125,15.0,33.0,0.0,0.0,0.0,8.0,53.3383,2.8621,59.1263,50.2531,12.5269,100.215,0.000921794,15,,1.0,53.3383
eval_probe,,prb_b_navbarata_r08_n048_det_i3,random,reward00,3,,,,,,,,,0.416667,20.0,28.0,0.0,0.0,0.0,8.0,56.907,4.63923,64.8956,52.1231,16.5638,132.51,0.00074342,20,,1.0,56.907
eval_probe,,prb_b_navbarata_r08_n048_est_i1,cbaa,reward00,1,,,,,,,,,0.270833,13.0,35.0,0.0,0.0,0.0,8.0,26.8146,28.6983,55.7133,0.0,6.01406,48.1125,0.00133834,15,,0.866667,26.8146
eval_probe,,prb_b_navbarata_r08_n048_est_i1,cbaa,reward00,2,,,,,,,,,0.354167,17.0,31.0,0.0,0.0,0.0,8.0,30.5528,33.142,68.3683,0.0,7.80533,62.4426,0.00154086,25,,0.68,30.5528
eval_probe,,prb_b_navbarata_r08_n048_est_i1,cbaa,reward00,3,,,,,,,,,0.291667,14.0,34.0,0.0,0.0,0.0,8.0,29.1143,31.4385,65.0436,0.0,7.02298,56.1839,0.0013665,16,,0.875,29.1143
eval_probe,,prb_b_navbarata_r08_n048_est_i1,cbba,reward00,1,,,,,,,,,0.583333,28.0,20.0,0.0,0.0,0.0,8.0,56.5003,9.38394,77.1431,47.0523,14.9013,119.211,0.0138336,37,,0.756757,56.5003
eval_probe,,prb_b_navbarata_r08_n048_est_i1,cbba,reward00,2,,,,,,,,,0.520833,25.0,23.0,0.0,0.0,0.0,8.0,61.8511,10.396,73.6896,46.7741,14.9254,119.403,0.0158283,35,,0.714286,61.8511
eval_probe,,prb_b_navbarata_r08_n048_est_i1,cbba,reward00,3,,,,,,,,,0.5625,27.0,21.0,0.0,0.0,0.0,8.0,60.6031,7.66039,71.9096,47.6294,15.0381,120.304,0.0119783,36,,0.75,60.6031
eval_probe,,prb_b_navbarata_r08_n048_est_i1,dec-mcts-v4-g9999,reward00,1,,,,,,,,,0.479167,23.0,25.0,0.0,0.0,0.0,8.0,55.8929,4.88389,64.2183,50.3332,18.7413,149.93,23.5248,31,,0.741935,55.8929
eval_probe,,prb_b_navbarata_r08_n048_est_i1,dec-mcts-v4-g9999,reward00,2,,,,,,,,,0.479167,23.0,25.0,0.0,0.0,0.0,8.0,58.114,6.60008,65.4057,47.709,21.3016,170.413,23.2209,34,,0.676471,58.114
eval_probe,,prb_b_navbarata_r08_n048_est_i1,dec-mcts-v4-g9999,reward00,3,,,,,,,,,0.395833,19.0,29.0,0.0,0.0,0.0,8.0,60.0203,10.0742,78.9554,50.1587,18.0851,144.681,24.3961,27,,0.703704,60.0203
eval_probe,,prb_b_navbarata_r08_n048_est_i1,greedy,reward00,1,,,,,,,,,0.3125,15.0,33.0,0.0,0.0,0.0,8.0,53.849,9.19784,72.6935,47.1033,11.9786,95.8289,0.000932183,22,,0.681818,53.849
eval_probe,,prb_b_navbarata_r08_n048_est_i1,greedy,reward00,2,,,,,,,,,0.333333,16.0,32.0,0.0,0.0,0.0,8.0,60.3978,4.65306,66.0698,51.1258,8.23573,65.8858,0.00131233,19,,0.842105,60.3978
eval_probe,,prb_b_navbarata_r08_n048_est_i1,greedy,reward00,3,,,,,,,,,0.291667,14.0,34.0,0.0,0.0,0.0,8.0,57.2452,6.48514,71.7266,50.8099,8.6146,68.9168,0.00097814,20,,0.7,57.2452
eval_probe,,prb_b_navbarata_r08_n048_est_i1,random,reward00,1,,,,,,,,,0.3125,15.0,33.0,0.0,0.0,0.0,8.0,59.6559,7.58557,73.5054,52.8697,20.673,165.384,0.00141619,19,,0.789474,59.6559
eval_probe,,prb_b_navbarata_r08_n048_est_i1,random,reward00,2,,,,,,,,,0.25,12.0,36.0,0.0,0.0,0.0,8.0,55.6794,6.93485,72.256,50.6331,20.7147,165.717,0.00129915,16,,0.75,55.6793
eval_probe,,prb_b_navbarata_r08_n048_est_i1,random,reward00,3,,,,,,,,,0.25,12.0,36.0,0.0,0.0,0.0,8.0,60.4895,6.92706,74.704,50.6531,17.4016,139.213,0.00134424,16,,0.75,60.4894
eval_probe,,prb_b_navbarata_r08_n048_est_i2,cbaa,reward00,1,,,,,,,,,0.375,18.0,30.0,0.0,0.0,0.0,8.0,37.9361,32.149,75.4239,0.0,7.82092,62.5674,0.00187415,25,,0.72,37.9361
eval_probe,,prb_b_navbarata_r08_n048_est_i2,cbaa,reward00,2,,,,,,,,,0.395833,19.0,29.0,0.0,0.0,0.0,8.0,35.094,31.2536,78.5417,0.0,8.88414,71.0731,0.00187477,31,,0.612903,35.094
eval_probe,,prb_b_navbarata_r08_n048_est_i2,cbaa,reward00,3,,,,,,,,,0.458333,22.0,26.0,0.0,0.0,0.0,8.0,33.8524,29.0893,62.5921,0.0,7.61254,60.9003,0.00169107,25,,0.88,33.8524
eval_probe,,prb_b_navbarata_r08_n048_est_i2,cbba,reward00,1,,,,,,,,,0.5,24.0,24.0,0.0,0.0,0.0,8.0,59.9046,12.2868,80.394,50.2078,16.4983,131.987,0.0111978,36,,0.666667,59.9046
eval_probe,,prb_b_navbarata_r08_n048_est_i2,cbba,reward00,2,,,,,,,,,0.6875,33.0,15.0,0.0,0.0,0.0,8.0,55.7924,9.08899,73.6416,46.0379,15.3574,122.859,0.0121648,43,,0.767442,55.7924
eval_probe,,prb_b_navbarata_r08_n048_est_i2,cbba,reward00,3,,,,,,,,,0.520833,25.0,23.0,0.0,0.0,0.0,8.0,52.5455,2.93456,56.0983,48.3136,17.6673,141.338,0.0109425,41,,0.609756,52.5455
eval_probe,,prb_b_navbarata_r08_n048_est_i2,dec-mcts-v4-g9999,reward00,1,,,,,,,,,0.5,24.0,24.0,0.0,0.0,0.0,8.0,57.6198,10.1893,76.5822,44.751,20.0541,160.433,24.361,30,,0.8,57.6198
eval_probe,,prb_b_navbarata_r08_n048_est_i2,dec-mcts-v4-g9999,reward00,2,,,,,,,,,0.5,24.0,24.0,0.0,0.0,0.0,8.0,54.9751,8.53239,73.6051,47.1711,20.4872,163.898,24.0696,32,,0.75,54.9751
eval_probe,,prb_b_navbarata_r08_n048_est_i2,dec-mcts-v4-g9999,reward00,3,,,,,,,,,0.541667,26.0,22.0,0.0,0.0,0.0,8.0,60.4718,9.39498,78.2774,48.8029,20.5321,164.257,25.3715,34,,0.764706,60.4719
eval_probe,,prb_b_navbarata_r08_n048_est_i2,greedy,reward00,1,,,,,,,,,0.291667,14.0,34.0,0.0,0.0,0.0,8.0,53.0848,3.44483,58.7063,49.2692,10.7366,85.8927,0.00122244,22,,0.636364,53.0847
eval_probe,,prb_b_navbarata_r08_n048_est_i2,greedy,reward00,2,,,,,,,,,0.333333,16.0,32.0,0.0,0.0,0.0,8.0,53.3237,8.87724,68.3068,43.4771,12.3237,98.5893,0.00127207,23,,0.695652,53.3237
eval_probe,,prb_b_navbarata_r08_n048_est_i2,greedy,reward00,3,,,,,,,,,0.270833,13.0,35.0,0.0,0.0,0.0,8.0,54.8447,9.61978,70.6833,44.7833,11.409,91.2717,0.000687599,20,,0.65,54.8447
eval_probe,,prb_b_navbarata_r08_n048_est_i2,random,reward00,1,,,,,,,,,0.270833,13.0,35.0,0.0,0.0,0.0,8.0,54.0293,8.24659,66.2724,44.934,20.7539,166.031,0.00129637,25,,0.52,54.0292
eval_probe,,prb_b_navbarata_r08_n048_est_i2,random,reward00,2,,,,,,,,,0.208333,10.0,38.0,0.0,0.0,0.0,8.0,56.283,7.7518,72.0977,47.9433,20.8696,166.957,0.00117216,19,,0.526316,56.283
eval_probe,,prb_b_navbarata_r08_n048_est_i2,random,reward00,3,,,,,,,,,0.354167,17.0,31.0,0.0,0.0,0.0,8.0,60.7986,12.4545,78.3517,50.2665,17.7367,141.894,0.000712048,21,,0.809524,60.7986
eval_probe,,prb_b_navbarata_r08_n048_est_i3,cbaa,reward00,1,,,,,,,,,0.583333,28.0,20.0,0.0,0.0,0.0,8.0,55.9858,5.00435,60.4444,46.8253,14.4012,115.21,0.00163021,34,,0.823529,55.9858
eval_probe,,prb_b_navbarata_r08_n048_est_i3,cbaa,reward00,2,,,,,,,,,0.520833,25.0,23.0,0.0,0.0,0.0,8.0,53.8649,21.3228,79.5971,6.0,15.3441,122.753,0.00177842,31,,0.806452,53.8649
eval_probe,,prb_b_navbarata_r08_n048_est_i3,cbaa,reward00,3,,,,,,,,,0.5625,27.0,21.0,0.0,0.0,0.0,8.0,47.8849,22.5277,73.9328,10.8956,15.4267,123.414,0.00211898,37,,0.72973,47.8849
eval_probe,,prb_b_navbarata_r08_n048_est_i3,cbba,reward00,1,,,,,,,,,0.625,30.0,18.0,0.0,0.0,0.0,8.0,50.4014,4.9958,57.16,44.1025,15.1832,121.466,0.00950174,37,,0.810811,50.4014
eval_probe,,prb_b_navbarata_r08_n048_est_i3,cbba,reward00,2,,,,,,,,,0.6875,33.0,15.0,0.0,0.0,0.0,8.0,59.8102,11.1284,83.7197,47.1624,17.1451,137.16,0.0172162,46,,0.717391,59.8102
eval_probe,,prb_b_navbarata_r08_n048_est_i3,cbba,reward00,3,,,,,,,,,0.604167,29.0,19.0,0.0,0.0,0.0,8.0,58.0646,6.96533,67.3316,50.8287,15.6521,125.217,0.0114565,37,,0.783784,58.0646
eval_probe,,prb_b_navbarata_r08_n048_est_i3,dec-mcts-v4-g9999,reward00,1,,,,,,,,,0.4375,21.0,27.0,0.0,0.0,0.0,8.0,51.5705,6.35024,59.0118,43.5833,22.8192,182.554,23.0108,30,,0.7,51.5705
eval_probe,,prb_b_navbarata_r08_n048_est_i3,dec-mcts-v4-g9999,reward00,2,,,,,,,,,0.583333,28.0,20.0,0.0,0.0,0.0,8.0,56.9877,10.1137,77.8475,44.8718,19.1709,153.367,29.3114,30,,0.933333,56.9877
eval_probe,,prb_b_navbarata_r08_n048_est_i3,dec-mcts-v4-g9999,reward00,3,,,,,,,,,0.4375,21.0,27.0,0.0,0.0,0.0,8.0,53.5288,7.73155,69.5357,43.1101,15.4489,123.591,29.0968,25,,0.84,53.5288
eval_probe,,prb_b_navbarata_r08_n048_est_i3,greedy,reward00,1,,,,,,,,,0.354167,17.0,31.0,0.0,0.0,0.0,8.0,54.6203,10.0295,70.0994,44.6722,12.2559,98.0472,0.0017344,25,,0.68,54.6203
eval_probe,,prb_b_navbarata_r08_n048_est_i3,greedy,reward00,2,,,,,,,,,0.354167,17.0,31.0,0.0,0.0,0.0,8.0,54.6028,2.55746,58.1434,51.5924,12.0066,96.0527,0.00214685,29,,0.586207,54.6028
eval_probe,,prb_b_navbarata_r08_n048_est_i3,greedy,reward00,3,,,,,,,,,0.395833,19.0,29.0,0.0,0.0,0.0,8.0,50.2058,4.65306,56.6495,46.1056,11.1264,89.0112,0.00189805,25,,0.76,50.2058
eval_probe,,prb_b_navbarata_r08_n048_est_i3,random,reward00,1,,,,,,,,,0.375,18.0,30.0,0.0,0.0,0.0,8.0,54.8946,6.31225,67.6265,47.5473,20.4523,163.618,0.00154182,21,,0.857143,54.8946
eval_probe,,prb_b_navbarata_r08_n048_est_i3,random,reward00,2,,,,,,,,,0.270833,13.0,35.0,0.0,0.0,0.0,8.0,53.829,10.18,76.2776,46.79,20.0966,160.773,0.00249629,20,,0.65,53.829
eval_probe,,prb_b_navbarata_r08_n048_est_i3,random,reward00,3,,,,,,,,,0.333333,16.0,32.0,0.0,0.0,0.0,8.0,58.4265,6.57494,70.08,50.6008,19.1019,152.815,0.00167606,20,,0.8,58.4265
eval_probe,,prb_b_navcara_escasa_r04_n024_det_i1,cbaa,reward00,1,,,,,,,,,0.583333,14.0,10.0,0.0,0.0,0.0,4.0,58.2212,4.39912,63.5536,54.2932,18.5444,74.1778,0.000965357,14,,1.0,58.2212
eval_probe,,prb_b_navcara_escasa_r04_n024_det_i1,cbaa,reward00,2,,,,,,,,,0.583333,14.0,10.0,0.0,0.0,0.0,4.0,58.2212,4.39912,63.5536,54.2932,18.5444,74.1778,0.00092712,14,,1.0,58.2212
eval_probe,,prb_b_navcara_escasa_r04_n024_det_i1,cbaa,reward00,3,,,,,,,,,0.583333,14.0,10.0,0.0,0.0,0.0,4.0,58.2212,4.39912,63.5536,54.2932,18.5444,74.1778,0.000913212,14,,1.0,58.2212
eval_probe,,prb_b_navcara_escasa_r04_n024_det_i1,cbba,reward00,1,,,,,,,,,0.541667,13.0,11.0,0.0,0.0,0.0,4.0,57.1487,5.45498,63.5102,52.1697,18.0684,72.2735,0.00110665,13,,1.0,57.1487
eval_probe,,prb_b_navcara_escasa_r04_n024_det_i1,cbba,reward00,2,,,,,,,,,0.541667,13.0,11.0,0.0,0.0,0.0,4.0,57.1487,5.45498,63.5102,52.1697,18.0684,72.2735,0.00120745,13,,1.0,57.1487
eval_probe,,prb_b_navcara_escasa_r04_n024_det_i1,cbba,reward00,3,,,,,,,,,0.541667,13.0,11.0,0.0,0.0,0.0,4.0,57.1487,5.45498,63.5102,52.1697,18.0684,72.2735,0.0011404,13,,1.0,57.1487
eval_probe,,prb_b_navcara_escasa_r04_n024_det_i1,dec-mcts-v4-g9999,reward00,1,,,,,,,,,0.5,12.0,12.0,0.0,0.0,0.0,4.0,55.391,3.06668,58.6757,52.1697,19.907,79.6282,2.5351,12,,1.0,55.391
eval_probe,,prb_b_navcara_escasa_r04_n024_det_i1,dec-mcts-v4-g9999,reward00,2,,,,,,,,,0.541667,13.0,11.0,0.0,0.0,0.0,4.0,59.1454,3.94017,63.7565,54.1231,22.6827,90.7307,2.65005,13,,1.0,59.1454
eval_probe,,prb_b_navcara_escasa_r04_n024_det_i1,dec-mcts-v4-g9999,reward00,3,,,,,,,,,0.458333,11.0,13.0,0.0,0.0,0.0,4.0,53.7623,1.18301,55.0,52.1697,16.8518,67.4071,2.5383,11,,1.0,53.7623
eval_probe,,prb_b_navcara_escasa_r04_n024_det_i1,greedy,reward00,1,,,,,,,,,0.375,9.0,15.0,0.0,0.0,0.0,4.0,54.1796,3.08938,57.7121,50.1933,13.4703,53.8813,0.000753754,11,,0.818182,54.1796
eval_probe,,prb_b_navcara_escasa_r04_n024_det_i1,greedy,reward00,2,,,,,,,,,0.375,9.0,15.0,0.0,0.0,0.0,4.0,54.1796,3.08938,57.7121,50.1933,13.4703,53.8813,0.000689484,11,,0.818182,54.1796
eval_probe,,prb_b_navcara_escasa_r04_n024_det_i1,greedy,reward00,3,,,,,,,,,0.375,9.0,15.0,0.0,0.0,0.0,4.0,54.1796,3.08938,57.7121,50.1933,13.4703,53.8813,0.000747859,11,,0.818182,54.1796
eval_probe,,prb_b_navcara_escasa_r04_n024_det_i1,random,reward00,1,,,,,,,,,0.25,6.0,18.0,0.0,0.0,0.0,4.0,54.6812,5.99346,61.6134,49.0,14.21,56.8401,0.000649444,8,,0.75,54.6812
eval_probe,,prb_b_navcara_escasa_r04_n024_det_i1,random,reward00,2,,,,,,,,,0.208333,5.0,19.0,0.0,0.0,0.0,4.0,51.1601,4.42137,57.0678,46.3502,15.6189,62.4755,0.000663539,9,,0.555556,51.1601
eval_probe,,prb_b_navcara_escasa_r04_n024_det_i1,random,reward00,3,,,,,,,,,0.25,6.0,18.0,0.0,0.0,0.0,4.0,52.571,2.43257,54.69,49.3012,13.7513,55.0051,0.000643106,8,,0.75,52.571
eval_probe,,prb_b_navcara_escasa_r04_n024_det_i2,cbaa,reward00,1,,,,,,,,,0.583333,14.0,10.0,0.0,0.0,0.0,4.0,52.3419,6.87068,60.2189,45.7796,16.8843,67.5373,0.000962882,14,,1.0,52.3419
eval_probe,,prb_b_navcara_escasa_r04_n024_det_i2,cbaa,reward00,2,,,,,,,,,0.583333,14.0,10.0,0.0,0.0,0.0,4.0,52.3419,6.87068,60.2189,45.7796,16.8843,67.5373,0.000585312,14,,1.0,52.3419
eval_probe,,prb_b_navcara_escasa_r04_n024_det_i2,cbaa,reward00,3,,,,,,,,,0.583333,14.0,10.0,0.0,0.0,0.0,4.0,52.3419,6.87068,60.2189,45.7796,16.8843,67.5373,0.000612481,14,,1.0,52.3419
eval_probe,,prb_b_navcara_escasa_r04_n024_det_i2,cbba,reward00,1,,,,,,,,,0.583333,14.0,10.0,0.0,0.0,0.0,4.0,56.3808,3.34194,60.0443,52.3361,17.0049,68.0195,0.00127547,14,,1.0,56.3807
eval_probe,,prb_b_navcara_escasa_r04_n024_det_i2,cbba,reward00,2,,,,,,,,,0.583333,14.0,10.0,0.0,0.0,0.0,4.0,56.3808,3.34194,60.0443,52.3361,17.0049,68.0195,0.000908406,14,,1.0,56.3807
eval_probe,,prb_b_navcara_escasa_r04_n024_det_i2,cbba,reward00,3,,,,,,,,,0.583333,14.0,10.0,0.0,0.0,0.0,4.0,56.3808,3.34194,60.0443,52.3361,17.0049,68.0195,0.000915907,14,,1.0,56.3807
eval_probe,,prb_b_navcara_escasa_r04_n024_det_i2,dec-mcts-v4-g9999,reward00,1,,,,,,,,,0.5,12.0,12.0,0.0,0.0,0.0,4.0,51.7022,1.74559,52.9025,49.1231,17.6625,70.6499,2.50481,12,,1.0,51.7022
eval_probe,,prb_b_navcara_escasa_r04_n024_det_i2,dec-mcts-v4-g9999,reward00,2,,,,,,,,,0.5,12.0,12.0,0.0,0.0,0.0,4.0,53.1714,1.25577,55.0,52.1697,17.2264,68.9055,2.49004,12,,1.0,53.1714
eval_probe,,prb_b_navcara_escasa_r04_n024_det_i2,dec-mcts-v4-g9999,reward00,3,,,,,,,,,0.5,12.0,12.0,0.0,0.0,0.0,4.0,52.6877,1.41319,54.3394,50.8956,18.1461,72.5844,2.48934,12,,1.0,52.6877
eval_probe,,prb_b_navcara_escasa_r04_n024_det_i2,greedy,reward00,1,,,,,,,,,0.291667,7.0,17.0,0.0,0.0,0.0,4.0,52.4397,0.745369,53.3728,51.6065,7.90786,31.6314,0.000394394,8,,0.875,52.4397
eval_probe,,prb_b_navcara_escasa_r04_n024_det_i2,greedy,reward00,2,,,,,,,,,0.291667,7.0,17.0,0.0,0.0,0.0,4.0,52.4397,0.745369,53.3728,51.6065,7.90786,31.6314,0.000453432,8,,0.875,52.4397
eval_probe,,prb_b_navcara_escasa_r04_n024_det_i2,greedy,reward00,3,,,,,,,,,0.291667,7.0,17.0,0.0,0.0,0.0,4.0,52.4397,0.745369,53.3728,51.6065,7.90786,31.6314,0.000433943,8,,0.875,52.4397
eval_probe,,prb_b_navcara_escasa_r04_n024_det_i2,random,reward00,1,,,,,,,,,0.291667,7.0,17.0,0.0,0.0,0.0,4.0,53.4176,2.01438,56.3827,51.9465,15.3987,61.5948,0.000655567,8,,0.875,53.4176
eval_probe,,prb_b_navcara_escasa_r04_n024_det_i2,random,reward00,2,,,,,,,,,0.25,6.0,18.0,0.0,0.0,0.0,4.0,52.1026,2.09594,54.7109,49.5833,14.4923,57.9692,0.000626144,7,,0.857143,52.1026
eval_probe,,prb_b_navcara_escasa_r04_n024_det_i2,random,reward00,3,,,,,,,,,0.291667,7.0,17.0,0.0,0.0,0.0,4.0,52.6576,1.61703,54.9143,51.1597,13.4263,53.705,0.000576034,7,,1.0,52.6576
eval_probe,,prb_b_navcara_escasa_r04_n024_det_i3,cbaa,reward00,1,,,,,,,,,0.541667,13.0,11.0,0.0,0.0,0.0,4.0,52.2094,7.36195,62.9007,47.0921,17.5753,70.3014,0.000536462,13,,1.0,52.2095
eval_probe,,prb_b_navcara_escasa_r04_n024_det_i3,cbaa,reward00,2,,,,,,,,,0.541667,13.0,11.0,0.0,0.0,0.0,4.0,52.2094,7.36195,62.9007,47.0921,17.5753,70.3014,0.000603246,13,,1.0,52.2095
eval_probe,,prb_b_navcara_escasa_r04_n024_det_i3,cbaa,reward00,3,,,,,,,,,0.541667,13.0,11.0,0.0,0.0,0.0,4.0,52.2094,7.36195,62.9007,47.0921,17.5753,70.3014,0.000916559,13,,1.0,52.2095
eval_probe,,prb_b_navcara_escasa_r04_n024_det_i3,cbba,reward00,1,,,,,,,,,0.541667,13.0,11.0,0.0,0.0,0.0,4.0,52.2094,7.36195,62.9007,47.0921,17.5753,70.3014,0.00118819,13,,1.0,52.2095
eval_probe,,prb_b_navcara_escasa_r04_n024_det_i3,cbba,reward00,2,,,,,,,,,0.541667,13.0,11.0,0.0,0.0,0.0,4.0,52.2094,7.36195,62.9007,47.0921,17.5753,70.3014,0.00124332,13,,1.0,52.2095
eval_probe,,prb_b_navcara_escasa_r04_n024_det_i3,cbba,reward00,3,,,,,,,,,0.541667,13.0,11.0,0.0,0.0,0.0,4.0,52.2094,7.36195,62.9007,47.0921,17.5753,70.3014,0.00122215,13,,1.0,52.2095
eval_probe,,prb_b_navcara_escasa_r04_n024_det_i3,dec-mcts-v4-g9999,reward00,1,,,,,,,,,0.5,12.0,12.0,0.0,0.0,0.0,4.0,54.1369,2.60857,56.5833,51.1265,19.7884,79.1534,2.73679,12,,1.0,54.1369
eval_probe,,prb_b_navcara_escasa_r04_n024_det_i3,dec-mcts-v4-g9999,reward00,2,,,,,,,,,0.5,12.0,12.0,0.0,0.0,0.0,4.0,54.2638,4.32411,59.3363,50.5833,20.5013,82.0052,2.60988,12,,1.0,54.2638
eval_probe,,prb_b_navcara_escasa_r04_n024_det_i3,dec-mcts-v4-g9999,reward00,3,,,,,,,,,0.5,12.0,12.0,0.0,0.0,0.0,4.0,54.8678,4.04809,60.503,51.1265,19.8543,79.4171,2.42314,12,,1.0,54.8678
eval_probe,,prb_b_navcara_escasa_r04_n024_det_i3,greedy,reward00,1,,,,,,,,,0.25,6.0,18.0,0.0,0.0,0.0,4.0,47.0606,2.45766,50.5462,45.1231,9.53301,38.132,0.00041558,8,,0.75,47.0606
eval_probe,,prb_b_navcara_escasa_r04_n024_det_i3,greedy,reward00,2,,,,,,,,,0.25,6.0,18.0,0.0,0.0,0.0,4.0,47.0606,2.45766,50.5462,45.1231,9.53301,38.132,0.000517504,8,,0.75,47.0606
eval_probe,,prb_b_navcara_escasa_r04_n024_det_i3,greedy,reward00,3,,,,,,,,,0.25,6.0,18.0,0.0,0.0,0.0,4.0,47.0606,2.45766,50.5462,45.1231,9.53301,38.132,0.00046304,8,,0.75,47.0606
eval_probe,,prb_b_navcara_escasa_r04_n024_det_i3,random,reward00,1,,,,,,,,,0.25,6.0,18.0,0.0,0.0,0.0,4.0,49.0937,3.29687,52.8232,46.0497,15.8879,63.5514,0.000718597,9,,0.666667,49.0938
eval_probe,,prb_b_navcara_escasa_r04_n024_det_i3,random,reward00,2,,,,,,,,,0.208333,5.0,19.0,0.0,0.0,0.0,4.0,51.5124,3.90279,54.7606,45.9765,14.5621,58.2484,0.000831449,8,,0.625,51.5125
eval_probe,,prb_b_navcara_escasa_r04_n024_det_i3,random,reward00,3,,,,,,,,,0.25,6.0,18.0,0.0,0.0,0.0,4.0,49.1253,4.1649,52.1086,42.9756,18.3135,73.254,0.000561476,9,,0.666667,49.1253
eval_probe,,prb_b_navcara_escasa_r04_n024_est_i1,cbaa,reward00,1,,,,,,,,,0.166667,4.0,20.0,0.0,0.0,0.0,4.0,38.7033,26.2708,58.2303,0.0,11.6834,46.7338,0.000379025,8,,0.5,38.7034
eval_probe,,prb_b_navcara_escasa_r04_n024_est_i1,cbaa,reward00,2,,,,,,,,,0.25,6.0,18.0,0.0,0.0,0.0,4.0,35.6037,23.791,49.573,0.0,10.3263,41.3053,0.000375749,9,,0.666667,35.6037
eval_probe,,prb_b_navcara_escasa_r04_n024_est_i1,cbaa,reward00,3,,,,,,,,,0.25,6.0,18.0,0.0,0.0,0.0,4.0,43.6626,30.7329,72.0139,0.0,11.0444,44.1778,0.000340636,9,,0.666667,43.6626
eval_probe,,prb_b_navcara_escasa_r04_n024_est_i1,cbba,reward00,1,,,,,,,,,0.333333,8.0,16.0,0.0,0.0,0.0,4.0,50.8983,5.85495,56.6073,44.672,14.3287,57.3147,0.000706137,12,,0.666667,50.8983
eval_probe,,prb_b_navcara_escasa_r04_n024_est_i1,cbba,reward00,2,,,,,,,,,0.333333,8.0,16.0,0.0,0.0,0.0,4.0,55.7456,11.6258,71.8169,44.1841,16.7228,66.8914,0.000973689,13,,0.615385,55.7456
eval_probe,,prb_b_navcara_escasa_r04_n024_est_i1,cbba,reward00,3,,,,,,,,,0.416667,10.0,14.0,0.0,0.0,0.0,4.0,49.83,7.97469,60.7598,43.8373,16.0489,64.1955,0.000794413,14,,0.714286,49.8299
eval_probe,,prb_b_navcara_escasa_r04_n024_est_i1,dec-mcts-v4-g9999,reward00,1,,,,,,,,,0.25,6.0,18.0,0.0,0.0,0.0,4.0,49.3286,2.95351,51.7003,45.213,14.2565,57.0261,2.20924,9,,0.666667,49.3286
eval_probe,,prb_b_navcara_escasa_r04_n024_est_i1,dec-mcts-v4-g9999,reward00,2,,,,,,,,,0.25,6.0,18.0,0.0,0.0,0.0,4.0,48.1578,5.65753,56.4888,44.369,19.3199,77.2797,2.33965,12,,0.5,48.1578
eval_probe,,prb_b_navcara_escasa_r04_n024_est_i1,dec-mcts-v4-g9999,reward00,3,,,,,,,,,0.25,6.0,18.0,0.0,0.0,0.0,4.0,52.2431,1.1808,53.9724,51.4308,19.2063,76.8251,2.3681,11,,0.545455,52.2431
eval_probe,,prb_b_navcara_escasa_r04_n024_est_i1,greedy,reward00,1,,,,,,,,,0.0833333,2.0,22.0,0.0,0.0,2.0,2.0,46.1487,6.28377,51.7482,37.9897,7.31133,29.2453,0.000530028,9,,0.222222,51.0571
eval_probe,,prb_b_navcara_escasa_r04_n024_est_i1,greedy,reward00,2,,,,,,,,,0.125,3.0,21.0,0.0,0.0,1.0,3.0,46.5924,9.1403,52.8133,33.0,12.0363,48.1452,0.000397036,7,,0.428571,51.1232
eval_probe,,prb_b_navcara_escasa_r04_n024_est_i1,greedy,reward00,3,,,,,,,,,0.166667,4.0,20.0,0.0,0.0,1.0,3.0,48.0677,9.9646,56.8584,34.0034,7.68309,30.7324,0.000386289,7,,0.571429,52.7558
eval_probe,,prb_b_navcara_escasa_r04_n024_est_i1,random,reward00,1,,,,,,,,,0.25,6.0,18.0,0.0,0.0,3.0,1.0,42.5217,9.01105,50.4785,29.7469,8.2744,33.0976,0.000483395,10,,0.6,46.5868
eval_probe,,prb_b_navcara_escasa_r04_n024_est_i1,random,reward00,2,,,,,,,,,0.166667,4.0,20.0,0.0,0.0,2.0,2.0,51.2102,10.6523,64.8333,39.1917,13.2935,53.174,0.000442768,7,,0.571429,58.6867
eval_probe,,prb_b_navcara_escasa_r04_n024_est_i1,random,reward00,3,,,,,,,,,0.125,3.0,21.0,0.0,0.0,1.0,3.0,54.1028,3.7242,59.3812,50.8633,12.282,49.1282,0.000833007,7,,0.428571,54.698
eval_probe,,prb_b_navcara_escasa_r04_n024_est_i2,cbaa,reward00,1,,,,,,,,,0.416667,10.0,14.0,0.0,0.0,0.0,4.0,52.022,10.5833,63.291,42.9124,24.4339,97.7355,0.000934426,17,,0.588235,52.022
eval_probe,,prb_b_navcara_escasa_r04_n024_est_i2,cbaa,reward00,2,,,,,,,,,0.333333,8.0,16.0,0.0,0.0,0.0,4.0,52.2415,9.98306,66.1397,43.2766,21.7929,87.1717,0.000791751,15,,0.533333,52.2415
eval_probe,,prb_b_navcara_escasa_r04_n024_est_i2,cbaa,reward00,3,,,,,,,,,0.541667,13.0,11.0,0.0,0.0,0.0,4.0,60.3776,9.59657,67.6882,47.1677,24.5171,98.0685,0.00127168,20,,0.65,60.3777
eval_probe,,prb_b_navcara_escasa_r04_n024_est_i2,cbba,reward00,1,,,,,,,,,0.5,12.0,12.0,0.0,0.0,0.0,4.0,57.1902,3.99912,62.9635,54.0234,20.8467,83.387,0.00143563,16,,0.75,57.1902
eval_probe,,prb_b_navcara_escasa_r04_n024_est_i2,cbba,reward00,2,,,,,,,,,0.416667,10.0,14.0,0.0,0.0,0.0,4.0,53.4972,3.86096,57.2705,48.4597,17.9706,71.8825,0.00126816,13,,0.769231,53.4973
eval_probe,,prb_b_navcara_escasa_r04_n024_est_i2,cbba,reward00,3,,,,,,,,,0.416667,10.0,14.0,0.0,0.0,0.0,4.0,56.232,9.30856,67.5666,45.2884,20.3464,81.3856,0.00123303,16,,0.625,56.2321
eval_probe,,prb_b_navcara_escasa_r04_n024_est_i2,dec-mcts-v4-g9999,reward00,1,,,,,,,,,0.333333,8.0,16.0,0.0,0.0,0.0,4.0,63.293,8.36848,72.7109,52.5276,19.3794,77.5178,3.00463,12,,0.666667,63.293
eval_probe,,prb_b_navcara_escasa_r04_n024_est_i2,dec-mcts-v4-g9999,reward00,2,,,,,,,,,0.25,6.0,18.0,0.0,0.0,0.0,4.0,53.9725,6.63474,63.7538,48.9812,17.1117,68.4466,3.32984,10,,0.6,53.9725
eval_probe,,prb_b_navcara_escasa_r04_n024_est_i2,dec-mcts-v4-g9999,reward00,3,,,,,,,,,0.291667,7.0,17.0,0.0,0.0,0.0,4.0,53.1337,12.3436,70.6173,43.0374,17.7772,71.1089,3.09077,10,,0.7,53.1337
eval_probe,,prb_b_navcara_escasa_r04_n024_est_i2,greedy,reward00,1,,,,,,,,,0.166667,4.0,20.0,0.0,0.0,1.0,3.0,55.4505,16.7636,73.6606,36.0,8.45145,33.8058,0.000443593,9,,0.444444,61.934
eval_probe,,prb_b_navcara_escasa_r04_n024_est_i2,greedy,reward00,2,,,,,,,,,0.208333,5.0,19.0,0.0,0.0,0.0,4.0,51.6785,2.57608,53.602,48.0251,10.5328,42.1314,0.000460395,9,,0.555556,51.6786
eval_probe,,prb_b_navcara_escasa_r04_n024_est_i2,greedy,reward00,3,,,,,,,,,0.333333,8.0,16.0,0.0,0.0,1.0,3.0,49.4516,21.9137,72.6072,19.9931,11.4714,45.8854,0.000606358,12,,0.666667,59.2711
eval_probe,,prb_b_navcara_escasa_r04_n024_est_i2,random,reward00,1,,,,,,,,,0.0833333,2.0,22.0,0.0,0.0,2.0,2.0,52.0945,17.5978,73.6606,36.0,6.66621,26.6648,0.000554567,6,,0.333333,66.3824
eval_probe,,prb_b_navcara_escasa_r04_n024_est_i2,random,reward00,2,,,,,,,,,0.25,6.0,18.0,0.0,0.0,1.0,3.0,48.0262,10.225,57.7973,34.0,12.7905,51.1618,0.000684418,9,,0.666667,52.7016
eval_probe,,prb_b_navcara_escasa_r04_n024_est_i2,random,reward00,3,,,,,,,,,0.333333,8.0,16.0,0.0,0.0,3.0,1.0,39.6138,12.1435,49.3319,23.0175,13.1819,52.7274,0.000713708,11,,0.727273,47.9956
eval_probe,,prb_b_navcara_escasa_r04_n024_est_i3,cbaa,reward00,1,,,,,,,,,0.25,6.0,18.0,0.0,0.0,0.0,4.0,41.7164,28.2217,62.3957,0.0,12.8119,51.2477,0.000356967,10,,0.6,41.7165
eval_probe,,prb_b_navcara_escasa_r04_n024_est_i3,cbaa,reward00,2,,,,,,,,,0.291667,7.0,17.0,0.0,0.0,0.0,4.0,47.3825,33.6846,76.4211,0.0,13.4563,53.8254,0.000428838,11,,0.636364,47.3825
eval_probe,,prb_b_navcara_escasa_r04_n024_est_i3,cbaa,reward00,3,,,,,,,,,0.333333,8.0,16.0,0.0,0.0,0.0,4.0,43.902,29.2821,59.4381,0.0,16.3171,65.2686,0.000494321,12,,0.666667,43.902
eval_probe,,prb_b_navcara_escasa_r04_n024_est_i3,cbba,reward00,1,,,,,,,,,0.416667,10.0,14.0,0.0,0.0,0.0,4.0,54.5333,1.90669,56.4216,51.8896,16.5341,66.1364,0.000581137,12,,0.833333,54.5334
eval_probe,,prb_b_navcara_escasa_r04_n024_est_i3,cbba,reward00,2,,,,,,,,,0.458333,11.0,13.0,0.0,0.0,0.0,4.0,55.9761,13.5256,76.184,47.5864,19.7269,78.9077,0.00108679,14,,0.785714,55.9761
eval_probe,,prb_b_navcara_escasa_r04_n024_est_i3,cbba,reward00,3,,,,,,,,,0.291667,7.0,17.0,0.0,0.0,0.0,4.0,58.3614,5.81462,64.5307,52.989,18.2006,72.8026,0.00112582,11,,0.636364,58.3614
eval_probe,,prb_b_navcara_escasa_r04_n024_est_i3,dec-mcts-v4-g9999,reward00,1,,,,,,,,,0.291667,7.0,16.0,1.0,0.0,0.0,4.0,51.5868,2.24666,54.2263,49.1011,18.5203,74.0812,2.24025,10,,0.7,51.5868
eval_probe,,prb_b_navcara_escasa_r04_n024_est_i3,dec-mcts-v4-g9999,reward00,2,,,,,,,,,0.25,6.0,18.0,0.0,0.0,0.0,4.0,56.8172,7.45192,67.9916,52.8319,14.2972,57.189,2.43711,8,,0.75,56.8171
eval_probe,,prb_b_navcara_escasa_r04_n024_est_i3,dec-mcts-v4-g9999,reward00,3,,,,,,,,,0.375,9.0,15.0,0.0,0.0,0.0,4.0,57.301,9.16212,70.0,48.9079,19.0778,76.3111,2.41894,12,,0.75,57.301
eval_probe,,prb_b_navcara_escasa_r04_n024_est_i3,greedy,reward00,1,,,,,,,,,0.25,6.0,18.0,0.0,0.0,1.0,3.0,53.889,3.58616,58.4412,50.0458,11.3904,45.5616,0.00117333,9,,0.666667,54.4042
eval_probe,,prb_b_navcara_escasa_r04_n024_est_i3,greedy,reward00,2,,,,,,,,,0.25,6.0,18.0,0.0,0.0,1.0,3.0,53.4872,12.571,70.3648,40.0017,8.62124,34.485,0.000312121,9,,0.666667,57.9824
eval_probe,,prb_b_navcara_escasa_r04_n024_est_i3,greedy,reward00,3,,,,,,,,,0.208333,5.0,19.0,0.0,0.0,1.0,3.0,55.314,8.4535,65.9638,46.4772,9.21504,36.8601,0.000350191,9,,0.555556,58.2596
eval_probe,,prb_b_navcara_escasa_r04_n024_est_i3,random,reward00,1,,,,,,,,,0.291667,7.0,17.0,0.0,0.0,3.0,1.0,43.3171,9.83405,54.0297,30.5869,14.3894,57.5574,0.000518575,11,,0.636364,54.0297
eval_probe,,prb_b_navcara_escasa_r04_n024_est_i3,random,reward00,2,,,,,,,,,0.208333,5.0,19.0,0.0,0.0,2.0,2.0,46.827,16.9077,59.6606,22.0,7.89133,31.5653,0.000445198,8,,0.625,57.0009
eval_probe,,prb_b_navcara_escasa_r04_n024_est_i3,random,reward00,3,,,,,,,,,0.166667,4.0,20.0,0.0,0.0,2.0,2.0,40.5646,17.711,55.0763,18.0517,11.1535,44.614,0.000340757,6,,0.666667,54.7147
eval_probe,,prb_b_navcara_escasa_r08_n048_det_i1,cbaa,reward00,1,,,,,,,,,0.604167,29.0,19.0,0.0,0.0,0.0,8.0,55.0928,6.56352,65.6591,47.4629,18.7693,150.155,0.00236355,29,,1.0,55.0928
eval_probe,,prb_b_navcara_escasa_r08_n048_det_i1,cbaa,reward00,2,,,,,,,,,0.604167,29.0,19.0,0.0,0.0,0.0,8.0,55.0928,6.56352,65.6591,47.4629,18.7693,150.155,0.00179977,29,,1.0,55.0928
eval_probe,,prb_b_navcara_escasa_r08_n048_det_i1,cbaa,reward00,3,,,,,,,,,0.604167,29.0,19.0,0.0,0.0,0.0,8.0,55.0928,6.56352,65.6591,47.4629,18.7693,150.155,0.00166475,29,,1.0,55.0928
eval_probe,,prb_b_navcara_escasa_r08_n048_det_i1,cbba,reward00,1,,,,,,,,,0.604167,29.0,19.0,0.0,0.0,0.0,8.0,54.1803,6.85618,65.7091,44.5856,17.8357,142.686,0.00452445,29,,1.0,54.1803
eval_probe,,prb_b_navcara_escasa_r08_n048_det_i1,cbba,reward00,2,,,,,,,,,0.604167,29.0,19.0,0.0,0.0,0.0,8.0,54.1803,6.85618,65.7091,44.5856,17.8357,142.686,0.00433983,29,,1.0,54.1803
eval_probe,,prb_b_navcara_escasa_r08_n048_det_i1,cbba,reward00,3,,,,,,,,,0.604167,29.0,19.0,0.0,0.0,0.0,8.0,54.1803,6.85618,65.7091,44.5856,17.8357,142.686,0.00514192,29,,1.0,54.1803
eval_probe,,prb_b_navcara_escasa_r08_n048_det_i1,dec-mcts-v4-g9999,reward00,1,,,,,,,,,0.5,24.0,24.0,0.0,0.0,0.0,8.0,56.3201,5.16338,64.2462,49.4118,19.5142,156.113,15.5799,24,,1.0,56.3201
eval_probe,,prb_b_navcara_escasa_r08_n048_det_i1,dec-mcts-v4-g9999,reward00,2,,,,,,,,,0.458333,22.0,26.0,0.0,0.0,0.0,8.0,53.3472,6.75279,61.9227,45.6065,17.7478,141.982,15.3038,22,,1.0,53.3472
eval_probe,,prb_b_navcara_escasa_r08_n048_det_i1,dec-mcts-v4-g9999,reward00,3,,,,,,,,,0.520833,25.0,23.0,0.0,0.0,0.0,8.0,57.7911,4.74507,67.2182,53.0256,21.0232,168.186,16.2024,25,,1.0,57.7911
eval_probe,,prb_b_navcara_escasa_r08_n048_det_i1,greedy,reward00,1,,,,,,,,,0.333333,16.0,32.0,0.0,0.0,0.0,8.0,51.2071,5.31969,60.3174,45.5833,8.39205,67.1364,0.000876693,19,,0.842105,51.2071
eval_probe,,prb_b_navcara_escasa_r08_n048_det_i1,greedy,reward00,2,,,,,,,,,0.333333,16.0,32.0,0.0,0.0,0.0,8.0,51.2071,5.31969,60.3174,45.5833,8.39205,67.1364,0.000866951,19,,0.842105,51.2071
eval_probe,,prb_b_navcara_escasa_r08_n048_det_i1,greedy,reward00,3,,,,,,,,,0.333333,16.0,32.0,0.0,0.0,0.0,8.0,51.2071,5.31969,60.3174,45.5833,8.39205,67.1364,0.00100675,19,,0.842105,51.2071
eval_probe,,prb_b_navcara_escasa_r08_n048_det_i1,random,reward00,1,,,,,,,,,0.25,12.0,36.0,0.0,0.0,0.0,8.0,49.1423,4.69291,56.866,44.096,13.062,104.496,0.00138089,18,,0.666667,49.1423
eval_probe,,prb_b_navcara_escasa_r08_n048_det_i1,random,reward00,2,,,,,,,,,0.25,12.0,36.0,0.0,0.0,0.0,8.0,49.2685,5.25117,59.7897,42.4847,14.4833,115.866,0.000820138,18,,0.666667,49.2685
eval_probe,,prb_b_navcara_escasa_r08_n048_det_i1,random,reward00,3,,,,,,,,,0.270833,13.0,35.0,0.0,0.0,0.0,8.0,51.4082,4.32041,56.6134,45.8956,12.3623,98.8986,0.00130204,16,,0.8125,51.4082
eval_probe,,prb_b_navcara_escasa_r08_n048_det_i2,cbaa,reward00,1,,,,,,,,,0.416667,20.0,28.0,0.0,0.0,0.0,8.0,36.6512,30.4557,62.7422,0.0,11.2916,90.3329,0.00208717,20,,1.0,36.6512
eval_probe,,prb_b_navcara_escasa_r08_n048_det_i2,cbaa,reward00,2,,,,,,,,,0.416667,20.0,28.0,0.0,0.0,0.0,8.0,36.6512,30.4557,62.7422,0.0,11.2916,90.3329,0.00200894,20,,1.0,36.6512
eval_probe,,prb_b_navcara_escasa_r08_n048_det_i2,cbaa,reward00,3,,,,,,,,,0.416667,20.0,28.0,0.0,0.0,0.0,8.0,36.6512,30.4557,62.7422,0.0,11.2916,90.3329,0.00207631,20,,1.0,36.6512
eval_probe,,prb_b_navcara_escasa_r08_n048_det_i2,cbba,reward00,1,,,,,,,,,0.583333,28.0,20.0,0.0,0.0,0.0,8.0,53.7508,4.02334,59.111,46.4029,16.6366,133.092,0.00725767,28,,1.0,53.7508
eval_probe,,prb_b_navcara_escasa_r08_n048_det_i2,cbba,reward00,2,,,,,,,,,0.583333,28.0,20.0,0.0,0.0,0.0,8.0,53.7508,4.02334,59.111,46.4029,16.6366,133.092,0.0074904,28,,1.0,53.7508
eval_probe,,prb_b_navcara_escasa_r08_n048_det_i2,cbba,reward00,3,,,,,,,,,0.583333,28.0,20.0,0.0,0.0,0.0,8.0,53.7508,4.02334,59.111,46.4029,16.6366,133.092,0.00750425,28,,1.0,53.7508
eval_probe,,prb_b_navcara_escasa_r08_n048_det_i2,dec-mcts-v4-g9999,reward00,1,,,,,,,,,0.5,24.0,24.0,0.0,0.0,0.0,8.0,58.2293,3.24021,61.448,53.7009,19.3276,154.621,16.3341,24,,1.0,58.2293
eval_probe,,prb_b_navcara_escasa_r08_n048_det_i2,dec-mcts-v4-g9999,reward00,2,,,,,,,,,0.5,24.0,24.0,0.0,0.0,0.0,8.0,56.3975,2.95509,61.3693,53.0854,19.1627,153.301,16.1461,24,,1.0,56.3975
eval_probe,,prb_b_navcara_escasa_r08_n048_det_i2,dec-mcts-v4-g9999,reward00,3,,,,,,,,,0.520833,25.0,23.0,0.0,0.0,0.0,8.0,57.6013,4.87016,65.5524,52.1918,20.472,163.776,16.6318,25,,1.0,57.6013
eval_probe,,prb_b_navcara_escasa_r08_n048_det_i2,greedy,reward00,1,,,,,,,,,0.291667,14.0,34.0,0.0,0.0,0.0,8.0,54.5462,3.84807,61.3728,49.8233,10.2822,82.2577,0.00126261,15,,0.933333,54.5462
eval_probe,,prb_b_navcara_escasa_r08_n048_det_i2,greedy,reward00,2,,,,,,,,,0.291667,14.0,34.0,0.0,0.0,0.0,8.0,54.5462,3.84807,61.3728,49.8233,10.2822,82.2577,0.00151301,15,,0.933333,54.5462
eval_probe,,prb_b_navcara_escasa_r08_n048_det_i2,greedy,reward00,3,,,,,,,,,0.291667,14.0,34.0,0.0,0.0,0.0,8.0,54.5462,3.84807,61.3728,49.8233,10.2822,82.2577,0.00124281,15,,0.933333,54.5462
eval_probe,,prb_b_navcara_escasa_r08_n048_det_i2,random,reward00,1,,,,,,,,,0.208333,10.0,38.0,0.0,0.0,0.0,8.0,50.6117,2.67729,54.2333,46.4936,14.734,117.872,0.000903365,19,,0.526316,50.6117
eval_probe,,prb_b_navcara_escasa_r08_n048_det_i2,random,reward00,2,,,,,,,,,0.291667,14.0,34.0,0.0,0.0,0.0,8.0,52.9887,1.88079,55.9732,49.8233,15.1986,121.589,0.000880661,19,,0.736842,52.9887
eval_probe,,prb_b_navcara_escasa_r08_n048_det_i2,random,reward00,3,,,,,,,,,0.333333,16.0,32.0,0.0,0.0,0.0,8.0,57.0865,5.76498,64.5194,49.3626,18.1936,145.549,0.00128906,22,,0.727273,57.0865
eval_probe,,prb_b_navcara_escasa_r08_n048_det_i3,cbaa,reward00,1,,,,,,,,,0.354167,17.0,31.0,0.0,0.0,0.0,8.0,32.9271,27.528,57.3851,0.0,9.67708,77.4166,0.00126824,17,,1.0,32.9271
eval_probe,,prb_b_navcara_escasa_r08_n048_det_i3,cbaa,reward00,2,,,,,,,,,0.354167,17.0,31.0,0.0,0.0,0.0,8.0,32.9271,27.528,57.3851,0.0,9.67708,77.4166,0.00143135,17,,1.0,32.9271
eval_probe,,prb_b_navcara_escasa_r08_n048_det_i3,cbaa,reward00,3,,,,,,,,,0.354167,17.0,31.0,0.0,0.0,0.0,8.0,32.9271,27.528,57.3851,0.0,9.67708,77.4166,0.0012583,17,,1.0,32.9271
eval_probe,,prb_b_navcara_escasa_r08_n048_det_i3,cbba,reward00,1,,,,,,,,,0.5625,27.0,21.0,0.0,0.0,0.0,8.0,53.7484,4.93057,59.8594,46.5868,15.7912,126.329,0.00656946,27,,1.0,53.7484
eval_probe,,prb_b_navcara_escasa_r08_n048_det_i3,cbba,reward00,2,,,,,,,,,0.5625,27.0,21.0,0.0,0.0,0.0,8.0,53.7484,4.93057,59.8594,46.5868,15.7912,126.329,0.0140365,27,,1.0,53.7484
eval_probe,,prb_b_navcara_escasa_r08_n048_det_i3,cbba,reward00,3,,,,,,,,,0.5625,27.0,21.0,0.0,0.0,0.0,8.0,53.7484,4.93057,59.8594,46.5868,15.7912,126.329,0.00455776,27,,1.0,53.7484
eval_probe,,prb_b_navcara_escasa_r08_n048_det_i3,dec-mcts-v4-g9999,reward00,1,,,,,,,,,0.520833,25.0,23.0,0.0,0.0,0.0,8.0,56.9246,5.37497,64.933,49.8094,19.2308,153.847,17.2938,25,,1.0,56.9246
eval_probe,,prb_b_navcara_escasa_r08_n048_det_i3,dec-mcts-v4-g9999,reward00,2,,,,,,,,,0.458333,22.0,26.0,0.0,0.0,0.0,8.0,55.5233,6.19961,66.1953,48.5833,15.23,121.84,15.8725,22,,1.0,55.5233
eval_probe,,prb_b_navcara_escasa_r08_n048_det_i3,dec-mcts-v4-g9999,reward00,3,,,,,,,,,0.458333,22.0,26.0,0.0,0.0,0.0,8.0,52.83,5.57531,63.0426,46.7766,16.7272,133.818,15.7931,22,,1.0,52.8299
eval_probe,,prb_b_navcara_escasa_r08_n048_det_i3,greedy,reward00,1,,,,,,,,,0.25,12.0,36.0,0.0,0.0,0.0,8.0,51.9391,3.94598,58.9025,48.0,9.05518,72.4414,0.00134517,15,,0.8,51.9391
eval_probe,,prb_b_navcara_escasa_r08_n048_det_i3,greedy,reward00,2,,,,,,,,,0.25,12.0,36.0,0.0,0.0,0.0,8.0,51.9391,3.94598,58.9025,48.0,9.05518,72.4414,0.00133162,15,,0.8,51.9391
eval_probe,,prb_b_navcara_escasa_r08_n048_det_i3,greedy,reward00,3,,,,,,,,,0.25,12.0,36.0,0.0,0.0,0.0,8.0,51.9391,3.94598,58.9025,48.0,9.05518,72.4414,0.00076502,15,,0.8,51.9391
eval_probe,,prb_b_navcara_escasa_r08_n048_det_i3,random,reward00,1,,,,,,,,,0.25,12.0,36.0,0.0,0.0,0.0,8.0,54.0535,4.16408,62.2319,50.7356,14.8637,118.909,0.000905247,18,,0.666667,54.0535
eval_probe,,prb_b_navcara_escasa_r08_n048_det_i3,random,reward00,2,,,,,,,,,0.270833,13.0,35.0,0.0,0.0,0.0,8.0,52.8374,3.80499,60.457,48.5833,18.0527,144.422,0.00154118,18,,0.722222,52.8374
eval_probe,,prb_b_navcara_escasa_r08_n048_det_i3,random,reward00,3,,,,,,,,,0.229167,11.0,37.0,0.0,0.0,0.0,8.0,52.3933,2.7767,56.1956,48.6751,13.2066,105.653,0.00139061,15,,0.733333,52.3933
eval_probe,,prb_b_navcara_escasa_r08_n048_est_i1,cbaa,reward00,1,,,,,,,,,0.291667,14.0,34.0,0.0,0.0,0.0,8.0,26.1782,28.0817,56.715,0.0,12.7382,101.906,0.00237653,21,,0.666667,26.1782
eval_probe,,prb_b_navcara_escasa_r08_n048_est_i1,cbaa,reward00,2,,,,,,,,,0.208333,10.0,38.0,0.0,0.0,0.0,8.0,27.1019,29.1667,58.5753,0.0,9.14967,73.1974,0.00138805,15,,0.666667,27.1019
eval_probe,,prb_b_navcara_escasa_r08_n048_est_i1,cbaa,reward00,3,,,,,,,,,0.208333,10.0,38.0,0.0,0.0,0.0,8.0,28.7445,31.0454,63.1762,0.0,10.038,80.3037,0.00196246,16,,0.625,28.7445
eval_probe,,prb_b_navcara_escasa_r08_n048_est_i1,cbba,reward00,1,,,,,,,,,0.395833,19.0,29.0,0.0,0.0,0.0,8.0,54.9794,6.70514,63.0999,44.3082,18.5371,148.296,0.00779677,32,,0.59375,54.9794
eval_probe,,prb_b_navcara_escasa_r08_n048_est_i1,cbba,reward00,2,,,,,,,,,0.416667,20.0,28.0,0.0,0.0,0.0,8.0,55.4828,6.58058,66.8399,47.0024,18.6313,149.051,0.00515708,29,,0.689655,55.4828
eval_probe,,prb_b_navcara_escasa_r08_n048_est_i1,cbba,reward00,3,,,,,,,,,0.395833,19.0,29.0,0.0,0.0,0.0,8.0,53.3194,7.81871,69.8277,45.4648,18.7482,149.986,0.0054764,34,,0.558824,53.3194
eval_probe,,prb_b_navcara_escasa_r08_n048_est_i1,dec-mcts-v4-g9999,reward00,1,,,,,,,,,0.3125,15.0,33.0,0.0,0.0,0.0,8.0,55.4187,9.02326,67.422,42.6924,18.5464,148.371,19.1034,24,,0.625,55.4187
eval_probe,,prb_b_navcara_escasa_r08_n048_est_i1,dec-mcts-v4-g9999,reward00,2,,,,,,,,,0.395833,19.0,29.0,0.0,0.0,0.0,8.0,53.0396,7.48659,65.6532,44.6072,18.271,146.168,20.4898,24,,0.791667,53.0396
eval_probe,,prb_b_navcara_escasa_r08_n048_est_i1,dec-mcts-v4-g9999,reward00,3,,,,,,,,,0.354167,17.0,31.0,0.0,0.0,0.0,8.0,56.5482,8.33925,66.7024,44.2916,14.8764,119.011,19.7842,19,,0.894737,56.5482
eval_probe,,prb_b_navcara_escasa_r08_n048_est_i1,greedy,reward00,1,,,,,,,,,0.229167,11.0,37.0,0.0,0.0,3.0,5.0,50.148,8.01029,60.6606,39.8634,7.7159,61.7272,0.00103549,19,,0.578947,55.3576
eval_probe,,prb_b_navcara_escasa_r08_n048_est_i1,greedy,reward00,2,,,,,,,,,0.208333,10.0,38.0,0.0,0.0,0.0,8.0,54.6117,6.64614,67.0778,48.9971,11.0962,88.7699,0.000981565,18,,0.555556,54.6117
eval_probe,,prb_b_navcara_escasa_r08_n048_est_i1,greedy,reward00,3,,,,,,,,,0.270833,13.0,35.0,0.0,0.0,1.0,7.0,51.6206,5.55122,61.2287,42.8804,8.6795,69.436,0.00154519,20,,0.65,52.8693
eval_probe,,prb_b_navcara_escasa_r08_n048_est_i1,random,reward00,1,,,,,,,,,0.229167,11.0,37.0,0.0,0.0,6.0,2.0,46.1307,7.82744,55.5405,33.0,9.13415,73.0732,0.00119708,18,,0.611111,55.4669
eval_probe,,prb_b_navcara_escasa_r08_n048_est_i1,random,reward00,2,,,,,,,,,0.125,6.0,42.0,0.0,0.0,3.0,5.0,48.2847,7.43881,55.4253,36.617,11.2165,89.7318,0.00115047,14,,0.428571,53.4837
eval_probe,,prb_b_navcara_escasa_r08_n048_est_i1,random,reward00,3,,,,,,,,,0.166667,8.0,40.0,0.0,0.0,4.0,4.0,45.651,11.4594,58.1384,20.4931,11.7371,93.8969,0.000924997,20,,0.4,53.3252
eval_probe,,prb_b_navcara_escasa_r08_n048_est_i2,cbaa,reward00,1,,,,,,,,,0.270833,13.0,35.0,0.0,0.0,0.0,8.0,35.1884,30.033,72.3615,0.0,14.6165,116.932,0.0024743,22,,0.590909,35.1884
eval_probe,,prb_b_navcara_escasa_r08_n048_est_i2,cbaa,reward00,2,,,,,,,,,0.375,18.0,30.0,0.0,0.0,0.0,8.0,31.0254,25.8807,53.8573,0.0,17.1154,136.924,0.00290532,30,,0.6,31.0253
eval_probe,,prb_b_navcara_escasa_r08_n048_est_i2,cbaa,reward00,3,,,,,,,,,0.291667,14.0,34.0,0.0,0.0,0.0,8.0,39.1597,33.4161,76.8466,0.0,14.2209,113.767,0.00260894,25,,0.56,39.1597
eval_probe,,prb_b_navcara_escasa_r08_n048_est_i2,cbba,reward00,1,,,,,,,,,0.333333,16.0,32.0,0.0,0.0,0.0,8.0,51.7712,3.62876,57.6716,46.0676,21.0301,168.241,0.00861382,34,,0.470588,51.7711
eval_probe,,prb_b_navcara_escasa_r08_n048_est_i2,cbba,reward00,2,,,,,,,,,0.416667,20.0,28.0,0.0,0.0,0.0,8.0,51.5033,2.86992,54.5925,47.176,18.0019,144.015,0.00776983,30,,0.666667,51.5033
eval_probe,,prb_b_navcara_escasa_r08_n048_est_i2,cbba,reward00,3,,,,,,,,,0.4375,21.0,27.0,0.0,0.0,0.0,8.0,53.2622,10.4645,70.2626,42.1767,19.0801,152.641,0.00779533,30,,0.7,53.2623
eval_probe,,prb_b_navcara_escasa_r08_n048_est_i2,dec-mcts-v4-g9999,reward00,1,,,,,,,,,0.291667,14.0,34.0,0.0,0.0,0.0,8.0,50.0913,4.39961,57.3961,43.978,19.1276,153.021,18.5078,21,,0.666667,50.0913
eval_probe,,prb_b_navcara_escasa_r08_n048_est_i2,dec-mcts-v4-g9999,reward00,2,,,,,,,,,0.270833,13.0,35.0,0.0,0.0,0.0,8.0,53.1368,6.38926,63.6635,44.1089,16.2715,130.172,20.7491,19,,0.684211,53.1368
eval_probe,,prb_b_navcara_escasa_r08_n048_est_i2,dec-mcts-v4-g9999,reward00,3,,,,,,,,,0.333333,16.0,32.0,0.0,0.0,0.0,8.0,56.6,9.0959,74.2842,48.1749,20.5326,164.261,20.4549,23,,0.695652,56.6
eval_probe,,prb_b_navcara_escasa_r08_n048_est_i2,greedy,reward00,1,,,,,,,,,0.208333,10.0,38.0,0.0,0.0,1.0,7.0,51.9728,8.33753,64.5149,38.9216,9.95872,79.6698,0.00136425,17,,0.588235,53.8372
eval_probe,,prb_b_navcara_escasa_r08_n048_est_i2,greedy,reward00,2,,,,,,,,,0.3125,15.0,33.0,0.0,0.0,2.0,6.0,51.412,7.52535,66.8439,42.3431,8.27164,66.1731,0.00140306,20,,0.75,54.2217
eval_probe,,prb_b_navcara_escasa_r08_n048_est_i2,greedy,reward00,3,,,,,,,,,0.229167,11.0,37.0,0.0,0.0,3.0,5.0,48.081,11.533,59.548,27.7536,8.28153,66.2523,0.00155226,21,,0.52381,55.7389
eval_probe,,prb_b_navcara_escasa_r08_n048_est_i2,random,reward00,1,,,,,,,,,0.25,12.0,36.0,0.0,0.0,4.0,4.0,43.9696,18.1181,72.0069,10.8281,12.0247,96.1977,0.00142917,21,,0.571429,57.4836
eval_probe,,prb_b_navcara_escasa_r08_n048_est_i2,random,reward00,2,,,,,,,,,0.125,6.0,42.0,0.0,0.0,3.0,5.0,46.7279,13.4985,62.8127,24.0,11.7828,94.2625,0.00128613,17,,0.352941,55.7523
eval_probe,,prb_b_navcara_escasa_r08_n048_est_i2,random,reward00,3,,,,,,,,,0.145833,7.0,41.0,0.0,0.0,6.0,2.0,37.8921,11.5656,59.2956,25.7385,11.9683,95.7465,0.00135192,18,,0.388889,54.636
eval_probe,,prb_b_navcara_escasa_r08_n048_est_i3,cbaa,reward00,1,,,,,,,,,0.520833,25.0,23.0,0.0,0.0,0.0,8.0,54.9746,5.94553,63.2743,47.995,20.9878,167.902,0.00237488,31,,0.806452,54.9746
eval_probe,,prb_b_navcara_escasa_r08_n048_est_i3,cbaa,reward00,2,,,,,,,,,0.645833,31.0,17.0,0.0,0.0,0.0,8.0,52.9648,4.03211,61.4264,47.8,30.0911,240.729,0.00384511,45,,0.688889,52.9648
eval_probe,,prb_b_navcara_escasa_r08_n048_est_i3,cbaa,reward00,3,,,,,,,,,0.395833,19.0,29.0,0.0,0.0,0.0,8.0,55.2788,4.49375,64.6744,49.769,25.6481,205.185,0.00335629,36,,0.527778,55.2788
eval_probe,,prb_b_navcara_escasa_r08_n048_est_i3,cbba,reward00,1,,,,,,,,,0.479167,23.0,25.0,0.0,0.0,0.0,8.0,49.809,6.03799,62.3848,45.1739,20.3308,162.647,0.0075948,36,,0.638889,49.809
eval_probe,,prb_b_navcara_escasa_r08_n048_est_i3,cbba,reward00,2,,,,,,,,,0.3125,15.0,33.0,0.0,0.0,0.0,8.0,50.5095,8.40484,65.9975,42.8956,23.2581,186.064,0.00575784,37,,0.405405,50.5095
eval_probe,,prb_b_navcara_escasa_r08_n048_est_i3,cbba,reward00,3,,,,,,,,,0.5,24.0,24.0,0.0,0.0,0.0,8.0,56.9132,8.85432,71.1298,47.2081,19.9431,159.545,0.00481524,35,,0.685714,56.9132
eval_probe,,prb_b_navcara_escasa_r08_n048_est_i3,dec-mcts-v4-g9999,reward00,1,,,,,,,,,0.270833,13.0,35.0,0.0,0.0,0.0,8.0,53.1774,4.59071,59.8055,47.1364,21.3646,170.917,19.6546,25,,0.52,53.1774
eval_probe,,prb_b_navcara_escasa_r08_n048_est_i3,dec-mcts-v4-g9999,reward00,2,,,,,,,,,0.270833,13.0,35.0,0.0,0.0,0.0,8.0,55.03,6.97091,62.1695,44.8048,18.17,145.36,17.8917,20,,0.65,55.03
eval_probe,,prb_b_navcara_escasa_r08_n048_est_i3,dec-mcts-v4-g9999,reward00,3,,,,,,,,,0.291667,14.0,34.0,0.0,0.0,0.0,8.0,50.8353,3.37783,57.3994,47.1364,17.5663,140.53,17.8023,18,,0.777778,50.8353
eval_probe,,prb_b_navcara_escasa_r08_n048_est_i3,greedy,reward00,1,,,,,,,,,0.291667,14.0,34.0,0.0,0.0,4.0,4.0,46.8652,19.2937,69.6992,22.0,9.55919,76.4736,0.00159658,23,,0.608696,63.6931
eval_probe,,prb_b_navcara_escasa_r08_n048_est_i3,greedy,reward00,2,,,,,,,,,0.25,12.0,36.0,0.0,0.0,5.0,3.0,42.8903,15.354,59.2324,16.0,8.14329,65.1464,0.000991702,23,,0.521739,58.2801
eval_probe,,prb_b_navcara_escasa_r08_n048_est_i3,greedy,reward00,3,,,,,,,,,0.291667,14.0,34.0,0.0,0.0,4.0,4.0,46.4913,9.76248,61.6202,33.4199,9.03532,72.2825,0.00223324,25,,0.56,54.9415
eval_probe,,prb_b_navcara_escasa_r08_n048_est_i3,random,reward00,1,,,,,,,,,0.229167,11.0,37.0,0.0,0.0,5.0,3.0,45.8226,13.2877,61.321,28.2191,11.1602,89.2815,0.00101618,18,,0.611111,59.6965
eval_probe,,prb_b_navcara_escasa_r08_n048_est_i3,random,reward00,2,,,,,,,,,0.229167,11.0,37.0,0.0,0.0,1.0,7.0,49.862,5.65035,54.867,38.0,15.9967,127.974,0.00153794,19,,0.578947,51.5566
eval_probe,,prb_b_navcara_escasa_r08_n048_est_i3,random,reward00,3,,,,,,,,,0.208333,10.0,38.0,0.0,0.0,6.0,2.0,41.7297,9.86179,54.2836,22.8912,11.1056,88.8447,0.00127366,17,,0.588235,53.6085
eval_probe,,prb_b_navcara_r04_n024_det_i1,cbaa,reward00,1,,,,,,,,,0.583333,14.0,10.0,0.0,0.0,0.0,4.0,51.4962,5.3632,57.864,44.8928,11.8194,47.2777,0.000792508,14,,1.0,51.4962
eval_probe,,prb_b_navcara_r04_n024_det_i1,cbaa,reward00,2,,,,,,,,,0.583333,14.0,10.0,0.0,0.0,0.0,4.0,51.4962,5.3632,57.864,44.8928,11.8194,47.2777,0.000567905,14,,1.0,51.4962
eval_probe,,prb_b_navcara_r04_n024_det_i1,cbaa,reward00,3,,,,,,,,,0.583333,14.0,10.0,0.0,0.0,0.0,4.0,51.4962,5.3632,57.864,44.8928,11.8194,47.2777,0.000657304,14,,1.0,51.4962
eval_probe,,prb_b_navcara_r04_n024_det_i1,cbba,reward00,1,,,,,,,,,0.625,15.0,9.0,0.0,0.0,0.0,4.0,56.3251,7.46498,64.5892,46.6331,16.8037,67.2149,0.00119027,15,,1.0,56.3252
eval_probe,,prb_b_navcara_r04_n024_det_i1,cbba,reward00,2,,,,,,,,,0.625,15.0,9.0,0.0,0.0,0.0,4.0,56.3251,7.46498,64.5892,46.6331,16.8037,67.2149,0.001054,15,,1.0,56.3252
eval_probe,,prb_b_navcara_r04_n024_det_i1,cbba,reward00,3,,,,,,,,,0.625,15.0,9.0,0.0,0.0,0.0,4.0,56.3251,7.46498,64.5892,46.6331,16.8037,67.2149,0.00110082,15,,1.0,56.3252
eval_probe,,prb_b_navcara_r04_n024_det_i1,dec-mcts-v4-g9999,reward00,1,,,,,,,,,0.625,15.0,9.0,0.0,0.0,0.0,4.0,57.4557,4.87242,63.6376,52.0034,16.8536,67.4144,3.0261,15,,1.0,57.4557
eval_probe,,prb_b_navcara_r04_n024_det_i1,dec-mcts-v4-g9999,reward00,2,,,,,,,,,0.625,15.0,9.0,0.0,0.0,0.0,4.0,58.007,2.61641,60.0128,54.1671,17.8041,71.2165,2.9199,15,,1.0,58.007
eval_probe,,prb_b_navcara_r04_n024_det_i1,dec-mcts-v4-g9999,reward00,3,,,,,,,,,0.583333,14.0,10.0,0.0,0.0,0.0,4.0,55.8218,2.23157,58.3181,53.764,18.0659,72.2635,3.09161,14,,1.0,55.8218
eval_probe,,prb_b_navcara_r04_n024_det_i1,greedy,reward00,1,,,,,,,,,0.458333,11.0,13.0,0.0,0.0,0.0,4.0,54.1109,5.39858,61.734,49.9997,12.2567,49.0267,0.000693167,11,,1.0,54.1109
eval_probe,,prb_b_navcara_r04_n024_det_i1,greedy,reward00,2,,,,,,,,,0.458333,11.0,13.0,0.0,0.0,0.0,4.0,54.1109,5.39858,61.734,49.9997,12.2567,49.0267,0.000693481,11,,1.0,54.1109
eval_probe,,prb_b_navcara_r04_n024_det_i1,greedy,reward00,3,,,,,,,,,0.458333,11.0,13.0,0.0,0.0,0.0,4.0,54.1109,5.39858,61.734,49.9997,12.2567,49.0267,0.000772051,11,,1.0,54.1109
eval_probe,,prb_b_navcara_r04_n024_det_i1,random,reward00,1,,,,,,,,,0.291667,7.0,17.0,0.0,0.0,0.0,4.0,54.0344,3.09586,57.3283,49.9997,15.9274,63.7094,0.000820813,7,,1.0,54.0344
eval_probe,,prb_b_navcara_r04_n024_det_i1,random,reward00,2,,,,,,,,,0.25,6.0,18.0,0.0,0.0,0.0,4.0,55.4059,4.5658,60.41,49.9997,15.216,60.8639,0.00064687,6,,1.0,55.4059
eval_probe,,prb_b_navcara_r04_n024_det_i1,random,reward00,3,,,,,,,,,0.291667,7.0,17.0,0.0,0.0,0.0,4.0,53.7615,1.18302,55.0,52.1697,13.1309,52.5235,0.000532184,7,,1.0,53.7615
eval_probe,,prb_b_navcara_r04_n024_det_i2,cbaa,reward00,1,,,,,,,,,0.541667,13.0,11.0,0.0,0.0,0.0,4.0,44.4982,16.9178,54.3694,19.1667,11.5406,46.1625,0.000522221,13,,1.0,44.4982
eval_probe,,prb_b_navcara_r04_n024_det_i2,cbaa,reward00,2,,,,,,,,,0.541667,13.0,11.0,0.0,0.0,0.0,4.0,44.4982,16.9178,54.3694,19.1667,11.5406,46.1625,0.000570674,13,,1.0,44.4982
eval_probe,,prb_b_navcara_r04_n024_det_i2,cbaa,reward00,3,,,,,,,,,0.541667,13.0,11.0,0.0,0.0,0.0,4.0,44.4982,16.9178,54.3694,19.1667,11.5406,46.1625,0.000552257,13,,1.0,44.4982
eval_probe,,prb_b_navcara_r04_n024_det_i2,cbba,reward00,1,,,,,,,,,0.625,15.0,9.0,0.0,0.0,0.0,4.0,51.4148,3.21693,54.3694,46.8333,13.4573,53.8291,0.00170083,15,,1.0,51.4149
eval_probe,,prb_b_navcara_r04_n024_det_i2,cbba,reward00,2,,,,,,,,,0.625,15.0,9.0,0.0,0.0,0.0,4.0,51.4148,3.21693,54.3694,46.8333,13.4573,53.8291,0.00189102,15,,1.0,51.4149
eval_probe,,prb_b_navcara_r04_n024_det_i2,cbba,reward00,3,,,,,,,,,0.625,15.0,9.0,0.0,0.0,0.0,4.0,51.4148,3.21693,54.3694,46.8333,13.4573,53.8291,0.00177513,15,,1.0,51.4149
eval_probe,,prb_b_navcara_r04_n024_det_i2,dec-mcts-v4-g9999,reward00,1,,,,,,,,,0.583333,14.0,10.0,0.0,0.0,0.0,4.0,54.222,4.13626,57.9257,49.1231,17.2962,69.1846,3.10461,14,,1.0,54.222
eval_probe,,prb_b_navcara_r04_n024_det_i2,dec-mcts-v4-g9999,reward00,2,,,,,,,,,0.625,15.0,9.0,0.0,0.0,0.0,4.0,55.9818,3.65789,59.6168,51.1265,16.7212,66.885,3.07433,15,,1.0,55.9818
eval_probe,,prb_b_navcara_r04_n024_det_i2,dec-mcts-v4-g9999,reward00,3,,,,,,,,,0.666667,16.0,8.0,0.0,0.0,0.0,4.0,55.9583,3.95623,61.2476,52.26,14.5986,58.3946,3.36021,16,,1.0,55.9583
eval_probe,,prb_b_navcara_r04_n024_det_i2,greedy,reward00,1,,,,,,,,,0.333333,8.0,16.0,0.0,0.0,0.0,4.0,53.8222,3.41169,58.9025,51.6065,7.90786,31.6314,0.000369202,8,,1.0,53.8222
eval_probe,,prb_b_navcara_r04_n024_det_i2,greedy,reward00,2,,,,,,,,,0.333333,8.0,16.0,0.0,0.0,0.0,4.0,53.8222,3.41169,58.9025,51.6065,7.90786,31.6314,0.000347418,8,,1.0,53.8222
eval_probe,,prb_b_navcara_r04_n024_det_i2,greedy,reward00,3,,,,,,,,,0.333333,8.0,16.0,0.0,0.0,0.0,4.0,53.8222,3.41169,58.9025,51.6065,7.90786,31.6314,0.000352843,8,,1.0,53.8222
eval_probe,,prb_b_navcara_r04_n024_det_i2,random,reward00,1,,,,,,,,,0.333333,8.0,16.0,0.0,0.0,0.0,4.0,53.3276,3.3603,58.2987,50.8956,13.9468,55.787,0.000488584,8,,1.0,53.3276
eval_probe,,prb_b_navcara_r04_n024_det_i2,random,reward00,2,,,,,,,,,0.208333,5.0,19.0,0.0,0.0,0.0,4.0,51.9888,2.39356,55.2634,49.5856,14.3895,57.5581,0.000303407,5,,1.0,51.9888
eval_probe,,prb_b_navcara_r04_n024_det_i2,random,reward00,3,,,,,,,,,0.25,6.0,18.0,0.0,0.0,0.0,4.0,52.9926,2.52626,56.5728,50.8956,12.6729,50.6916,0.000314372,6,,1.0,52.9926
eval_probe,,prb_b_navcara_r04_n024_det_i3,cbaa,reward00,1,,,,,,,,,0.5,12.0,12.0,0.0,0.0,0.0,4.0,44.5719,17.3777,59.4742,20.0,12.4379,49.7514,0.000905719,12,,1.0,44.5719
eval_probe,,prb_b_navcara_r04_n024_det_i3,cbaa,reward00,2,,,,,,,,,0.5,12.0,12.0,0.0,0.0,0.0,4.0,44.5719,17.3777,59.4742,20.0,12.4379,49.7514,0.00112683,12,,1.0,44.5719
eval_probe,,prb_b_navcara_r04_n024_det_i3,cbaa,reward00,3,,,,,,,,,0.5,12.0,12.0,0.0,0.0,0.0,4.0,44.5719,17.3777,59.4742,20.0,12.4379,49.7514,0.000965863,12,,1.0,44.5719
eval_probe,,prb_b_navcara_r04_n024_det_i3,cbba,reward00,1,,,,,,,,,0.583333,14.0,10.0,0.0,0.0,0.0,4.0,49.9744,8.04578,59.4742,41.61,12.8403,51.3614,0.00177453,14,,1.0,49.9744
eval_probe,,prb_b_navcara_r04_n024_det_i3,cbba,reward00,2,,,,,,,,,0.583333,14.0,10.0,0.0,0.0,0.0,4.0,49.9744,8.04578,59.4742,41.61,12.8403,51.3614,0.00240868,14,,1.0,49.9744
eval_probe,,prb_b_navcara_r04_n024_det_i3,cbba,reward00,3,,,,,,,,,0.583333,14.0,10.0,0.0,0.0,0.0,4.0,49.9744,8.04578,59.4742,41.61,12.8403,51.3614,0.00125081,14,,1.0,49.9744
eval_probe,,prb_b_navcara_r04_n024_det_i3,dec-mcts-v4-g9999,reward00,1,,,,,,,,,0.625,15.0,9.0,0.0,0.0,0.0,4.0,56.4642,5.46784,62.7704,50.5833,15.1225,60.49,3.46464,15,,1.0,56.4642
eval_probe,,prb_b_navcara_r04_n024_det_i3,dec-mcts-v4-g9999,reward00,2,,,,,,,,,0.625,15.0,9.0,0.0,0.0,0.0,4.0,57.4047,4.91145,62.933,51.6134,15.9348,63.739,3.14245,15,,1.0,57.4047
eval_probe,,prb_b_navcara_r04_n024_det_i3,dec-mcts-v4-g9999,reward00,3,,,,,,,,,0.666667,16.0,8.0,0.0,0.0,0.0,4.0,57.7855,4.07383,62.5796,53.4902,15.6514,62.6058,3.24689,16,,1.0,57.7855
eval_probe,,prb_b_navcara_r04_n024_det_i3,greedy,reward00,1,,,,,,,,,0.333333,8.0,16.0,0.0,0.0,0.0,4.0,51.0275,5.51738,58.9602,47.0,10.8783,43.5131,0.000639414,8,,1.0,51.0275
eval_probe,,prb_b_navcara_r04_n024_det_i3,greedy,reward00,2,,,,,,,,,0.333333,8.0,16.0,0.0,0.0,0.0,4.0,51.0275,5.51738,58.9602,47.0,10.8783,43.5131,0.000656622,8,,1.0,51.0275
eval_probe,,prb_b_navcara_r04_n024_det_i3,greedy,reward00,3,,,,,,,,,0.333333,8.0,16.0,0.0,0.0,0.0,4.0,51.0275,5.51738,58.9602,47.0,10.8783,43.5131,0.000685149,8,,1.0,51.0275
eval_probe,,prb_b_navcara_r04_n024_det_i3,random,reward00,1,,,,,,,,,0.375,9.0,15.0,0.0,0.0,0.0,4.0,54.0067,4.95918,61.2402,50.1697,11.6989,46.7954,0.000650474,9,,1.0,54.0067
eval_probe,,prb_b_navcara_r04_n024_det_i3,random,reward00,2,,,,,,,,,0.291667,7.0,17.0,0.0,0.0,0.0,4.0,51.6508,6.05652,58.0202,45.9765,17.6383,70.5532,0.000611813,7,,1.0,51.6508
eval_probe,,prb_b_navcara_r04_n024_det_i3,random,reward00,3,,,,,,,,,0.375,9.0,15.0,0.0,0.0,0.0,4.0,53.268,7.66191,63.9356,46.0497,15.5301,62.1203,0.000672506,9,,1.0,53.268
eval_probe,,prb_b_navcara_r04_n024_est_i1,cbaa,reward00,1,,,,,,,,,0.125,3.0,20.0,1.0,0.0,0.0,4.0,12.2923,24.5847,49.1694,0.0,3.85626,15.425,0.000292753,4,,0.75,12.2924
eval_probe,,prb_b_navcara_r04_n024_est_i1,cbaa,reward00,2,,,,,,,,,0.208333,5.0,15.0,4.0,0.0,0.0,4.0,11.3173,22.6346,45.2692,0.0,4.1662,16.6648,0.000351255,6,,0.833333,11.3173
eval_probe,,prb_b_navcara_r04_n024_est_i1,cbaa,reward00,3,,,,,,,,,0.166667,4.0,20.0,0.0,0.0,0.0,4.0,19.6442,39.2885,78.577,0.0,2.76951,11.078,0.000243927,4,,1.0,19.6442
eval_probe,,prb_b_navcara_r04_n024_est_i1,cbba,reward00,1,,,,,,,,,0.416667,10.0,14.0,0.0,0.0,0.0,4.0,55.8511,7.75283,66.7278,49.8844,13.332,53.3281,0.00136649,16,,0.625,55.8511
eval_probe,,prb_b_navcara_r04_n024_est_i1,cbba,reward00,2,,,,,,,,,0.416667,10.0,14.0,0.0,0.0,0.0,4.0,52.503,1.11317,53.39,50.9902,11.8986,47.5945,0.00116611,10,,1.0,52.503
eval_probe,,prb_b_navcara_r04_n024_est_i1,cbba,reward00,3,,,,,,,,,0.5,12.0,12.0,0.0,0.0,0.0,4.0,60.6808,9.32236,72.551,51.6868,14.1305,56.5218,0.0014358,18,,0.666667,60.6808
eval_probe,,prb_b_navcara_r04_n024_est_i1,dec-mcts-v4-g9999,reward00,1,,,,,,,,,0.291667,7.0,17.0,0.0,0.0,0.0,4.0,60.17,4.39986,65.2292,54.944,14.2153,56.8612,4.26178,12,,0.583333,60.1701
eval_probe,,prb_b_navcara_r04_n024_est_i1,dec-mcts-v4-g9999,reward00,2,,,,,,,,,0.5,12.0,12.0,0.0,0.0,0.0,4.0,54.7949,3.96227,58.3449,49.1311,18.7062,74.8247,3.70876,17,,0.705882,54.795
eval_probe,,prb_b_navcara_r04_n024_est_i1,dec-mcts-v4-g9999,reward00,3,,,,,,,,,0.541667,13.0,11.0,0.0,0.0,0.0,4.0,54.0361,5.69936,59.0484,46.6092,14.7523,59.009,3.99903,16,,0.8125,54.0361
eval_probe,,prb_b_navcara_r04_n024_est_i1,greedy,reward00,1,,,,,,,,,0.291667,7.0,17.0,0.0,0.0,0.0,4.0,59.3615,9.38686,69.7022,50.2031,12.4794,49.9178,0.000490587,10,,0.7,59.3615
eval_probe,,prb_b_navcara_r04_n024_est_i1,greedy,reward00,2,,,,,,,,,0.25,6.0,18.0,0.0,0.0,0.0,4.0,52.1437,2.19095,54.4936,50.2031,13.4249,53.6998,0.000330241,7,,0.857143,52.1437
eval_probe,,prb_b_navcara_r04_n024_est_i1,greedy,reward00,3,,,,,,,,,0.333333,8.0,16.0,0.0,0.0,0.0,4.0,56.622,10.1105,71.7372,50.8633,13.8056,55.2224,0.000460652,11,,0.727273,56.6221
eval_probe,,prb_b_navcara_r04_n024_est_i1,random,reward00,1,,,,,,,,,0.25,6.0,18.0,0.0,0.0,0.0,4.0,53.5026,9.00813,67.0074,48.5956,20.0987,80.3949,0.000697605,11,,0.545455,53.5026
eval_probe,,prb_b_navcara_r04_n024_est_i1,random,reward00,2,,,,,,,,,0.416667,10.0,14.0,0.0,0.0,0.0,4.0,57.2214,6.81679,66.5073,51.8469,14.5503,58.2012,0.000397671,10,,1.0,57.2214
eval_probe,,prb_b_navcara_r04_n024_est_i1,random,reward00,3,,,,,,,,,0.25,6.0,18.0,0.0,0.0,0.0,4.0,52.5598,2.65384,56.2092,50.3533,18.3535,73.4141,0.000438948,6,,1.0,52.5598
eval_probe,,prb_b_navcara_r04_n024_est_i2,cbaa,reward00,1,,,,,,,,,0.458333,11.0,13.0,0.0,0.0,0.0,4.0,48.5696,4.33717,52.3761,43.1697,13.5091,54.0366,0.00067814,16,,0.6875,48.5696
eval_probe,,prb_b_navcara_r04_n024_est_i2,cbaa,reward00,2,,,,,,,,,0.333333,8.0,16.0,0.0,0.0,0.0,4.0,47.2895,26.2044,67.0691,9.16666,13.7968,55.187,0.000521162,13,,0.615385,47.2895
eval_probe,,prb_b_navcara_r04_n024_est_i2,cbaa,reward00,3,,,,,,,,,0.375,9.0,15.0,0.0,0.0,0.0,4.0,49.2618,16.4684,64.3043,25.9118,12.2688,49.075,0.000497351,12,,0.75,49.2618
eval_probe,,prb_b_navcara_r04_n024_est_i2,cbba,reward00,1,,,,,,,,,0.5,12.0,12.0,0.0,0.0,0.0,4.0,49.6476,6.69576,57.1503,41.5891,18.5613,74.2451,0.00125518,19,,0.631579,49.6476
eval_probe,,prb_b_navcara_r04_n024_est_i2,cbba,reward00,2,,,,,,,,,0.625,15.0,9.0,0.0,0.0,0.0,4.0,60.1866,6.03937,65.0038,51.8435,20.7212,82.885,0.00126632,20,,0.75,60.1866
eval_probe,,prb_b_navcara_r04_n024_est_i2,cbba,reward00,3,,,,,,,,,0.458333,11.0,13.0,0.0,0.0,0.0,4.0,58.9959,11.0702,69.2448,47.1624,17.0111,68.0443,0.00104489,14,,0.785714,58.9959
eval_probe,,prb_b_navcara_r04_n024_est_i2,dec-mcts-v4-g9999,reward00,1,,,,,,,,,0.5,12.0,12.0,0.0,0.0,0.0,4.0,56.1324,4.75784,61.407,50.4096,13.9787,55.9147,3.13336,14,,0.857143,56.1324
eval_probe,,prb_b_navcara_r04_n024_est_i2,dec-mcts-v4-g9999,reward00,2,,,,,,,,,0.375,9.0,15.0,0.0,0.0,0.0,4.0,57.2393,4.05779,60.6497,52.1237,15.474,61.8959,3.30093,15,,0.6,57.2394
eval_probe,,prb_b_navcara_r04_n024_est_i2,dec-mcts-v4-g9999,reward00,3,,,,,,,,,0.541667,13.0,11.0,0.0,0.0,0.0,4.0,61.6978,7.99319,69.9281,50.8518,17.2549,69.0197,2.95113,17,,0.764706,61.6978
eval_probe,,prb_b_navcara_r04_n024_est_i2,greedy,reward00,1,,,,,,,,,0.333333,8.0,16.0,0.0,0.0,0.0,4.0,51.949,5.56984,57.6776,46.422,12.0978,48.3911,0.000454483,10,,0.8,51.949
eval_probe,,prb_b_navcara_r04_n024_est_i2,greedy,reward00,2,,,,,,,,,0.416667,10.0,14.0,0.0,0.0,0.0,4.0,48.088,4.86904,54.1401,43.1697,13.6475,54.5901,0.000473995,14,,0.714286,48.088
eval_probe,,prb_b_navcara_r04_n024_est_i2,greedy,reward00,3,,,,,,,,,0.25,6.0,18.0,0.0,0.0,1.0,3.0,55.92,15.6134,76.8253,43.1697,11.5085,46.0339,0.000437336,11,,0.545455,59.6183
eval_probe,,prb_b_navcara_r04_n024_est_i2,random,reward00,1,,,,,,,,,0.291667,7.0,17.0,0.0,0.0,0.0,4.0,60.7892,8.10716,72.4822,53.8034,15.6488,62.5952,0.000463824,8,,0.875,60.7892
eval_probe,,prb_b_navcara_r04_n024_est_i2,random,reward00,2,,,,,,,,,0.25,6.0,18.0,0.0,0.0,0.0,4.0,48.9635,2.29678,52.3938,47.5231,14.9992,59.9968,0.000469428,8,,0.75,48.9635
eval_probe,,prb_b_navcara_r04_n024_est_i2,random,reward00,3,,,,,,,,,0.166667,4.0,20.0,0.0,0.0,0.0,4.0,50.0393,3.03883,54.0297,46.7718,13.8347,55.3387,0.000319596,5,,0.8,50.0393
eval_probe,,prb_b_navcara_r04_n024_est_i3,cbaa,reward00,1,,,,,,,,,0.458333,11.0,13.0,0.0,0.0,0.0,4.0,26.0548,30.1644,54.7793,0.0,9.44948,37.7979,0.000863879,12,,0.916667,26.0548
eval_probe,,prb_b_navcara_r04_n024_est_i3,cbaa,reward00,2,,,,,,,,,0.25,6.0,18.0,0.0,0.0,0.0,4.0,31.5517,36.7073,68.5921,0.0,9.06603,36.2641,0.000535434,10,,0.6,31.5517
eval_probe,,prb_b_navcara_r04_n024_est_i3,cbaa,reward00,3,,,,,,,,,0.166667,4.0,20.0,0.0,0.0,0.0,4.0,25.1637,29.1943,53.7964,0.0,7.75065,31.0026,0.000461055,8,,0.5,25.1637
eval_probe,,prb_b_navcara_r04_n024_est_i3,cbba,reward00,1,,,,,,,,,0.583333,14.0,10.0,0.0,0.0,0.0,4.0,58.614,4.71778,62.6566,52.6592,21.1534,84.6135,0.00191306,19,,0.736842,58.614
eval_probe,,prb_b_navcara_r04_n024_est_i3,cbba,reward00,2,,,,,,,,,0.583333,14.0,10.0,0.0,0.0,0.0,4.0,59.7489,7.38407,69.9015,52.2719,15.339,61.356,0.00189336,15,,0.933333,59.7489
eval_probe,,prb_b_navcara_r04_n024_est_i3,cbba,reward00,3,,,,,,,,,0.541667,13.0,11.0,0.0,0.0,0.0,4.0,52.16,1.00689,53.2659,50.8228,15.3264,61.3058,0.00194025,15,,0.866667,52.16
eval_probe,,prb_b_navcara_r04_n024_est_i3,dec-mcts-v4-g9999,reward00,1,,,,,,,,,0.375,9.0,15.0,0.0,0.0,0.0,4.0,61.0039,11.3617,72.3993,51.1898,17.5998,70.3994,3.74741,16,,0.5625,61.004
eval_probe,,prb_b_navcara_r04_n024_est_i3,dec-mcts-v4-g9999,reward00,2,,,,,,,,,0.541667,13.0,11.0,0.0,0.0,0.0,4.0,54.5826,9.72182,63.5705,44.8956,19.6893,78.7571,3.89914,17,,0.764706,54.5825
eval_probe,,prb_b_navcara_r04_n024_est_i3,dec-mcts-v4-g9999,reward00,3,,,,,,,,,0.458333,11.0,13.0,0.0,0.0,0.0,4.0,56.4936,8.21524,68.3661,50.7422,12.7795,51.118,4.93338,11,,1.0,56.4936
eval_probe,,prb_b_navcara_r04_n024_est_i3,greedy,reward00,1,,,,,,,,,0.208333,5.0,19.0,0.0,0.0,0.0,4.0,57.4142,2.72223,61.3646,55.1364,9.58366,38.3347,0.000621687,6,,0.833333,57.4142
eval_probe,,prb_b_navcara_r04_n024_est_i3,greedy,reward00,2,,,,,,,,,0.208333,5.0,19.0,0.0,0.0,0.0,4.0,61.1696,7.80652,72.5753,55.3438,10.609,42.436,0.000712911,8,,0.625,61.1696
eval_probe,,prb_b_navcara_r04_n024_est_i3,greedy,reward00,3,,,,,,,,,0.25,6.0,18.0,0.0,0.0,1.0,3.0,61.7239,6.54685,67.2685,53.0871,12.6565,50.626,0.00112344,9,,0.666667,64.6028
eval_probe,,prb_b_navcara_r04_n024_est_i3,random,reward00,1,,,,,,,,,0.333333,8.0,16.0,0.0,0.0,0.0,4.0,54.9983,3.4932,59.235,50.7004,22.6457,90.5828,0.000542109,11,,0.727273,54.9983
eval_probe,,prb_b_navcara_r04_n024_est_i3,random,reward00,2,,,,,,,,,0.208333,5.0,19.0,0.0,0.0,0.0,4.0,55.5436,4.85444,62.2537,50.66,16.6382,66.5528,0.000418898,6,,0.833333,55.5435
eval_probe,,prb_b_navcara_r04_n024_est_i3,random,reward00,3,,,,,,,,,0.125,3.0,21.0,0.0,0.0,1.0,3.0,49.204,11.2955,61.7908,34.3296,21.0106,84.0424,0.000542482,11,,0.272727,54.1621
eval_probe,,prb_b_navcara_r08_n048_det_i1,cbaa,reward00,1,,,,,,,,,0.5625,27.0,21.0,0.0,0.0,0.0,8.0,44.2751,17.5096,62.0069,16.0,10.4517,83.6133,0.00240446,27,,1.0,44.2751
eval_probe,,prb_b_navcara_r08_n048_det_i1,cbaa,reward00,2,,,,,,,,,0.5625,27.0,21.0,0.0,0.0,0.0,8.0,44.2751,17.5096,62.0069,16.0,10.4517,83.6133,0.0023482,27,,1.0,44.2751
eval_probe,,prb_b_navcara_r08_n048_det_i1,cbaa,reward00,3,,,,,,,,,0.5625,27.0,21.0,0.0,0.0,0.0,8.0,44.2751,17.5096,62.0069,16.0,10.4517,83.6133,0.00253518,27,,1.0,44.2751
eval_probe,,prb_b_navcara_r08_n048_det_i1,cbba,reward00,1,,,,,,,,,0.708333,34.0,14.0,0.0,0.0,0.0,8.0,56.5835,6.40585,64.7687,46.113,14.01,112.08,0.0125474,34,,1.0,56.5835
eval_probe,,prb_b_navcara_r08_n048_det_i1,cbba,reward00,2,,,,,,,,,0.708333,34.0,14.0,0.0,0.0,0.0,8.0,56.5835,6.40585,64.7687,46.113,14.01,112.08,0.0102305,34,,1.0,56.5835
eval_probe,,prb_b_navcara_r08_n048_det_i1,cbba,reward00,3,,,,,,,,,0.708333,34.0,14.0,0.0,0.0,0.0,8.0,56.5835,6.40585,64.7687,46.113,14.01,112.08,0.0141632,34,,1.0,56.5835
eval_probe,,prb_b_navcara_r08_n048_det_i1,dec-mcts-v4-g9999,reward00,1,,,,,,,,,0.645833,31.0,17.0,0.0,0.0,0.0,8.0,58.2793,5.45145,66.0366,50.6065,17.1321,137.056,19.156,31,,1.0,58.2794
eval_probe,,prb_b_navcara_r08_n048_det_i1,dec-mcts-v4-g9999,reward00,2,,,,,,,,,0.645833,31.0,17.0,0.0,0.0,0.0,8.0,57.5677,6.63778,66.4754,48.1898,17.2491,137.993,19.2966,31,,1.0,57.5677
eval_probe,,prb_b_navcara_r08_n048_det_i1,dec-mcts-v4-g9999,reward00,3,,,,,,,,,0.666667,32.0,16.0,0.0,0.0,0.0,8.0,57.8792,4.96851,67.0069,52.3766,16.7701,134.16,19.0363,32,,1.0,57.8792
eval_probe,,prb_b_navcara_r08_n048_det_i1,greedy,reward00,1,,,,,,,,,0.375,18.0,30.0,0.0,0.0,0.0,8.0,52.1705,6.36432,61.4965,46.0,9.62611,77.0089,0.00140103,18,,1.0,52.1705
eval_probe,,prb_b_navcara_r08_n048_det_i1,greedy,reward00,2,,,,,,,,,0.375,18.0,30.0,0.0,0.0,0.0,8.0,52.1705,6.36432,61.4965,46.0,9.62611,77.0089,0.000844649,18,,1.0,52.1705
eval_probe,,prb_b_navcara_r08_n048_det_i1,greedy,reward00,3,,,,,,,,,0.375,18.0,30.0,0.0,0.0,0.0,8.0,52.1705,6.36432,61.4965,46.0,9.62611,77.0089,0.00163522,18,,1.0,52.1705
eval_probe,,prb_b_navcara_r08_n048_det_i1,random,reward00,1,,,,,,,,,0.333333,16.0,32.0,0.0,0.0,0.0,8.0,52.3767,7.43276,64.2527,42.8956,21.1807,169.446,0.00149276,18,,0.888889,52.3767
eval_probe,,prb_b_navcara_r08_n048_det_i1,random,reward00,2,,,,,,,,,0.270833,13.0,35.0,0.0,0.0,0.0,8.0,50.2593,3.87847,56.0059,45.6065,11.7889,94.3112,0.00120464,14,,0.928571,50.2593
eval_probe,,prb_b_navcara_r08_n048_det_i1,random,reward00,3,,,,,,,,,0.291667,14.0,34.0,0.0,0.0,0.0,8.0,50.2357,5.762,59.9972,45.6065,15.0362,120.289,0.00121928,15,,0.933333,50.2357
eval_probe,,prb_b_navcara_r08_n048_det_i2,cbaa,reward00,1,,,,,,,,,0.5,24.0,24.0,0.0,0.0,0.0,8.0,38.7824,32.2268,64.8555,0.0,8.42276,67.3821,0.00217867,24,,1.0,38.7824
eval_probe,,prb_b_navcara_r08_n048_det_i2,cbaa,reward00,2,,,,,,,,,0.5,24.0,24.0,0.0,0.0,0.0,8.0,38.7824,32.2268,64.8555,0.0,8.42276,67.3821,0.00141935,24,,1.0,38.7824
eval_probe,,prb_b_navcara_r08_n048_det_i2,cbaa,reward00,3,,,,,,,,,0.5,24.0,24.0,0.0,0.0,0.0,8.0,38.7824,32.2268,64.8555,0.0,8.42276,67.3821,0.00139943,24,,1.0,38.7824
eval_probe,,prb_b_navcara_r08_n048_det_i2,cbba,reward00,1,,,,,,,,,0.6875,33.0,15.0,0.0,0.0,0.0,8.0,54.8443,5.90685,63.649,45.1034,11.2609,90.0875,0.0145699,33,,1.0,54.8443
eval_probe,,prb_b_navcara_r08_n048_det_i2,cbba,reward00,2,,,,,,,,,0.6875,33.0,15.0,0.0,0.0,0.0,8.0,54.8443,5.90685,63.649,45.1034,11.2609,90.0875,0.0146781,33,,1.0,54.8443
eval_probe,,prb_b_navcara_r08_n048_det_i2,cbba,reward00,3,,,,,,,,,0.6875,33.0,15.0,0.0,0.0,0.0,8.0,54.8443,5.90685,63.649,45.1034,11.2609,90.0875,0.0104889,33,,1.0,54.8443
eval_probe,,prb_b_navcara_r08_n048_det_i2,dec-mcts-v4-g9999,reward00,1,,,,,,,,,0.708333,34.0,14.0,0.0,0.0,0.0,8.0,59.4959,4.59608,64.8488,52.919,15.8658,126.927,18.2678,34,,1.0,59.4959
eval_probe,,prb_b_navcara_r08_n048_det_i2,dec-mcts-v4-g9999,reward00,2,,,,,,,,,0.666667,32.0,16.0,0.0,0.0,0.0,8.0,57.7493,4.46907,66.9072,53.0,15.3224,122.579,17.9536,32,,1.0,57.7493
eval_probe,,prb_b_navcara_r08_n048_det_i2,dec-mcts-v4-g9999,reward00,3,,,,,,,,,0.6875,33.0,15.0,0.0,0.0,0.0,8.0,57.7098,4.84831,65.3242,52.1697,13.3356,106.685,18.5751,33,,1.0,57.7097
eval_probe,,prb_b_navcara_r08_n048_det_i2,greedy,reward00,1,,,,,,,,,0.333333,16.0,32.0,0.0,0.0,0.0,8.0,56.2189,3.61597,60.1969,52.1697,10.3726,82.9811,0.00129036,16,,1.0,56.2189
eval_probe,,prb_b_navcara_r08_n048_det_i2,greedy,reward00,2,,,,,,,,,0.333333,16.0,32.0,0.0,0.0,0.0,8.0,56.2189,3.61597,60.1969,52.1697,10.3726,82.9811,0.000879737,16,,1.0,56.2189
eval_probe,,prb_b_navcara_r08_n048_det_i2,greedy,reward00,3,,,,,,,,,0.333333,16.0,32.0,0.0,0.0,0.0,8.0,56.2189,3.61597,60.1969,52.1697,10.3726,82.9811,0.00124643,16,,1.0,56.2189
eval_probe,,prb_b_navcara_r08_n048_det_i2,random,reward00,1,,,,,,,,,0.354167,17.0,31.0,0.0,0.0,0.0,8.0,52.9867,3.56715,58.6567,48.2197,19.1831,153.464,0.00133367,19,,0.894737,52.9867
eval_probe,,prb_b_navcara_r08_n048_det_i2,random,reward00,2,,,,,,,,,0.395833,19.0,29.0,0.0,0.0,0.0,8.0,55.2006,5.93913,63.4669,46.1218,19.7092,157.674,0.000981348,21,,0.904762,55.2006
eval_probe,,prb_b_navcara_r08_n048_det_i2,random,reward00,3,,,,,,,,,0.3125,15.0,33.0,0.0,0.0,0.0,8.0,56.1396,4.1505,62.78,52.1697,13.2587,106.07,0.000794558,15,,1.0,56.1396
eval_probe,,prb_b_navcara_r08_n048_det_i3,cbaa,reward00,1,,,,,,,,,0.375,18.0,30.0,0.0,0.0,0.0,8.0,28.5274,30.7221,62.0131,0.0,5.97096,47.7677,0.00225627,18,,1.0,28.5274
eval_probe,,prb_b_navcara_r08_n048_det_i3,cbaa,reward00,2,,,,,,,,,0.375,18.0,30.0,0.0,0.0,0.0,8.0,28.5274,30.7221,62.0131,0.0,5.97096,47.7677,0.00235724,18,,1.0,28.5274
eval_probe,,prb_b_navcara_r08_n048_det_i3,cbaa,reward00,3,,,,,,,,,0.375,18.0,30.0,0.0,0.0,0.0,8.0,28.5274,30.7221,62.0131,0.0,5.97096,47.7677,0.00218228,18,,1.0,28.5274
eval_probe,,prb_b_navcara_r08_n048_det_i3,cbba,reward00,1,,,,,,,,,0.645833,31.0,17.0,0.0,0.0,0.0,8.0,54.1285,4.22956,59.8956,47.4809,12.6899,101.52,0.0132661,31,,1.0,54.1285
eval_probe,,prb_b_navcara_r08_n048_det_i3,cbba,reward00,2,,,,,,,,,0.645833,31.0,17.0,0.0,0.0,0.0,8.0,54.1285,4.22956,59.8956,47.4809,12.6899,101.52,0.0108586,31,,1.0,54.1285
eval_probe,,prb_b_navcara_r08_n048_det_i3,cbba,reward00,3,,,,,,,,,0.645833,31.0,17.0,0.0,0.0,0.0,8.0,54.1285,4.22956,59.8956,47.4809,12.6899,101.52,0.0129055,31,,1.0,54.1285
eval_probe,,prb_b_navcara_r08_n048_det_i3,dec-mcts-v4-g9999,reward00,1,,,,,,,,,0.645833,31.0,17.0,0.0,0.0,0.0,8.0,57.2825,2.4249,62.3945,54.8571,15.0492,120.394,19.1292,31,,1.0,57.2825
eval_probe,,prb_b_navcara_r08_n048_det_i3,dec-mcts-v4-g9999,reward00,2,,,,,,,,,0.645833,31.0,17.0,0.0,0.0,0.0,8.0,58.3871,4.03081,64.6296,52.6587,16.4555,131.644,18.7239,31,,1.0,58.3871
eval_probe,,prb_b_navcara_r08_n048_det_i3,dec-mcts-v4-g9999,reward00,3,,,,,,,,,0.645833,31.0,17.0,0.0,0.0,0.0,8.0,58.2416,3.71775,65.0792,54.5294,16.1774,129.419,18.8127,31,,1.0,58.2416
eval_probe,,prb_b_navcara_r08_n048_det_i3,greedy,reward00,1,,,,,,,,,0.3125,15.0,33.0,0.0,0.0,0.0,8.0,53.8481,5.07657,59.8956,48.0,8.71666,69.7333,0.000881099,15,,1.0,53.8481
eval_probe,,prb_b_navcara_r08_n048_det_i3,greedy,reward00,2,,,,,,,,,0.3125,15.0,33.0,0.0,0.0,0.0,8.0,53.8481,5.07657,59.8956,48.0,8.71666,69.7333,0.000961603,15,,1.0,53.8481
eval_probe,,prb_b_navcara_r08_n048_det_i3,greedy,reward00,3,,,,,,,,,0.3125,15.0,33.0,0.0,0.0,0.0,8.0,53.8481,5.07657,59.8956,48.0,8.71666,69.7333,0.00111501,15,,1.0,53.8481
eval_probe,,prb_b_navcara_r08_n048_det_i3,random,reward00,1,,,,,,,,,0.3125,15.0,33.0,0.0,0.0,0.0,8.0,51.4222,2.28912,55.0723,48.44,21.0366,168.293,0.00118318,18,,0.833333,51.4222
eval_probe,,prb_b_navcara_r08_n048_det_i3,random,reward00,2,,,,,,,,,0.25,12.0,36.0,0.0,0.0,0.0,8.0,51.9679,4.95002,62.3766,47.15,14.0867,112.694,0.000809302,12,,1.0,51.9679
eval_probe,,prb_b_navcara_r08_n048_det_i3,random,reward00,3,,,,,,,,,0.291667,14.0,34.0,0.0,0.0,0.0,8.0,53.3068,4.9237,63.4343,48.0,12.5144,100.115,0.00132004,14,,1.0,53.3068
eval_probe,,prb_b_navcara_r08_n048_est_i1,cbaa,reward00,1,,,,,,,,,0.395833,19.0,29.0,0.0,0.0,0.0,8.0,27.9317,29.96,59.5083,0.0,8.78467,70.2774,0.00142578,22,,0.863636,27.9317
eval_probe,,prb_b_navcara_r08_n048_est_i1,cbaa,reward00,2,,,,,,,,,0.375,18.0,30.0,0.0,0.0,0.0,8.0,28.3101,30.3714,60.1823,0.0,7.12253,56.9802,0.00151607,19,,0.947368,28.3101
eval_probe,,prb_b_navcara_r08_n048_est_i1,cbaa,reward00,3,,,,,,,,,0.3125,15.0,33.0,0.0,0.0,0.0,8.0,27.9177,30.0497,61.6202,0.0,8.691,69.528,0.00208897,19,,0.789474,27.9177
eval_probe,,prb_b_navcara_r08_n048_est_i1,cbba,reward00,1,,,,,,,,,0.520833,25.0,23.0,0.0,0.0,0.0,8.0,54.4603,4.29636,59.8985,48.5969,13.2746,106.197,0.0157538,34,,0.735294,54.4603
eval_probe,,prb_b_navcara_r08_n048_est_i1,cbba,reward00,2,,,,,,,,,0.416667,20.0,28.0,0.0,0.0,0.0,8.0,51.5534,3.35595,58.6683,48.8498,13.4497,107.598,0.0134967,28,,0.714286,51.5534
eval_probe,,prb_b_navcara_r08_n048_est_i1,cbba,reward00,3,,,,,,,,,0.583333,28.0,20.0,0.0,0.0,0.0,8.0,61.4494,5.87128,71.4065,52.1824,11.7195,93.7558,0.014334,32,,0.875,61.4494
eval_probe,,prb_b_navcara_r08_n048_est_i1,dec-mcts-v4-g9999,reward00,1,,,,,,,,,0.520833,25.0,23.0,0.0,0.0,0.0,8.0,56.0634,8.66028,71.6539,43.5868,17.4064,139.251,16.6745,35,,0.714286,56.0634
eval_probe,,prb_b_navcara_r08_n048_est_i1,dec-mcts-v4-g9999,reward00,2,,,,,,,,,0.5,24.0,24.0,0.0,0.0,0.0,8.0,58.7008,9.20641,74.1888,44.7855,13.9161,111.329,16.0543,29,,0.827586,58.7008
eval_probe,,prb_b_navcara_r08_n048_est_i1,dec-mcts-v4-g9999,reward00,3,,,,,,,,,0.416667,20.0,28.0,0.0,0.0,0.0,8.0,57.1494,10.2603,78.09,47.0079,17.0632,136.505,15.5042,32,,0.625,57.1493
eval_probe,,prb_b_navcara_r08_n048_est_i1,greedy,reward00,1,,,,,,,,,0.333333,16.0,32.0,0.0,0.0,0.0,8.0,58.4737,7.69566,69.4658,48.6282,10.2314,81.8509,0.00102583,19,,0.842105,58.4737
eval_probe,,prb_b_navcara_r08_n048_est_i1,greedy,reward00,2,,,,,,,,,0.291667,14.0,34.0,0.0,0.0,0.0,8.0,58.992,6.70773,70.8891,51.4471,10.6599,85.2793,0.00107603,18,,0.777778,58.992
eval_probe,,prb_b_navcara_r08_n048_est_i1,greedy,reward00,3,,,,,,,,,0.270833,13.0,35.0,0.0,0.0,0.0,8.0,60.2086,7.43278,71.5548,51.5994,11.441,91.5284,0.00122971,24,,0.541667,60.2085
eval_probe,,prb_b_navcara_r08_n048_est_i1,random,reward00,1,,,,,,,,,0.1875,9.0,39.0,0.0,0.0,1.0,7.0,52.8384,10.2527,67.8806,37.2511,21.9377,175.502,0.000905806,18,,0.5,55.0652
eval_probe,,prb_b_navcara_r08_n048_est_i1,random,reward00,2,,,,,,,,,0.3125,15.0,33.0,0.0,0.0,2.0,6.0,52.5257,9.67178,62.5841,35.0,17.7539,142.031,0.000894231,21,,0.714286,57.2243
eval_probe,,prb_b_navcara_r08_n048_est_i1,random,reward00,3,,,,,,,,,0.270833,13.0,35.0,0.0,0.0,3.0,5.0,55.0387,18.6442,82.2886,26.3277,15.336,122.688,0.000929293,19,,0.684211,66.5574
eval_probe,,prb_b_navcara_r08_n048_est_i2,cbaa,reward00,1,,,,,,,,,0.4375,21.0,27.0,0.0,0.0,0.0,8.0,35.9284,29.9629,61.2998,0.0,10.7223,85.7786,0.00156028,30,,0.7,35.9284
eval_probe,,prb_b_navcara_r08_n048_est_i2,cbaa,reward00,2,,,,,,,,,0.375,18.0,30.0,0.0,0.0,0.0,8.0,35.194,29.2308,58.9401,0.0,11.2115,89.6918,0.00151319,24,,0.75,35.194
eval_probe,,prb_b_navcara_r08_n048_est_i2,cbaa,reward00,3,,,,,,,,,0.4375,21.0,27.0,0.0,0.0,0.0,8.0,36.2837,31.3621,73.3159,0.0,8.42803,67.4242,0.00149948,25,,0.84,36.2837
eval_probe,,prb_b_navcara_r08_n048_est_i2,cbba,reward00,1,,,,,,,,,0.4375,21.0,27.0,0.0,0.0,0.0,8.0,57.5174,5.91231,65.6834,50.7976,12.2345,97.8757,0.00820912,27,,0.777778,57.5174
eval_probe,,prb_b_navcara_r08_n048_est_i2,cbba,reward00,2,,,,,,,,,0.5625,27.0,21.0,0.0,0.0,0.0,8.0,59.6015,8.58836,73.9432,51.0887,16.988,135.904,0.0102496,40,,0.675,59.6015
eval_probe,,prb_b_navcara_r08_n048_est_i2,cbba,reward00,3,,,,,,,,,0.520833,25.0,23.0,0.0,0.0,0.0,8.0,51.1076,6.48749,61.9237,46.2152,17.66,141.28,0.013556,40,,0.625,51.1076
eval_probe,,prb_b_navcara_r08_n048_est_i2,dec-mcts-v4-g9999,reward00,1,,,,,,,,,0.479167,23.0,25.0,0.0,0.0,0.0,8.0,54.4329,5.61852,64.2581,47.1945,12.9387,103.51,20.2477,27,,0.851852,54.4329
eval_probe,,prb_b_navcara_r08_n048_est_i2,dec-mcts-v4-g9999,reward00,2,,,,,,,,,0.5,24.0,24.0,0.0,0.0,0.0,8.0,56.9226,7.79038,67.2015,46.4683,18.6515,149.212,19.406,31,,0.774194,56.9226
eval_probe,,prb_b_navcara_r08_n048_est_i2,dec-mcts-v4-g9999,reward00,3,,,,,,,,,0.5625,27.0,21.0,0.0,0.0,0.0,8.0,56.6546,9.10546,71.9515,43.6065,15.7592,126.074,15.5677,31,,0.870968,56.6546
eval_probe,,prb_b_navcara_r08_n048_est_i2,greedy,reward00,1,,,,,,,,,0.291667,14.0,34.0,0.0,0.0,0.0,8.0,48.7151,3.11194,52.7626,44.5373,10.4344,83.4755,0.000875981,21,,0.666667,48.7151
eval_probe,,prb_b_navcara_r08_n048_est_i2,greedy,reward00,2,,,,,,,,,0.354167,17.0,31.0,0.0,0.0,0.0,8.0,55.9199,8.49753,74.8201,48.8797,9.90138,79.211,0.000846835,22,,0.772727,55.9199
eval_probe,,prb_b_navcara_r08_n048_est_i2,greedy,reward00,3,,,,,,,,,0.375,18.0,30.0,0.0,0.0,0.0,8.0,59.2824,8.54794,71.6648,50.2665,9.82239,78.5791,0.00088268,21,,0.857143,59.2824
eval_probe,,prb_b_navcara_r08_n048_est_i2,random,reward00,1,,,,,,,,,0.291667,14.0,34.0,0.0,0.0,1.0,7.0,57.5583,10.3909,71.7099,40.5624,14.9161,119.328,0.000803384,19,,0.736842,59.9863
eval_probe,,prb_b_navcara_r08_n048_est_i2,random,reward00,2,,,,,,,,,0.3125,15.0,33.0,0.0,0.0,1.0,7.0,57.0908,9.99218,68.8429,35.4525,19.3071,154.457,0.000795968,22,,0.681818,60.182
eval_probe,,prb_b_navcara_r08_n048_est_i2,random,reward00,3,,,,,,,,,0.291667,14.0,34.0,0.0,0.0,2.0,6.0,52.9506,11.0096,67.6291,34.0175,16.535,132.28,0.000802998,20,,0.7,57.8684
eval_probe,,prb_b_navcara_r08_n048_est_i3,cbaa,reward00,1,,,,,,,,,0.520833,25.0,23.0,0.0,0.0,0.0,8.0,49.9042,19.2256,66.1713,6.0,13.8026,110.421,0.00279464,33,,0.757576,49.9042
eval_probe,,prb_b_navcara_r08_n048_est_i3,cbaa,reward00,2,,,,,,,,,0.458333,22.0,26.0,0.0,0.0,0.0,8.0,54.5821,6.49314,67.1818,45.3147,16.7265,133.812,0.00245773,30,,0.733333,54.5821
eval_probe,,prb_b_navcara_r08_n048_est_i3,cbaa,reward00,3,,,,,,,,,0.395833,19.0,29.0,0.0,0.0,0.0,8.0,46.1857,21.2409,69.3512,6.34661,13.7362,109.89,0.00184107,24,,0.791667,46.1857
eval_probe,,prb_b_navcara_r08_n048_est_i3,cbba,reward00,1,,,,,,,,,0.520833,25.0,23.0,0.0,0.0,0.0,8.0,50.8876,6.50139,58.7482,37.1988,17.1203,136.962,0.0102833,38,,0.657895,50.8876
eval_probe,,prb_b_navcara_r08_n048_est_i3,cbba,reward00,2,,,,,,,,,0.604167,29.0,19.0,0.0,0.0,0.0,8.0,60.0452,7.54661,72.4788,50.4343,16.5086,132.069,0.010001,37,,0.783784,60.0452
eval_probe,,prb_b_navcara_r08_n048_est_i3,cbba,reward00,3,,,,,,,,,0.583333,28.0,20.0,0.0,0.0,0.0,8.0,56.9954,7.26042,66.3062,46.8833,18.151,145.208,0.0116384,39,,0.717949,56.9954
eval_probe,,prb_b_navcara_r08_n048_est_i3,dec-mcts-v4-g9999,reward00,1,,,,,,,,,0.5,24.0,24.0,0.0,0.0,0.0,8.0,56.6245,5.38751,67.8885,50.7912,17.812,142.496,21.6339,29,,0.827586,56.6245
eval_probe,,prb_b_navcara_r08_n048_est_i3,dec-mcts-v4-g9999,reward00,2,,,,,,,,,0.333333,16.0,32.0,0.0,0.0,0.0,8.0,51.9644,6.86752,62.8929,43.6413,21.8683,174.947,20.8736,30,,0.533333,51.9644
eval_probe,,prb_b_navcara_r08_n048_est_i3,dec-mcts-v4-g9999,reward00,3,,,,,,,,,0.395833,19.0,29.0,0.0,0.0,0.0,8.0,57.6626,8.6288,71.5693,45.7383,16.8068,134.454,20.6008,32,,0.59375,57.6626
eval_probe,,prb_b_navcara_r08_n048_est_i3,greedy,reward00,1,,,,,,,,,0.375,18.0,30.0,0.0,0.0,0.0,8.0,53.4331,5.08215,63.3639,48.2822,10.4103,83.2822,0.0013952,22,,0.818182,53.4331
eval_probe,,prb_b_navcara_r08_n048_est_i3,greedy,reward00,2,,,,,,,,,0.333333,16.0,32.0,0.0,0.0,0.0,8.0,55.6827,5.95892,63.9591,48.5069,12.9068,103.255,0.00134668,26,,0.615385,55.6827
eval_probe,,prb_b_navcara_r08_n048_est_i3,greedy,reward00,3,,,,,,,,,0.375,18.0,30.0,0.0,0.0,0.0,8.0,54.2174,8.20209,67.2638,44.4457,10.9392,87.5138,0.00176313,24,,0.75,54.2174
eval_probe,,prb_b_navcara_r08_n048_est_i3,random,reward00,1,,,,,,,,,0.291667,14.0,34.0,0.0,0.0,2.0,6.0,54.7945,6.23447,65.1716,44.2628,15.3134,122.507,0.000919418,20,,0.7,56.3009
eval_probe,,prb_b_navcara_r08_n048_est_i3,random,reward00,2,,,,,,,,,0.229167,11.0,37.0,0.0,0.0,2.0,6.0,49.4946,9.69482,63.6474,35.8037,18.4701,147.761,0.00169975,23,,0.478261,53.2856
eval_probe,,prb_b_navcara_r08_n048_est_i3,random,reward00,3,,,,,,,,,0.25,12.0,36.0,0.0,0.0,2.0,6.0,49.7416,4.10161,53.5948,40.6679,17.1692,137.354,0.00147582,18,,0.666667,51.4712
eval_probe,,prb_c_q2_r04_n012_det_i1,cbaa,reward00,1,,,,,,,,,0.333333,4.0,3.0,5.0,0.0,0.0,4.0,32.6488,16.6307,47.0514,18.2462,10.4405,41.7619,0.000295101,4,,1.0,32.6488
eval_probe,,prb_c_q2_r04_n012_det_i1,cbaa,reward00,2,,,,,,,,,0.333333,4.0,3.0,5.0,0.0,0.0,4.0,32.6488,16.6307,47.0514,18.2462,10.4405,41.7619,0.00044318,4,,1.0,32.6488
eval_probe,,prb_c_q2_r04_n012_det_i1,cbaa,reward00,3,,,,,,,,,0.333333,4.0,3.0,5.0,0.0,0.0,4.0,32.6488,16.6307,47.0514,18.2462,10.4405,41.7619,0.000406809,4,,1.0,32.6488
eval_probe,,prb_c_q2_r04_n012_det_i1,cbba,reward00,1,,,,,,,,,0.416667,5.0,2.0,5.0,0.0,0.0,4.0,47.4805,0.495466,47.9096,47.0514,13.7689,55.0758,0.000760241,5,,1.0,47.4805
eval_probe,,prb_c_q2_r04_n012_det_i1,cbba,reward00,2,,,,,,,,,0.416667,5.0,2.0,5.0,0.0,0.0,4.0,47.4805,0.495466,47.9096,47.0514,13.7689,55.0758,0.000772606,5,,1.0,47.4805
eval_probe,,prb_c_q2_r04_n012_det_i1,cbba,reward00,3,,,,,,,,,0.416667,5.0,2.0,5.0,0.0,0.0,4.0,47.4805,0.495466,47.9096,47.0514,13.7689,55.0758,0.00081912,5,,1.0,47.4805
eval_probe,,prb_c_q2_r04_n012_det_i1,dec-mcts-v4-g9999,reward00,1,,,,,,,,,0.5,6.0,6.0,0.0,0.0,0.0,4.0,61.7658,2.95886,64.3283,59.2034,20.6074,82.4296,1.54884,6,,1.0,61.7659
eval_probe,,prb_c_q2_r04_n012_det_i1,dec-mcts-v4-g9999,reward00,2,,,,,,,,,0.5,6.0,6.0,0.0,0.0,0.0,4.0,61.7658,2.95886,64.3283,59.2034,20.6074,82.4296,1.63993,6,,1.0,61.7659
eval_probe,,prb_c_q2_r04_n012_det_i1,dec-mcts-v4-g9999,reward00,3,,,,,,,,,0.5,6.0,6.0,0.0,0.0,0.0,4.0,61.7658,2.95886,64.3283,59.2034,20.6074,82.4296,1.5574,6,,1.0,61.7659
eval_probe,,prb_c_q2_r04_n012_det_i1,greedy,reward00,1,,,,,,,,,0.416667,5.0,7.0,0.0,0.0,0.0,4.0,59.5087,2.3964,61.584,57.4334,17.6074,70.4297,0.000341999,5,,1.0,59.5087
eval_probe,,prb_c_q2_r04_n012_det_i1,greedy,reward00,2,,,,,,,,,0.416667,5.0,7.0,0.0,0.0,0.0,4.0,59.5087,2.3964,61.584,57.4334,17.6074,70.4297,0.000347353,5,,1.0,59.5087
eval_probe,,prb_c_q2_r04_n012_det_i1,greedy,reward00,3,,,,,,,,,0.416667,5.0,7.0,0.0,0.0,0.0,4.0,59.5087,2.3964,61.584,57.4334,17.6074,70.4297,0.000537208,5,,1.0,59.5087
eval_probe,,prb_c_q2_r04_n012_det_i1,random,reward00,1,,,,,,,,,0.25,3.0,9.0,0.0,0.0,0.0,4.0,56.0686,6.36871,61.584,50.5531,16.478,65.9122,0.000243364,3,,1.0,56.0686
eval_probe,,prb_c_q2_r04_n012_det_i1,random,reward00,2,,,,,,,,,0.0833333,1.0,11.0,0.0,0.0,0.0,4.0,52.7766,2.56742,55.0,50.5531,13.866,55.4638,0.000187543,1,,1.0,52.7766
eval_probe,,prb_c_q2_r04_n012_det_i1,random,reward00,3,,,,,,,,,0.166667,2.0,10.0,0.0,0.0,0.0,4.0,56.4583,2.0418,58.2265,54.69,18.9861,75.9446,0.000245923,2,,1.0,56.4582
eval_probe,,prb_c_q2_r04_n012_det_i2,cbaa,reward00,1,,,,,,,,,0.583333,7.0,5.0,0.0,0.0,0.0,4.0,54.4991,4.64757,58.524,50.4742,16.4277,65.7108,0.000461992,7,,1.0,54.4991
eval_probe,,prb_c_q2_r04_n012_det_i2,cbaa,reward00,2,,,,,,,,,0.583333,7.0,5.0,0.0,0.0,0.0,4.0,54.4991,4.64757,58.524,50.4742,16.4277,65.7108,0.00049398,7,,1.0,54.4991
eval_probe,,prb_c_q2_r04_n012_det_i2,cbaa,reward00,3,,,,,,,,,0.583333,7.0,5.0,0.0,0.0,0.0,4.0,54.4991,4.64757,58.524,50.4742,16.4277,65.7108,0.000631998,7,,1.0,54.4991
eval_probe,,prb_c_q2_r04_n012_det_i2,cbba,reward00,1,,,,,,,,,0.583333,7.0,5.0,0.0,0.0,0.0,4.0,54.4991,4.64757,58.524,50.4742,16.4277,65.7108,0.000902066,7,,1.0,54.4991
eval_probe,,prb_c_q2_r04_n012_det_i2,cbba,reward00,2,,,,,,,,,0.583333,7.0,5.0,0.0,0.0,0.0,4.0,54.4991,4.64757,58.524,50.4742,16.4277,65.7108,0.000907935,7,,1.0,54.4991
eval_probe,,prb_c_q2_r04_n012_det_i2,cbba,reward00,3,,,,,,,,,0.583333,7.0,5.0,0.0,0.0,0.0,4.0,54.4991,4.64757,58.524,50.4742,16.4277,65.7108,0.000800078,7,,1.0,54.4991
eval_probe,,prb_c_q2_r04_n012_det_i2,dec-mcts-v4-g9999,reward00,1,,,,,,,,,0.5,6.0,6.0,0.0,0.0,0.0,4.0,55.5367,3.50889,58.5755,52.4979,19.7686,79.0742,1.66188,6,,1.0,55.5367
eval_probe,,prb_c_q2_r04_n012_det_i2,dec-mcts-v4-g9999,reward00,2,,,,,,,,,0.416667,5.0,7.0,0.0,0.0,0.0,4.0,57.5564,0.500333,57.9897,57.1231,18.5719,74.2876,1.70906,5,,1.0,57.5564
eval_probe,,prb_c_q2_r04_n012_det_i2,dec-mcts-v4-g9999,reward00,3,,,,,,,,,0.5,6.0,6.0,0.0,0.0,0.0,4.0,56.7764,0.400333,57.1231,56.4297,20.8259,83.3035,1.60296,6,,1.0,56.7764
eval_probe,,prb_c_q2_r04_n012_det_i2,greedy,reward00,1,,,,,,,,,0.333333,4.0,8.0,0.0,0.0,0.0,4.0,57.6766,1.73085,59.1755,56.1776,11.2614,45.0457,0.000366035,4,,1.0,57.6765
eval_probe,,prb_c_q2_r04_n012_det_i2,greedy,reward00,2,,,,,,,,,0.333333,4.0,8.0,0.0,0.0,0.0,4.0,57.6766,1.73085,59.1755,56.1776,11.2614,45.0457,0.000311062,4,,1.0,57.6765
eval_probe,,prb_c_q2_r04_n012_det_i2,greedy,reward00,3,,,,,,,,,0.333333,4.0,8.0,0.0,0.0,0.0,4.0,57.6766,1.73085,59.1755,56.1776,11.2614,45.0457,0.00137981,4,,1.0,57.6765
eval_probe,,prb_c_q2_r04_n012_det_i2,random,reward00,1,,,,,,,,,0.0833333,1.0,11.0,0.0,0.0,0.0,4.0,55.6919,4.32485,59.4374,51.9465,12.1995,48.7981,0.000350944,1,,1.0,55.6919
eval_probe,,prb_c_q2_r04_n012_det_i2,random,reward00,2,,,,,,,,,0.25,3.0,9.0,0.0,0.0,0.0,4.0,54.7981,3.68533,57.9897,51.6065,16.0603,64.2411,0.000350018,3,,1.0,54.7981
eval_probe,,prb_c_q2_r04_n012_det_i2,random,reward00,3,,,,,,,,,0.0833333,1.0,11.0,0.0,0.0,0.0,4.0,52.0581,0.128851,52.1697,51.9465,14.4206,57.6824,0.00031896,1,,1.0,52.0581
eval_probe,,prb_c_q2_r04_n012_det_i3,cbaa,reward00,1,,,,,,,,,0.583333,7.0,5.0,0.0,0.0,0.0,4.0,55.0864,5.10099,59.504,50.6688,14.5383,58.153,0.00058149,7,,1.0,55.0864
eval_probe,,prb_c_q2_r04_n012_det_i3,cbaa,reward00,2,,,,,,,,,0.583333,7.0,5.0,0.0,0.0,0.0,4.0,55.0864,5.10099,59.504,50.6688,14.5383,58.153,0.000626848,7,,1.0,55.0864
eval_probe,,prb_c_q2_r04_n012_det_i3,cbaa,reward00,3,,,,,,,,,0.583333,7.0,5.0,0.0,0.0,0.0,4.0,55.0864,5.10099,59.504,50.6688,14.5383,58.153,0.000614634,7,,1.0,55.0864
eval_probe,,prb_c_q2_r04_n012_det_i3,cbba,reward00,1,,,,,,,,,0.583333,7.0,5.0,0.0,0.0,0.0,4.0,55.0864,5.10099,59.504,50.6688,14.5383,58.153,0.000876247,7,,1.0,55.0864
eval_probe,,prb_c_q2_r04_n012_det_i3,cbba,reward00,2,,,,,,,,,0.583333,7.0,5.0,0.0,0.0,0.0,4.0,55.0864,5.10099,59.504,50.6688,14.5383,58.153,0.000861729,7,,1.0,55.0864
eval_probe,,prb_c_q2_r04_n012_det_i3,cbba,reward00,3,,,,,,,,,0.583333,7.0,5.0,0.0,0.0,0.0,4.0,55.0864,5.10099,59.504,50.6688,14.5383,58.153,0.000951804,7,,1.0,55.0864
eval_probe,,prb_c_q2_r04_n012_det_i3,dec-mcts-v4-g9999,reward00,1,,,,,,,,,0.416667,5.0,7.0,0.0,0.0,0.0,4.0,55.1051,4.34695,58.8697,51.3405,15.8144,63.2577,1.60714,5,,1.0,55.1051
eval_probe,,prb_c_q2_r04_n012_det_i3,dec-mcts-v4-g9999,reward00,2,,,,,,,,,0.416667,5.0,7.0,0.0,0.0,0.0,4.0,58.335,3.03182,60.9606,55.7093,18.0411,72.1644,1.77783,5,,1.0,58.3349
eval_probe,,prb_c_q2_r04_n012_det_i3,dec-mcts-v4-g9999,reward00,3,,,,,,,,,0.416667,5.0,7.0,0.0,0.0,0.0,4.0,55.877,4.18811,59.504,52.25,15.8545,63.418,1.98392,5,,1.0,55.877
eval_probe,,prb_c_q2_r04_n012_det_i3,greedy,reward00,1,,,,,,,,,0.333333,4.0,8.0,0.0,0.0,0.0,4.0,55.4934,4.99261,59.8171,51.1697,11.2937,45.1748,0.000427141,4,,1.0,55.4934
eval_probe,,prb_c_q2_r04_n012_det_i3,greedy,reward00,2,,,,,,,,,0.333333,4.0,8.0,0.0,0.0,0.0,4.0,55.4934,4.99261,59.8171,51.1697,11.2937,45.1748,0.000438003,4,,1.0,55.4934
eval_probe,,prb_c_q2_r04_n012_det_i3,greedy,reward00,3,,,,,,,,,0.333333,4.0,8.0,0.0,0.0,0.0,4.0,55.4934,4.99261,59.8171,51.1697,11.2937,45.1748,0.000398714,4,,1.0,55.4934
eval_probe,,prb_c_q2_r04_n012_det_i3,random,reward00,1,,,,,,,,,0.25,3.0,9.0,0.0,0.0,0.0,4.0,53.3585,2.86994,55.844,50.8731,18.1208,72.4833,0.000503497,3,,1.0,53.3586
eval_probe,,prb_c_q2_r04_n012_det_i3,random,reward00,2,,,,,,,,,0.166667,2.0,10.0,0.0,0.0,0.0,4.0,58.8928,3.18805,61.6537,56.1319,17.1924,68.7697,0.000343858,2,,1.0,58.8928
eval_probe,,prb_c_q2_r04_n012_det_i3,random,reward00,3,,,,,,,,,0.0833333,1.0,11.0,0.0,0.0,0.0,4.0,51.7814,1.0488,52.6897,50.8731,16.139,64.5559,0.000287278,1,,1.0,51.7814
eval_probe,,prb_c_q2_r04_n012_est_i1,cbaa,reward00,1,,,,,,,,,0.5,6.0,5.0,1.0,0.0,0.0,4.0,51.0261,3.18506,53.7845,48.2678,13.5197,54.0788,0.000335211,7,,0.857143,51.0262
eval_probe,,prb_c_q2_r04_n012_est_i1,cbaa,reward00,2,,,,,,,,,0.583333,7.0,4.0,1.0,0.0,0.0,4.0,46.5973,1.4654,47.8664,45.3283,22.6841,90.7365,0.000363018,10,,0.7,46.5973
eval_probe,,prb_c_q2_r04_n012_est_i1,cbaa,reward00,3,,,,,,,,,0.25,3.0,9.0,0.0,0.0,0.0,4.0,30.4093,28.1854,54.8185,6.0,11.4303,45.721,0.000235899,5,,0.6,30.4093
eval_probe,,prb_c_q2_r04_n012_est_i1,cbba,reward00,1,,,,,,,,,0.666667,8.0,4.0,0.0,0.0,0.0,4.0,59.3917,7.86339,66.2016,52.5818,22.9173,91.6692,0.000492764,10,,0.8,59.3917
eval_probe,,prb_c_q2_r04_n012_est_i1,cbba,reward00,2,,,,,,,,,0.333333,4.0,8.0,0.0,0.0,0.0,4.0,65.7351,0.626016,66.2772,65.1929,16.0023,64.0091,0.000408942,6,,0.666667,65.7351
eval_probe,,prb_c_q2_r04_n012_est_i1,cbba,reward00,3,,,,,,,,,0.5,6.0,6.0,0.0,0.0,0.0,4.0,65.1141,6.96095,71.1425,59.0858,15.7948,63.1792,0.000751744,7,,0.857143,65.1141
eval_probe,,prb_c_q2_r04_n012_est_i1,dec-mcts-v4-g9999,reward00,1,,,,,,,,,0.416667,5.0,7.0,0.0,0.0,0.0,4.0,56.4394,4.54859,60.3786,52.5002,17.026,68.1041,1.13452,6,,0.833333,56.4394
eval_probe,,prb_c_q2_r04_n012_est_i1,dec-mcts-v4-g9999,reward00,2,,,,,,,,,0.333333,4.0,7.0,1.0,0.0,0.0,4.0,51.5256,0.268226,51.7579,51.2933,16.0375,64.15,1.12881,5,,0.8,51.5256
eval_probe,,prb_c_q2_r04_n012_est_i1,dec-mcts-v4-g9999,reward00,3,,,,,,,,,0.416667,5.0,7.0,0.0,0.0,0.0,4.0,52.5259,6.70641,58.3338,46.718,23.4677,93.8709,1.0417,8,,0.625,52.5259
eval_probe,,prb_c_q2_r04_n012_est_i1,greedy,reward00,1,,,,,,,,,0.416667,5.0,7.0,0.0,0.0,0.0,4.0,65.5275,5.91707,70.6518,60.4031,13.3654,53.4615,0.000301469,6,,0.833333,65.5275
eval_probe,,prb_c_q2_r04_n012_est_i1,greedy,reward00,2,,,,,,,,,0.333333,4.0,8.0,0.0,0.0,0.0,4.0,51.0365,0.00106495,51.0374,51.0356,12.8264,51.3055,0.000210908,4,,1.0,51.0365
eval_probe,,prb_c_q2_r04_n012_est_i1,greedy,reward00,3,,,,,,,,,0.333333,4.0,8.0,0.0,0.0,0.0,4.0,52.0554,1.85638,53.6631,50.4478,15.7947,63.1786,0.00023811,4,,1.0,52.0555
eval_probe,,prb_c_q2_r04_n012_est_i1,random,reward00,1,,,,,,,,,0.333333,4.0,8.0,0.0,0.0,0.0,4.0,49.9876,1.21008,51.0356,48.9397,17.7331,70.9326,0.000243925,4,,1.0,49.9877
eval_probe,,prb_c_q2_r04_n012_est_i1,random,reward00,2,,,,,,,,,0.25,3.0,9.0,0.0,0.0,0.0,4.0,60.1765,10.5869,69.3451,51.008,14.2861,57.1444,0.000146275,3,,1.0,60.1766
eval_probe,,prb_c_q2_r04_n012_est_i1,random,reward00,3,,,,,,,,,0.166667,2.0,10.0,0.0,0.0,0.0,4.0,65.1797,16.3322,79.3239,51.0356,21.1281,84.5126,0.000185931,2,,1.0,65.1797
eval_probe,,prb_c_q2_r04_n012_est_i2,cbaa,reward00,1,,,,,,,,,0.5,6.0,6.0,0.0,0.0,0.0,4.0,53.814,8.48457,61.1619,46.4662,19.6326,78.5305,0.000517455,7,,0.857143,53.8141
eval_probe,,prb_c_q2_r04_n012_est_i2,cbaa,reward00,2,,,,,,,,,0.5,6.0,6.0,0.0,0.0,0.0,4.0,55.4904,4.60758,59.4807,51.5001,19.8731,79.4922,0.000410169,6,,1.0,55.4904
eval_probe,,prb_c_q2_r04_n012_est_i2,cbaa,reward00,3,,,,,,,,,0.333333,4.0,7.0,1.0,0.0,0.0,4.0,52.4455,1.64835,53.873,51.018,13.3068,53.2274,0.000243824,4,,1.0,52.4455
eval_probe,,prb_c_q2_r04_n012_est_i2,cbba,reward00,1,,,,,,,,,0.666667,8.0,4.0,0.0,0.0,0.0,4.0,61.971,9.57964,70.2672,53.6748,25.5307,102.123,0.00073204,10,,0.8,61.971
eval_probe,,prb_c_q2_r04_n012_est_i2,cbba,reward00,2,,,,,,,,,0.5,6.0,6.0,0.0,0.0,0.0,4.0,54.2678,2.64559,55.7556,50.3033,21.2731,85.0926,0.000558601,6,,1.0,54.2678
eval_probe,,prb_c_q2_r04_n012_est_i2,cbba,reward00,3,,,,,,,,,0.583333,7.0,5.0,0.0,0.0,0.0,4.0,52.6435,10.1054,61.395,43.892,27.5408,110.163,0.000872,9,,0.777778,52.6435
eval_probe,,prb_c_q2_r04_n012_est_i2,dec-mcts-v4-g9999,reward00,1,,,,,,,,,0.333333,4.0,8.0,0.0,0.0,0.0,4.0,50.5913,2.20858,52.504,48.6786,20.2842,81.1367,1.62375,5,,0.8,50.5913
eval_probe,,prb_c_q2_r04_n012_est_i2,dec-mcts-v4-g9999,reward00,2,,,,,,,,,0.333333,4.0,8.0,0.0,0.0,0.0,4.0,60.5181,4.76929,64.6484,56.3878,18.7462,74.9847,1.56926,5,,0.8,60.5181
eval_probe,,prb_c_q2_r04_n012_est_i2,dec-mcts-v4-g9999,reward00,3,,,,,,,,,0.333333,4.0,8.0,0.0,0.0,0.0,4.0,55.6469,12.5042,66.4759,44.818,19.0127,76.0507,1.57578,6,,0.666667,55.6469
eval_probe,,prb_c_q2_r04_n012_est_i2,greedy,reward00,1,,,,,,,,,0.333333,4.0,8.0,0.0,0.0,0.0,4.0,51.8328,1.74974,53.3481,50.3175,12.8279,51.3117,0.000246571,4,,1.0,51.8328
eval_probe,,prb_c_q2_r04_n012_est_i2,greedy,reward00,2,,,,,,,,,0.25,3.0,9.0,0.0,0.0,0.0,4.0,54.7615,1.14794,55.7556,53.7673,12.8586,51.4342,0.000377193,3,,1.0,54.7614
eval_probe,,prb_c_q2_r04_n012_est_i2,greedy,reward00,3,,,,,,,,,0.166667,2.0,10.0,0.0,0.0,0.0,4.0,44.9375,0.0483785,44.9794,44.8956,12.8586,51.4342,0.000336195,4,,0.5,44.9375
eval_probe,,prb_c_q2_r04_n012_est_i2,random,reward00,1,,,,,,,,,0.166667,2.0,10.0,0.0,0.0,0.0,4.0,54.8958,9.8101,63.3916,46.4,21.4323,85.729,0.00029242,2,,1.0,54.8958
eval_probe,,prb_c_q2_r04_n012_est_i2,random,reward00,2,,,,,,,,,0.166667,2.0,10.0,0.0,0.0,0.0,4.0,54.3064,1.67338,55.7556,52.8572,16.3406,65.3624,0.000263257,3,,0.666667,54.3064
eval_probe,,prb_c_q2_r04_n012_est_i2,random,reward00,3,,,,,,,,,0.0833333,1.0,11.0,0.0,0.0,0.0,4.0,56.2053,3.74068,59.4448,52.9657,20.2319,80.9277,0.000283727,4,,0.25,56.2052
eval_probe,,prb_c_q2_r04_n012_est_i3,cbaa,reward00,1,,,,,,,,,0.25,3.0,7.0,2.0,0.0,0.0,4.0,33.6913,18.8662,50.0299,17.3527,9.88979,39.5592,0.000255214,4,,0.75,33.6913
eval_probe,,prb_c_q2_r04_n012_est_i3,cbaa,reward00,2,,,,,,,,,0.5,6.0,6.0,0.0,0.0,0.0,4.0,53.9598,0.552557,54.4383,53.4812,15.4539,61.8155,0.000439634,7,,0.857143,53.9597
eval_probe,,prb_c_q2_r04_n012_est_i3,cbaa,reward00,3,,,,,,,,,0.25,3.0,9.0,0.0,0.0,0.0,4.0,33.5585,25.9062,55.9939,11.1231,14.5839,58.3356,0.000334947,5,,0.6,33.5585
eval_probe,,prb_c_q2_r04_n012_est_i3,cbba,reward00,1,,,,,,,,,0.5,6.0,6.0,0.0,0.0,0.0,4.0,64.0342,5.83755,69.0897,58.9788,22.0132,88.0529,0.000869012,9,,0.666667,64.0343
eval_probe,,prb_c_q2_r04_n012_est_i3,cbba,reward00,2,,,,,,,,,0.5,6.0,6.0,0.0,0.0,0.0,4.0,52.9062,2.35727,54.9477,50.8648,12.5044,50.0177,0.000593023,6,,1.0,52.9062
eval_probe,,prb_c_q2_r04_n012_est_i3,cbba,reward00,3,,,,,,,,,0.416667,5.0,7.0,0.0,0.0,0.0,4.0,46.1632,0.758647,46.8202,45.5062,23.7819,95.1278,0.000864901,11,,0.454545,46.1632
eval_probe,,prb_c_q2_r04_n012_est_i3,dec-mcts-v4-g9999,reward00,1,,,,,,,,,0.25,3.0,9.0,0.0,0.0,0.0,4.0,59.9484,3.21141,62.7295,57.1672,21.5497,86.1987,1.66989,7,,0.428571,59.9484
eval_probe,,prb_c_q2_r04_n012_est_i3,dec-mcts-v4-g9999,reward00,2,,,,,,,,,0.333333,4.0,8.0,0.0,0.0,0.0,4.0,61.3145,0.307271,61.5806,61.0484,12.1857,48.7428,1.7659,4,,1.0,61.3145
eval_probe,,prb_c_q2_r04_n012_est_i3,dec-mcts-v4-g9999,reward00,3,,,,,,,,,0.25,3.0,9.0,0.0,0.0,0.0,4.0,49.8783,3.88956,53.2468,46.5098,17.865,71.4599,1.73826,5,,0.6,49.8783
eval_probe,,prb_c_q2_r04_n012_est_i3,greedy,reward00,1,,,,,,,,,0.25,3.0,9.0,0.0,0.0,0.0,4.0,58.9738,9.01225,66.7786,51.1689,9.17366,36.6946,0.000177618,3,,1.0,58.9737
eval_probe,,prb_c_q2_r04_n012_est_i3,greedy,reward00,2,,,,,,,,,0.25,3.0,9.0,0.0,0.0,0.0,4.0,62.4528,0.0443594,62.4912,62.4144,10.3439,41.3757,0.000197076,4,,0.75,62.4528
eval_probe,,prb_c_q2_r04_n012_est_i3,greedy,reward00,3,,,,,,,,,0.25,3.0,9.0,0.0,0.0,0.0,4.0,61.9828,4.98204,66.2973,57.6682,8.68525,34.741,0.000167526,3,,1.0,61.9828
eval_probe,,prb_c_q2_r04_n012_est_i3,random,reward00,1,,,,,,,,,0.166667,2.0,10.0,0.0,0.0,0.0,4.0,53.4153,2.29561,55.4033,51.4272,19.8484,79.3935,0.000362255,3,,0.666667,53.4153
eval_probe,,prb_c_q2_r04_n012_est_i3,random,reward00,2,,,,,,,,,0.0833333,1.0,11.0,0.0,0.0,0.0,4.0,57.312,2.20389,59.2206,55.4033,14.7222,58.8889,0.000330746,2,,0.5,57.3119
eval_probe,,prb_c_q2_r04_n012_est_i3,random,reward00,3,,,,,,,,,0.166667,2.0,10.0,0.0,0.0,0.0,4.0,48.4065,0.392598,48.7465,48.0665,19.8962,79.5846,0.000332674,2,,1.0,48.4065
eval_probe,,prb_c_q2_r08_n024_det_i1,cbaa,reward00,1,,,,,,,,,0.583333,14.0,10.0,0.0,0.0,0.0,8.0,50.4747,21.735,66.4742,16.3394,15.0982,120.785,0.00138073,14,,1.0,50.4747
eval_probe,,prb_c_q2_r08_n024_det_i1,cbaa,reward00,2,,,,,,,,,0.583333,14.0,10.0,0.0,0.0,0.0,8.0,50.4747,21.735,66.4742,16.3394,15.0982,120.785,0.00140941,14,,1.0,50.4747
eval_probe,,prb_c_q2_r08_n024_det_i1,cbaa,reward00,3,,,,,,,,,0.583333,14.0,10.0,0.0,0.0,0.0,8.0,50.4747,21.735,66.4742,16.3394,15.0982,120.785,0.00138629,14,,1.0,50.4747
eval_probe,,prb_c_q2_r08_n024_det_i1,cbba,reward00,1,,,,,,,,,0.666667,16.0,8.0,0.0,0.0,0.0,8.0,58.1524,8.04029,66.4742,48.1509,16.5868,132.695,0.00391182,16,,1.0,58.1524
eval_probe,,prb_c_q2_r08_n024_det_i1,cbba,reward00,2,,,,,,,,,0.666667,16.0,8.0,0.0,0.0,0.0,8.0,58.1524,8.04029,66.4742,48.1509,16.5868,132.695,0.00386703,16,,1.0,58.1524
eval_probe,,prb_c_q2_r08_n024_det_i1,cbba,reward00,3,,,,,,,,,0.666667,16.0,8.0,0.0,0.0,0.0,8.0,58.1524,8.04029,66.4742,48.1509,16.5868,132.695,0.0038634,16,,1.0,58.1524
eval_probe,,prb_c_q2_r08_n024_det_i1,dec-mcts-v4-g9999,reward00,1,,,,,,,,,0.541667,13.0,11.0,0.0,0.0,0.0,8.0,62.1926,2.22864,64.3657,58.9579,20.914,167.312,9.71015,13,,1.0,62.1927
eval_probe,,prb_c_q2_r08_n024_det_i1,dec-mcts-v4-g9999,reward00,2,,,,,,,,,0.541667,13.0,11.0,0.0,0.0,0.0,8.0,62.2231,2.0185,64.1336,59.3119,19.3266,154.613,11.7069,13,,1.0,62.2231
eval_probe,,prb_c_q2_r08_n024_det_i1,dec-mcts-v4-g9999,reward00,3,,,,,,,,,0.5,12.0,12.0,0.0,0.0,0.0,8.0,60.9465,2.23023,63.9972,58.9579,20.3081,162.465,9.16856,12,,1.0,60.9465
eval_probe,,prb_c_q2_r08_n024_det_i1,greedy,reward00,1,,,,,,,,,0.375,9.0,15.0,0.0,0.0,0.0,8.0,54.2453,4.60559,61.6124,50.7333,9.72939,77.8351,0.000598948,9,,1.0,54.2453
eval_probe,,prb_c_q2_r08_n024_det_i1,greedy,reward00,2,,,,,,,,,0.375,9.0,15.0,0.0,0.0,0.0,8.0,54.2453,4.60559,61.6124,50.7333,9.72939,77.8351,0.000560036,9,,1.0,54.2453
eval_probe,,prb_c_q2_r08_n024_det_i1,greedy,reward00,3,,,,,,,,,0.375,9.0,15.0,0.0,0.0,0.0,8.0,54.2453,4.60559,61.6124,50.7333,9.72939,77.8351,0.00100044,9,,1.0,54.2453
eval_probe,,prb_c_q2_r08_n024_det_i1,random,reward00,1,,,,,,,,,0.166667,4.0,20.0,0.0,0.0,0.0,8.0,55.6503,5.70726,64.5742,50.7333,17.5893,140.714,0.000889619,4,,1.0,55.6503
eval_probe,,prb_c_q2_r08_n024_det_i1,random,reward00,2,,,,,,,,,0.166667,4.0,20.0,0.0,0.0,0.0,8.0,55.9747,4.83287,62.4693,50.9956,17.8649,142.919,0.000861209,4,,1.0,55.9746
eval_probe,,prb_c_q2_r08_n024_det_i1,random,reward00,3,,,,,,,,,0.208333,5.0,19.0,0.0,0.0,0.0,8.0,54.0814,5.55397,60.4742,48.1231,15.8523,126.818,0.000480064,5,,1.0,54.0814
eval_probe,,prb_c_q2_r08_n024_det_i2,cbaa,reward00,1,,,,,,,,,0.541667,13.0,11.0,0.0,0.0,0.0,8.0,44.4123,27.7502,65.3972,0.0,11.2899,90.3191,0.00140106,13,,1.0,44.4123
eval_probe,,prb_c_q2_r08_n024_det_i2,cbaa,reward00,2,,,,,,,,,0.541667,13.0,11.0,0.0,0.0,0.0,8.0,44.4123,27.7502,65.3972,0.0,11.2899,90.3191,0.00139311,13,,1.0,44.4123
eval_probe,,prb_c_q2_r08_n024_det_i2,cbaa,reward00,3,,,,,,,,,0.541667,13.0,11.0,0.0,0.0,0.0,8.0,44.4123,27.7502,65.3972,0.0,11.2899,90.3191,0.00143065,13,,1.0,44.4123
eval_probe,,prb_c_q2_r08_n024_det_i2,cbba,reward00,1,,,,,,,,,0.583333,14.0,10.0,0.0,0.0,0.0,8.0,56.2421,6.92873,61.863,43.3839,15.7622,126.098,0.00490442,14,,1.0,56.2421
eval_probe,,prb_c_q2_r08_n024_det_i2,cbba,reward00,2,,,,,,,,,0.583333,14.0,10.0,0.0,0.0,0.0,8.0,56.2421,6.92873,61.863,43.3839,15.7622,126.098,0.00485733,14,,1.0,56.2421
eval_probe,,prb_c_q2_r08_n024_det_i2,cbba,reward00,3,,,,,,,,,0.583333,14.0,10.0,0.0,0.0,0.0,8.0,56.2421,6.92873,61.863,43.3839,15.7622,126.098,0.00489182,14,,1.0,56.2421
eval_probe,,prb_c_q2_r08_n024_det_i2,dec-mcts-v4-g9999,reward00,1,,,,,,,,,0.541667,13.0,11.0,0.0,0.0,0.0,8.0,56.3745,4.23549,59.8268,49.6461,18.5115,148.092,9.53633,13,,1.0,56.3745
eval_probe,,prb_c_q2_r08_n024_det_i2,dec-mcts-v4-g9999,reward00,2,,,,,,,,,0.5,12.0,12.0,0.0,0.0,0.0,8.0,56.0789,4.91866,62.6234,50.077,17.6776,141.421,11.5852,12,,1.0,56.0789
eval_probe,,prb_c_q2_r08_n024_det_i2,dec-mcts-v4-g9999,reward00,3,,,,,,,,,0.458333,11.0,13.0,0.0,0.0,0.0,8.0,56.7613,5.9601,62.3104,47.558,16.0817,128.653,9.05084,11,,1.0,56.7613
eval_probe,,prb_c_q2_r08_n024_det_i2,greedy,reward00,1,,,,,,,,,0.416667,10.0,14.0,0.0,0.0,0.0,8.0,56.5507,2.94692,60.0846,53.61,12.0173,96.1383,0.00104387,10,,1.0,56.5507
eval_probe,,prb_c_q2_r08_n024_det_i2,greedy,reward00,2,,,,,,,,,0.416667,10.0,14.0,0.0,0.0,0.0,8.0,56.5507,2.94692,60.0846,53.61,12.0173,96.1383,0.000999506,10,,1.0,56.5507
eval_probe,,prb_c_q2_r08_n024_det_i2,greedy,reward00,3,,,,,,,,,0.416667,10.0,14.0,0.0,0.0,0.0,8.0,56.5507,2.94692,60.0846,53.61,12.0173,96.1383,0.00103233,10,,1.0,56.5507
eval_probe,,prb_c_q2_r08_n024_det_i2,random,reward00,1,,,,,,,,,0.0833333,2.0,22.0,0.0,0.0,0.0,8.0,51.2531,5.17749,57.5097,44.1765,17.1025,136.82,0.000769549,2,,1.0,51.2531
eval_probe,,prb_c_q2_r08_n024_det_i2,random,reward00,2,,,,,,,,,0.25,6.0,18.0,0.0,0.0,0.0,8.0,53.6427,6.41501,59.5973,44.0865,13.5068,108.055,0.000882242,6,,1.0,53.6427
eval_probe,,prb_c_q2_r08_n024_det_i2,random,reward00,3,,,,,,,,,0.25,6.0,18.0,0.0,0.0,0.0,8.0,55.1104,6.85419,59.735,44.1765,16.963,135.704,0.000882691,6,,1.0,55.1105
eval_probe,,prb_c_q2_r08_n024_det_i3,cbaa,reward00,1,,,,,,,,,0.333333,8.0,16.0,0.0,0.0,0.0,8.0,29.0458,31.2317,62.5254,0.0,8.26973,66.1578,0.000685881,8,,1.0,29.0458
eval_probe,,prb_c_q2_r08_n024_det_i3,cbaa,reward00,2,,,,,,,,,0.333333,8.0,16.0,0.0,0.0,0.0,8.0,29.0458,31.2317,62.5254,0.0,8.26973,66.1578,0.000701299,8,,1.0,29.0458
eval_probe,,prb_c_q2_r08_n024_det_i3,cbaa,reward00,3,,,,,,,,,0.333333,8.0,16.0,0.0,0.0,0.0,8.0,29.0458,31.2317,62.5254,0.0,8.26973,66.1578,0.000702697,8,,1.0,29.0458
eval_probe,,prb_c_q2_r08_n024_det_i3,cbba,reward00,1,,,,,,,,,0.5,12.0,12.0,0.0,0.0,0.0,8.0,54.2914,4.91612,61.9298,49.9802,14.2669,114.136,0.00329922,12,,1.0,54.2914
eval_probe,,prb_c_q2_r08_n024_det_i3,cbba,reward00,2,,,,,,,,,0.5,12.0,12.0,0.0,0.0,0.0,8.0,54.2914,4.91612,61.9298,49.9802,14.2669,114.136,0.00316417,12,,1.0,54.2914
eval_probe,,prb_c_q2_r08_n024_det_i3,cbba,reward00,3,,,,,,,,,0.5,12.0,12.0,0.0,0.0,0.0,8.0,54.2914,4.91612,61.9298,49.9802,14.2669,114.136,0.00332858,12,,1.0,54.2914
eval_probe,,prb_c_q2_r08_n024_det_i3,dec-mcts-v4-g9999,reward00,1,,,,,,,,,0.541667,13.0,11.0,0.0,0.0,0.0,8.0,59.8993,3.74085,63.2987,54.0359,19.7068,157.654,9.05214,13,,1.0,59.8993
eval_probe,,prb_c_q2_r08_n024_det_i3,dec-mcts-v4-g9999,reward00,2,,,,,,,,,0.541667,13.0,11.0,0.0,0.0,0.0,8.0,58.7743,4.21156,63.0512,53.2907,17.1609,137.287,9.12614,13,,1.0,58.7743
eval_probe,,prb_c_q2_r08_n024_det_i3,dec-mcts-v4-g9999,reward00,3,,,,,,,,,0.5,12.0,12.0,0.0,0.0,0.0,8.0,59.0971,3.84997,64.0562,54.7716,19.3839,155.071,8.79859,12,,1.0,59.0971
eval_probe,,prb_c_q2_r08_n024_det_i3,greedy,reward00,1,,,,,,,,,0.291667,7.0,17.0,0.0,0.0,0.0,8.0,54.273,4.44307,61.339,51.0,11.5136,92.1088,0.00097619,7,,1.0,54.273
eval_probe,,prb_c_q2_r08_n024_det_i3,greedy,reward00,2,,,,,,,,,0.291667,7.0,17.0,0.0,0.0,0.0,8.0,54.273,4.44307,61.339,51.0,11.5136,92.1088,0.000486603,7,,1.0,54.273
eval_probe,,prb_c_q2_r08_n024_det_i3,greedy,reward00,3,,,,,,,,,0.291667,7.0,17.0,0.0,0.0,0.0,8.0,54.273,4.44307,61.339,51.0,11.5136,92.1088,0.00049632,7,,1.0,54.273
eval_probe,,prb_c_q2_r08_n024_det_i3,random,reward00,1,,,,,,,,,0.166667,4.0,20.0,0.0,0.0,0.0,8.0,56.4924,3.95882,61.0955,52.8133,16.7884,134.307,0.000496054,4,,1.0,56.4924
eval_probe,,prb_c_q2_r08_n024_det_i3,random,reward00,2,,,,,,,,,0.125,3.0,21.0,0.0,0.0,0.0,8.0,55.1257,4.57082,62.2197,51.0,17.8586,142.869,0.000556083,3,,1.0,55.1257
eval_probe,,prb_c_q2_r08_n024_det_i3,random,reward00,3,,,,,,,,,0.125,3.0,21.0,0.0,0.0,0.0,8.0,52.7205,1.56459,54.4756,50.4233,18.386,147.088,0.000469365,3,,1.0,52.7205
eval_probe,,prb_c_q2_r08_n024_est_i1,cbaa,reward00,1,,,,,,,,,0.333333,8.0,16.0,0.0,0.0,0.0,8.0,24.4723,26.2243,51.3346,0.0,8.30418,66.4335,0.000974212,11,,0.727273,24.4723
eval_probe,,prb_c_q2_r08_n024_est_i1,cbaa,reward00,2,,,,,,,,,0.125,3.0,21.0,0.0,0.0,0.0,8.0,17.2003,26.1569,59.01,0.0,5.88838,47.107,0.00105779,5,,0.6,17.2003
eval_probe,,prb_c_q2_r08_n024_est_i1,cbaa,reward00,3,,,,,,,,,0.25,6.0,18.0,0.0,0.0,0.0,8.0,29.728,31.7923,60.6005,0.0,8.31432,66.5145,0.00124699,8,,0.75,29.728
eval_probe,,prb_c_q2_r08_n024_est_i1,cbba,reward00,1,,,,,,,,,0.625,15.0,9.0,0.0,0.0,0.0,8.0,54.1286,4.62425,59.5236,49.7337,18.8317,150.653,0.00533947,15,,1.0,54.1286
eval_probe,,prb_c_q2_r08_n024_est_i1,cbba,reward00,2,,,,,,,,,0.416667,10.0,14.0,0.0,0.0,0.0,8.0,53.2174,2.45653,55.5874,50.6531,22.7186,181.749,0.00723918,18,,0.555556,53.2174
eval_probe,,prb_c_q2_r08_n024_est_i1,cbba,reward00,3,,,,,,,,,0.5,12.0,12.0,0.0,0.0,0.0,8.0,62.7083,7.18363,74.2394,57.4502,23.2327,185.862,0.00684022,18,,0.666667,62.7083
eval_probe,,prb_c_q2_r08_n024_est_i1,dec-mcts-v4-g9999,reward00,1,,,,,,,,,0.333333,8.0,16.0,0.0,0.0,0.0,8.0,57.0175,11.0174,74.7465,49.51,16.4325,131.46,11.3957,11,,0.727273,57.0175
eval_probe,,prb_c_q2_r08_n024_est_i1,dec-mcts-v4-g9999,reward00,2,,,,,,,,,0.333333,8.0,16.0,0.0,0.0,0.0,8.0,55.1292,7.16515,66.3835,49.0653,17.0243,136.195,12.1793,11,,0.727273,55.1292
eval_probe,,prb_c_q2_r08_n024_est_i1,dec-mcts-v4-g9999,reward00,3,,,,,,,,,0.375,9.0,15.0,0.0,0.0,0.0,8.0,53.2273,4.21581,57.2913,49.1131,19.7005,157.604,11.8933,14,,0.642857,53.2273
eval_probe,,prb_c_q2_r08_n024_est_i1,greedy,reward00,1,,,,,,,,,0.25,6.0,18.0,0.0,0.0,0.0,8.0,52.5478,1.16304,53.833,51.2397,10.1904,81.5235,0.000715331,9,,0.666667,52.5478
eval_probe,,prb_c_q2_r08_n024_est_i1,greedy,reward00,2,,,,,,,,,0.166667,4.0,20.0,0.0,0.0,0.0,8.0,55.0825,3.39357,59.8168,51.2397,8.12718,65.0174,0.000466793,5,,0.8,55.0826
eval_probe,,prb_c_q2_r08_n024_est_i1,greedy,reward00,3,,,,,,,,,0.291667,7.0,17.0,0.0,0.0,0.0,8.0,53.9804,2.35227,57.4376,51.4733,10.6204,84.9635,0.000731038,9,,0.777778,53.9804
eval_probe,,prb_c_q2_r08_n024_est_i1,random,reward00,1,,,,,,,,,0.125,3.0,21.0,0.0,0.0,0.0,8.0,54.0035,3.62319,59.6416,51.2397,14.2749,114.199,0.000838865,4,,0.75,54.0035
eval_probe,,prb_c_q2_r08_n024_est_i1,random,reward00,2,,,,,,,,,0.125,3.0,21.0,0.0,0.0,0.0,8.0,53.9854,5.7771,63.1428,49.51,14.4488,115.59,0.000860338,4,,0.75,53.9854
eval_probe,,prb_c_q2_r08_n024_est_i1,random,reward00,3,,,,,,,,,0.125,3.0,21.0,0.0,0.0,0.0,8.0,56.124,10.6456,73.3063,49.0631,18.2065,145.652,0.00088949,4,,0.75,56.124
eval_probe,,prb_c_q2_r08_n024_est_i2,cbaa,reward00,1,,,,,,,,,0.583333,14.0,10.0,0.0,0.0,0.0,8.0,55.8292,5.98648,64.7273,49.6151,17.1458,137.166,0.000850618,17,,0.823529,55.8292
eval_probe,,prb_c_q2_r08_n024_est_i2,cbaa,reward00,2,,,,,,,,,0.458333,11.0,13.0,0.0,0.0,0.0,8.0,49.4601,12.9903,62.9576,29.7759,11.8094,94.4756,0.000764334,14,,0.785714,49.4601
eval_probe,,prb_c_q2_r08_n024_est_i2,cbaa,reward00,3,,,,,,,,,0.375,9.0,15.0,0.0,0.0,0.0,8.0,35.2827,17.1858,53.2194,13.5526,12.4376,99.5008,0.000903494,14,,0.642857,35.2826
eval_probe,,prb_c_q2_r08_n024_est_i2,cbba,reward00,1,,,,,,,,,0.458333,11.0,13.0,0.0,0.0,0.0,8.0,53.0677,5.62441,61.1111,47.4068,17.2255,137.804,0.00378206,18,,0.611111,53.0677
eval_probe,,prb_c_q2_r08_n024_est_i2,cbba,reward00,2,,,,,,,,,0.458333,11.0,12.0,1.0,0.0,0.0,8.0,46.4213,1.78136,48.637,43.9796,15.5571,124.457,0.00249106,17,,0.647059,46.4213
eval_probe,,prb_c_q2_r08_n024_est_i2,cbba,reward00,3,,,,,,,,,0.416667,10.0,14.0,0.0,0.0,0.0,8.0,47.932,3.16831,52.0601,43.7911,15.4,123.2,0.00248563,15,,0.666667,47.932
eval_probe,,prb_c_q2_r08_n024_est_i2,dec-mcts-v4-g9999,reward00,1,,,,,,,,,0.375,9.0,15.0,0.0,0.0,0.0,8.0,54.8289,5.8703,61.343,47.8357,20.3216,162.572,7.26066,12,,0.75,54.829
eval_probe,,prb_c_q2_r08_n024_est_i2,dec-mcts-v4-g9999,reward00,2,,,,,,,,,0.416667,10.0,14.0,0.0,0.0,0.0,8.0,65.5503,1.59373,67.9179,63.7896,19.1525,153.22,7.691,12,,0.833333,65.5503
eval_probe,,prb_c_q2_r08_n024_est_i2,dec-mcts-v4-g9999,reward00,3,,,,,,,,,0.375,9.0,15.0,0.0,0.0,0.0,8.0,53.8562,9.10335,68.3019,46.3105,17.3909,139.127,6.8895,11,,0.818182,53.8562
eval_probe,,prb_c_q2_r08_n024_est_i2,greedy,reward00,1,,,,,,,,,0.375,9.0,15.0,0.0,0.0,0.0,8.0,59.2699,7.55355,68.9087,50.4397,10.9775,87.8199,0.000515901,10,,0.9,59.2699
eval_probe,,prb_c_q2_r08_n024_est_i2,greedy,reward00,2,,,,,,,,,0.416667,10.0,14.0,0.0,0.0,0.0,8.0,46.7113,3.09237,50.4739,43.7957,13.1701,105.36,0.000829625,14,,0.714286,46.7113
eval_probe,,prb_c_q2_r08_n024_est_i2,greedy,reward00,3,,,,,,,,,0.375,9.0,15.0,0.0,0.0,0.0,8.0,61.3482,2.02781,63.782,58.8394,10.9634,87.7071,0.000569706,11,,0.818182,61.3483
eval_probe,,prb_c_q2_r08_n024_est_i2,random,reward00,1,,,,,,,,,0.208333,5.0,19.0,0.0,0.0,0.0,8.0,55.2249,5.80096,62.4279,49.5397,18.5324,148.259,0.00043612,5,,1.0,55.2249
eval_probe,,prb_c_q2_r08_n024_est_i2,random,reward00,2,,,,,,,,,0.125,3.0,21.0,0.0,0.0,0.0,8.0,58.2872,12.2859,78.0179,50.4397,16.2993,130.395,0.000350388,3,,1.0,58.2872
eval_probe,,prb_c_q2_r08_n024_est_i2,random,reward00,3,,,,,,,,,0.166667,4.0,20.0,0.0,0.0,0.0,8.0,53.4215,4.89747,61.1215,49.5397,16.7177,133.741,0.000367217,5,,0.8,53.4215
eval_probe,,prb_c_q2_r08_n024_est_i3,cbaa,reward00,1,,,,,,,,,0.416667,10.0,14.0,0.0,0.0,0.0,8.0,52.6079,5.30665,59.1381,46.5806,19.8289,158.631,0.00130834,14,,0.714286,52.6079
eval_probe,,prb_c_q2_r08_n024_est_i3,cbaa,reward00,2,,,,,,,,,0.416667,10.0,14.0,0.0,0.0,0.0,8.0,39.092,19.3521,59.3135,9.7912,11.6014,92.8111,0.00141251,13,,0.769231,39.0921
eval_probe,,prb_c_q2_r08_n024_est_i3,cbaa,reward00,3,,,,,,,,,0.75,18.0,6.0,0.0,0.0,0.0,8.0,47.3587,2.27137,49.5005,44.8201,17.6133,140.907,0.0017621,21,,0.857143,47.3588
eval_probe,,prb_c_q2_r08_n024_est_i3,cbba,reward00,1,,,,,,,,,0.583333,14.0,10.0,0.0,0.0,0.0,8.0,40.4883,2.4961,42.9837,38.1491,15.1836,121.469,0.00480218,17,,0.823529,40.4883
eval_probe,,prb_c_q2_r08_n024_est_i3,cbba,reward00,2,,,,,,,,,0.458333,11.0,13.0,0.0,0.0,0.0,8.0,55.8202,5.71184,63.3759,49.6074,18.1748,145.399,0.00555895,14,,0.785714,55.8202
eval_probe,,prb_c_q2_r08_n024_est_i3,cbba,reward00,3,,,,,,,,,0.5,12.0,12.0,0.0,0.0,0.0,8.0,53.0268,9.7128,68.4002,45.1846,15.3471,122.777,0.0055677,15,,0.8,53.0268
eval_probe,,prb_c_q2_r08_n024_est_i3,dec-mcts-v4-g9999,reward00,1,,,,,,,,,0.5,12.0,12.0,0.0,0.0,0.0,8.0,56.1978,8.08096,69.2554,50.9457,22.7254,181.803,10.1481,13,,0.923077,56.1978
eval_probe,,prb_c_q2_r08_n024_est_i3,dec-mcts-v4-g9999,reward00,2,,,,,,,,,0.375,9.0,15.0,0.0,0.0,0.0,8.0,48.7546,1.0212,49.9433,47.6472,20.1241,160.993,10.178,12,,0.75,48.7546
eval_probe,,prb_c_q2_r08_n024_est_i3,dec-mcts-v4-g9999,reward00,3,,,,,,,,,0.458333,11.0,13.0,0.0,0.0,0.0,8.0,52.2464,7.8025,64.4541,46.3069,18.3261,146.609,9.99764,13,,0.846154,52.2463
eval_probe,,prb_c_q2_r08_n024_est_i3,greedy,reward00,1,,,,,,,,,0.333333,8.0,16.0,0.0,0.0,0.0,8.0,58.0282,8.54056,67.4276,48.6031,11.3186,90.5485,0.000783956,10,,0.8,58.0282
eval_probe,,prb_c_q2_r08_n024_est_i3,greedy,reward00,2,,,,,,,,,0.458333,11.0,13.0,0.0,0.0,0.0,8.0,45.3404,2.14804,48.2188,42.7077,11.4319,91.455,0.00115375,13,,0.846154,45.3404
eval_probe,,prb_c_q2_r08_n024_est_i3,greedy,reward00,3,,,,,,,,,0.291667,7.0,17.0,0.0,0.0,0.0,8.0,49.3759,3.10227,54.2771,46.79,16.282,130.256,0.0011493,11,,0.636364,49.3759
eval_probe,,prb_c_q2_r08_n024_est_i3,random,reward00,1,,,,,,,,,0.333333,8.0,16.0,0.0,0.0,0.0,8.0,59.9668,14.0642,78.2743,46.79,22.9043,183.234,0.00110384,8,,1.0,59.9668
eval_probe,,prb_c_q2_r08_n024_est_i3,random,reward00,2,,,,,,,,,0.166667,4.0,20.0,0.0,0.0,0.0,8.0,54.279,9.51286,69.2809,46.79,18.032,144.256,0.000633045,6,,0.666667,54.279
eval_probe,,prb_c_q2_r08_n024_est_i3,random,reward00,3,,,,,,,,,0.166667,4.0,20.0,0.0,0.0,0.0,8.0,57.8278,13.294,78.6638,46.9713,13.7771,110.217,0.000473652,4,,1.0,57.8278
eval_probe,,prb_f_doble_r04_n024_det_i1,cbaa,reward00,1,,,,,,,,,0.583333,14.0,10.0,0.0,0.0,0.0,4.0,51.4962,5.3632,57.864,44.8928,11.8194,47.2777,0.000864949,14,,1.0,51.4962
eval_probe,,prb_f_doble_r04_n024_det_i1,cbaa,reward00,2,,,,,,,,,0.583333,14.0,10.0,0.0,0.0,0.0,4.0,51.4962,5.3632,57.864,44.8928,11.8194,47.2777,0.000886931,14,,1.0,51.4962
eval_probe,,prb_f_doble_r04_n024_det_i1,cbaa,reward00,3,,,,,,,,,0.583333,14.0,10.0,0.0,0.0,0.0,4.0,51.4962,5.3632,57.864,44.8928,11.8194,47.2777,0.000743714,14,,1.0,51.4962
eval_probe,,prb_f_doble_r04_n024_det_i1,cbba,reward00,1,,,,,,,,,0.625,15.0,9.0,0.0,0.0,0.0,4.0,56.3142,7.44891,64.5456,46.6331,16.7928,67.1713,0.00182078,15,,1.0,56.3143
eval_probe,,prb_f_doble_r04_n024_det_i1,cbba,reward00,2,,,,,,,,,0.625,15.0,9.0,0.0,0.0,0.0,4.0,56.3142,7.44891,64.5456,46.6331,16.7928,67.1713,0.00164842,15,,1.0,56.3143
eval_probe,,prb_f_doble_r04_n024_det_i1,cbba,reward00,3,,,,,,,,,0.625,15.0,9.0,0.0,0.0,0.0,4.0,56.3142,7.44891,64.5456,46.6331,16.7928,67.1713,0.00188296,15,,1.0,56.3143
eval_probe,,prb_f_doble_r04_n024_det_i1,dec-mcts-v4-g9999,reward00,1,,,,,,,,,0.666667,16.0,8.0,0.0,0.0,0.0,4.0,58.9916,3.13696,63.3682,55.9072,16.9052,67.6208,3.0701,16,,1.0,58.9916
eval_probe,,prb_f_doble_r04_n024_det_i1,dec-mcts-v4-g9999,reward00,2,,,,,,,,,0.625,15.0,9.0,0.0,0.0,0.0,4.0,57.712,2.71352,59.3393,53.6603,17.3755,69.5021,2.98856,15,,1.0,57.712
eval_probe,,prb_f_doble_r04_n024_det_i1,dec-mcts-v4-g9999,reward00,3,,,,,,,,,0.625,15.0,9.0,0.0,0.0,0.0,4.0,55.3105,3.81417,60.4901,52.2471,15.0426,60.1705,3.3726,15,,1.0,55.3105
eval_probe,,prb_f_doble_r04_n024_det_i1,greedy,reward00,1,,,,,,,,,0.458333,11.0,13.0,0.0,0.0,0.0,4.0,54.1109,5.39858,61.734,49.9997,12.2567,49.0267,0.000535472,11,,1.0,54.1109
eval_probe,,prb_f_doble_r04_n024_det_i1,greedy,reward00,2,,,,,,,,,0.458333,11.0,13.0,0.0,0.0,0.0,4.0,54.1109,5.39858,61.734,49.9997,12.2567,49.0267,0.000504565,11,,1.0,54.1109
eval_probe,,prb_f_doble_r04_n024_det_i1,greedy,reward00,3,,,,,,,,,0.458333,11.0,13.0,0.0,0.0,0.0,4.0,54.1109,5.39858,61.734,49.9997,12.2567,49.0267,0.000811319,11,,1.0,54.1109
eval_probe,,prb_f_doble_r04_n024_det_i1,random,reward00,1,,,,,,,,,0.375,9.0,15.0,0.0,0.0,0.0,4.0,56.116,3.08211,59.0034,52.1697,14.3085,57.2339,0.000618963,9,,1.0,56.116
eval_probe,,prb_f_doble_r04_n024_det_i1,random,reward00,2,,,,,,,,,0.25,6.0,18.0,0.0,0.0,0.0,4.0,53.1765,2.19688,55.0,49.9997,16.1335,64.5339,0.000552269,6,,1.0,53.1765
eval_probe,,prb_f_doble_r04_n024_det_i1,random,reward00,3,,,,,,,,,0.333333,8.0,16.0,0.0,0.0,0.0,4.0,55.125,1.87237,57.7935,53.5833,13.2595,53.038,0.000531456,8,,1.0,55.125
eval_probe,,prb_f_doble_r04_n024_det_i2,cbaa,reward00,1,,,,,,,,,0.541667,13.0,11.0,0.0,0.0,0.0,4.0,44.4982,16.9178,54.3694,19.1667,11.5406,46.1625,0.000818249,13,,1.0,44.4982
eval_probe,,prb_f_doble_r04_n024_det_i2,cbaa,reward00,2,,,,,,,,,0.541667,13.0,11.0,0.0,0.0,0.0,4.0,44.4982,16.9178,54.3694,19.1667,11.5406,46.1625,0.000621765,13,,1.0,44.4982
eval_probe,,prb_f_doble_r04_n024_det_i2,cbaa,reward00,3,,,,,,,,,0.541667,13.0,11.0,0.0,0.0,0.0,4.0,44.4982,16.9178,54.3694,19.1667,11.5406,46.1625,0.00065625,13,,1.0,44.4982
eval_probe,,prb_f_doble_r04_n024_det_i2,cbba,reward00,1,,,,,,,,,0.625,15.0,9.0,0.0,0.0,0.0,4.0,51.4148,3.21693,54.3694,46.8333,13.4573,53.8291,0.00111328,15,,1.0,51.4149
eval_probe,,prb_f_doble_r04_n024_det_i2,cbba,reward00,2,,,,,,,,,0.625,15.0,9.0,0.0,0.0,0.0,4.0,51.4148,3.21693,54.3694,46.8333,13.4573,53.8291,0.00123794,15,,1.0,51.4149
eval_probe,,prb_f_doble_r04_n024_det_i2,cbba,reward00,3,,,,,,,,,0.625,15.0,9.0,0.0,0.0,0.0,4.0,51.4148,3.21693,54.3694,46.8333,13.4573,53.8291,0.00107566,15,,1.0,51.4149
eval_probe,,prb_f_doble_r04_n024_det_i2,dec-mcts-v4-g9999,reward00,1,,,,,,,,,0.625,15.0,9.0,0.0,0.0,0.0,4.0,55.7597,3.45375,59.6168,52.7855,13.4817,53.9269,3.00086,15,,1.0,55.7597
eval_probe,,prb_f_doble_r04_n024_det_i2,dec-mcts-v4-g9999,reward00,2,,,,,,,,,0.666667,16.0,8.0,0.0,0.0,0.0,4.0,57.636,1.14304,58.9025,56.5833,16.0905,64.3619,3.00676,16,,1.0,57.636
eval_probe,,prb_f_doble_r04_n024_det_i2,dec-mcts-v4-g9999,reward00,3,,,,,,,,,0.666667,16.0,8.0,0.0,0.0,0.0,4.0,54.943,2.52474,57.8606,52.1697,13.1762,52.7047,3.11187,16,,1.0,54.943
eval_probe,,prb_f_doble_r04_n024_det_i2,greedy,reward00,1,,,,,,,,,0.333333,8.0,16.0,0.0,0.0,0.0,4.0,53.8222,3.41169,58.9025,51.6065,7.90786,31.6314,0.000318124,8,,1.0,53.8222
eval_probe,,prb_f_doble_r04_n024_det_i2,greedy,reward00,2,,,,,,,,,0.333333,8.0,16.0,0.0,0.0,0.0,4.0,53.8222,3.41169,58.9025,51.6065,7.90786,31.6314,0.000469838,8,,1.0,53.8222
eval_probe,,prb_f_doble_r04_n024_det_i2,greedy,reward00,3,,,,,,,,,0.333333,8.0,16.0,0.0,0.0,0.0,4.0,53.8222,3.41169,58.9025,51.6065,7.90786,31.6314,0.000561884,8,,1.0,53.8222
eval_probe,,prb_f_doble_r04_n024_det_i2,random,reward00,1,,,,,,,,,0.333333,8.0,16.0,0.0,0.0,0.0,4.0,55.3719,3.83718,59.019,51.9465,16.0577,64.2309,0.000442021,8,,1.0,55.3719
eval_probe,,prb_f_doble_r04_n024_det_i2,random,reward00,2,,,,,,,,,0.291667,7.0,17.0,0.0,0.0,0.0,4.0,52.8054,1.50413,55.0,51.6065,14.9823,59.9291,0.000439138,7,,1.0,52.8055
eval_probe,,prb_f_doble_r04_n024_det_i2,random,reward00,3,,,,,,,,,0.291667,7.0,17.0,0.0,0.0,0.0,4.0,54.7927,3.22323,58.1645,51.6569,13.7185,54.8741,0.000574415,7,,1.0,54.7927
eval_probe,,prb_f_doble_r04_n024_det_i3,cbaa,reward00,1,,,,,,,,,0.5,12.0,12.0,0.0,0.0,0.0,4.0,44.5719,17.3777,59.4742,20.0,12.4379,49.7514,0.00061147,12,,1.0,44.5719
eval_probe,,prb_f_doble_r04_n024_det_i3,cbaa,reward00,2,,,,,,,,,0.5,12.0,12.0,0.0,0.0,0.0,4.0,44.5719,17.3777,59.4742,20.0,12.4379,49.7514,0.000592755,12,,1.0,44.5719
eval_probe,,prb_f_doble_r04_n024_det_i3,cbaa,reward00,3,,,,,,,,,0.5,12.0,12.0,0.0,0.0,0.0,4.0,44.5719,17.3777,59.4742,20.0,12.4379,49.7514,0.000649649,12,,1.0,44.5719
eval_probe,,prb_f_doble_r04_n024_det_i3,cbba,reward00,1,,,,,,,,,0.625,15.0,9.0,0.0,0.0,0.0,4.0,54.7186,6.99598,60.5868,45.3233,15.0845,60.3382,0.00174871,15,,1.0,54.7186
eval_probe,,prb_f_doble_r04_n024_det_i3,cbba,reward00,2,,,,,,,,,0.625,15.0,9.0,0.0,0.0,0.0,4.0,54.7186,6.99598,60.5868,45.3233,15.0845,60.3382,0.00177553,15,,1.0,54.7186
eval_probe,,prb_f_doble_r04_n024_det_i3,cbba,reward00,3,,,,,,,,,0.625,15.0,9.0,0.0,0.0,0.0,4.0,54.7186,6.99598,60.5868,45.3233,15.0845,60.3382,0.00156711,15,,1.0,54.7186
eval_probe,,prb_f_doble_r04_n024_det_i3,dec-mcts-v4-g9999,reward00,1,,,,,,,,,0.625,15.0,9.0,0.0,0.0,0.0,4.0,56.4714,5.35384,62.1516,50.5833,15.1297,60.5188,3.00389,15,,1.0,56.4714
eval_probe,,prb_f_doble_r04_n024_det_i3,dec-mcts-v4-g9999,reward00,2,,,,,,,,,0.625,15.0,9.0,0.0,0.0,0.0,4.0,57.1946,4.97607,62.5796,51.1265,15.9378,63.7511,3.16613,15,,1.0,57.1946
eval_probe,,prb_f_doble_r04_n024_det_i3,dec-mcts-v4-g9999,reward00,3,,,,,,,,,0.625,15.0,9.0,0.0,0.0,0.0,4.0,58.2315,3.25167,62.1516,55.5074,16.8898,67.5592,3.22543,15,,1.0,58.2314
eval_probe,,prb_f_doble_r04_n024_det_i3,greedy,reward00,1,,,,,,,,,0.333333,8.0,16.0,0.0,0.0,0.0,4.0,51.0275,5.51738,58.9602,47.0,10.8783,43.5131,0.000434043,8,,1.0,51.0275
eval_probe,,prb_f_doble_r04_n024_det_i3,greedy,reward00,2,,,,,,,,,0.333333,8.0,16.0,0.0,0.0,0.0,4.0,51.0275,5.51738,58.9602,47.0,10.902,43.6078,0.000436179,8,,1.0,51.0275
eval_probe,,prb_f_doble_r04_n024_det_i3,greedy,reward00,3,,,,,,,,,0.333333,8.0,16.0,0.0,0.0,0.0,4.0,51.0275,5.51738,58.9602,47.0,10.8783,43.5131,0.000499643,8,,1.0,51.0275
eval_probe,,prb_f_doble_r04_n024_det_i3,random,reward00,1,,,,,,,,,0.333333,8.0,16.0,0.0,0.0,0.0,4.0,52.0372,5.49404,59.2787,46.6065,12.6935,50.7738,0.000361183,8,,1.0,52.0371
eval_probe,,prb_f_doble_r04_n024_det_i3,random,reward00,2,,,,,,,,,0.333333,8.0,16.0,0.0,0.0,0.0,4.0,51.8107,4.06682,55.6065,46.0497,16.0011,64.0045,0.000417529,8,,1.0,51.8107
eval_probe,,prb_f_doble_r04_n024_det_i3,random,reward00,3,,,,,,,,,0.25,6.0,18.0,0.0,0.0,0.0,4.0,51.1954,5.82813,59.6087,47.0,14.4299,57.7197,0.000416422,6,,1.0,51.1954
eval_probe,,prb_f_doble_r04_n024_est_i1,cbaa,reward00,1,,,,,,,,,0.291667,7.0,17.0,0.0,0.0,0.0,4.0,47.8403,32.6467,72.3876,0.0,9.00166,36.0066,0.000477527,10,,0.7,47.8403
eval_probe,,prb_f_doble_r04_n024_est_i1,cbaa,reward00,2,,,,,,,,,0.416667,10.0,14.0,0.0,0.0,0.0,4.0,45.5062,32.0751,75.0942,0.0,13.4003,53.6014,0.000496367,15,,0.666667,45.5062
eval_probe,,prb_f_doble_r04_n024_est_i1,cbaa,reward00,3,,,,,,,,,0.333333,8.0,16.0,0.0,0.0,0.0,4.0,43.3564,29.7536,67.1465,0.0,11.0421,44.1683,0.000422912,10,,0.8,43.3565
eval_probe,,prb_f_doble_r04_n024_est_i1,cbba,reward00,1,,,,,,,,,0.333333,8.0,16.0,0.0,0.0,0.0,4.0,56.8584,10.1661,71.4725,47.9602,11.9042,47.6167,0.00081038,11,,0.727273,56.8584
eval_probe,,prb_f_doble_r04_n024_est_i1,cbba,reward00,2,,,,,,,,,0.5,12.0,12.0,0.0,0.0,0.0,4.0,66.716,12.4542,75.0616,48.6619,15.4998,61.9992,0.00087995,15,,0.8,66.716
eval_probe,,prb_f_doble_r04_n024_est_i1,cbba,reward00,3,,,,,,,,,0.375,9.0,15.0,0.0,0.0,0.0,4.0,57.5423,5.75615,65.1517,51.1642,13.0303,52.1211,0.000817488,12,,0.75,57.5423
eval_probe,,prb_f_doble_r04_n024_est_i1,dec-mcts-v4-g9999,reward00,1,,,,,,,,,0.333333,8.0,16.0,0.0,0.0,0.0,4.0,56.4235,10.3803,71.7439,48.8447,16.239,64.9559,2.41572,11,,0.727273,56.4235
eval_probe,,prb_f_doble_r04_n024_est_i1,dec-mcts-v4-g9999,reward00,2,,,,,,,,,0.5,12.0,12.0,0.0,0.0,0.0,4.0,61.9577,12.0222,76.2639,51.8883,20.2967,81.1868,2.21089,14,,0.857143,61.9577
eval_probe,,prb_f_doble_r04_n024_est_i1,dec-mcts-v4-g9999,reward00,3,,,,,,,,,0.458333,11.0,13.0,0.0,0.0,0.0,4.0,59.5479,6.63358,64.0063,49.6816,19.9169,79.6675,2.30773,14,,0.785714,59.5479
eval_probe,,prb_f_doble_r04_n024_est_i1,greedy,reward00,1,,,,,,,,,0.25,6.0,18.0,0.0,0.0,0.0,4.0,60.51,2.46252,62.3819,57.0038,9.29206,37.1682,0.000258236,7,,0.857143,60.51
eval_probe,,prb_f_doble_r04_n024_est_i1,greedy,reward00,2,,,,,,,,,0.166667,4.0,20.0,0.0,0.0,0.0,4.0,57.7423,6.31912,64.369,51.8862,8.85558,35.4223,0.000244022,5,,0.8,57.7423
eval_probe,,prb_f_doble_r04_n024_est_i1,greedy,reward00,3,,,,,,,,,0.291667,7.0,17.0,0.0,0.0,0.0,4.0,61.8715,8.60713,70.3262,50.2031,13.1919,52.7677,0.0003252,9,,0.777778,61.8715
eval_probe,,prb_f_doble_r04_n024_est_i1,random,reward00,1,,,,,,,,,0.333333,8.0,16.0,0.0,0.0,0.0,4.0,59.7785,6.04165,65.1075,52.54,18.6282,74.5126,0.000364312,9,,0.888889,59.7785
eval_probe,,prb_f_doble_r04_n024_est_i1,random,reward00,2,,,,,,,,,0.166667,4.0,20.0,0.0,0.0,0.0,4.0,59.7231,8.19009,70.3278,52.4378,10.188,40.752,0.000228924,6,,0.666667,59.7231
eval_probe,,prb_f_doble_r04_n024_est_i1,random,reward00,3,,,,,,,,,0.125,3.0,21.0,0.0,0.0,0.0,4.0,60.7583,10.4896,70.3628,50.8633,16.0035,64.014,0.000261832,6,,0.5,60.7583
eval_probe,,prb_f_doble_r04_n024_est_i2,cbaa,reward00,1,,,,,,,,,0.375,9.0,15.0,0.0,0.0,0.0,4.0,52.8627,20.2032,73.5897,26.0846,15.7904,63.1616,0.000412549,14,,0.642857,52.8627
eval_probe,,prb_f_doble_r04_n024_est_i2,cbaa,reward00,2,,,,,,,,,0.291667,7.0,17.0,0.0,0.0,0.0,4.0,55.1649,18.8399,77.4353,31.5277,10.5292,42.1168,0.000402378,11,,0.636364,55.1649
eval_probe,,prb_f_doble_r04_n024_est_i2,cbaa,reward00,3,,,,,,,,,0.333333,8.0,16.0,0.0,0.0,0.0,4.0,66.9825,5.45369,71.2333,59.0708,14.3129,57.2516,0.000543672,13,,0.615385,66.9825
eval_probe,,prb_f_doble_r04_n024_est_i2,cbba,reward00,1,,,,,,,,,0.375,9.0,15.0,0.0,0.0,0.0,4.0,59.1598,10.8447,71.839,49.0552,12.8316,51.3263,0.00066146,12,,0.75,59.1598
eval_probe,,prb_f_doble_r04_n024_est_i2,cbba,reward00,2,,,,,,,,,0.416667,10.0,14.0,0.0,0.0,0.0,4.0,59.9941,8.76694,71.036,49.7908,11.795,47.18,0.000800928,12,,0.833333,59.9941
eval_probe,,prb_f_doble_r04_n024_est_i2,cbba,reward00,3,,,,,,,,,0.375,9.0,15.0,0.0,0.0,0.0,4.0,64.569,9.38435,74.1327,56.0359,12.9643,51.8571,0.000778398,13,,0.692308,64.569
eval_probe,,prb_f_doble_r04_n024_est_i2,dec-mcts-v4-g9999,reward00,1,,,,,,,,,0.291667,7.0,17.0,0.0,0.0,0.0,4.0,59.4377,3.16683,63.9957,56.9154,14.9095,59.6378,2.2466,10,,0.7,59.4377
eval_probe,,prb_f_doble_r04_n024_est_i2,dec-mcts-v4-g9999,reward00,2,,,,,,,,,0.583333,14.0,10.0,0.0,0.0,0.0,4.0,55.5281,8.98116,68.7563,49.606,14.6583,58.6332,2.08332,15,,0.933333,55.5281
eval_probe,,prb_f_doble_r04_n024_est_i2,dec-mcts-v4-g9999,reward00,3,,,,,,,,,0.5,12.0,12.0,0.0,0.0,0.0,4.0,60.6205,8.15182,66.3372,48.969,15.676,62.7039,2.06404,14,,0.857143,60.6205
eval_probe,,prb_f_doble_r04_n024_est_i2,greedy,reward00,1,,,,,,,,,0.333333,8.0,16.0,0.0,0.0,0.0,4.0,55.8381,2.48672,59.1836,53.3697,10.094,40.3761,0.000291032,9,,0.888889,55.8381
eval_probe,,prb_f_doble_r04_n024_est_i2,greedy,reward00,2,,,,,,,,,0.375,9.0,15.0,0.0,0.0,0.0,4.0,54.7672,4.98834,61.95,50.3964,11.2246,44.8986,0.00030705,9,,1.0,54.7673
eval_probe,,prb_f_doble_r04_n024_est_i2,greedy,reward00,3,,,,,,,,,0.208333,5.0,19.0,0.0,0.0,0.0,4.0,54.988,4.58996,61.8084,51.8695,8.78732,35.1493,0.000229585,7,,0.714286,54.988
eval_probe,,prb_f_doble_r04_n024_est_i2,random,reward00,1,,,,,,,,,0.125,3.0,21.0,0.0,0.0,0.0,4.0,52.7162,5.19171,60.0575,47.9956,15.3495,61.3981,0.000253412,5,,0.6,52.7162
eval_probe,,prb_f_doble_r04_n024_est_i2,random,reward00,2,,,,,,,,,0.333333,8.0,16.0,0.0,0.0,0.0,4.0,64.9098,11.5288,80.649,54.4887,15.6541,62.6164,0.000317973,9,,0.888889,64.9099
eval_probe,,prb_f_doble_r04_n024_est_i2,random,reward00,3,,,,,,,,,0.333333,8.0,16.0,0.0,0.0,0.0,4.0,65.3356,17.9403,89.9444,48.0097,18.6349,74.5396,0.000294558,10,,0.8,65.3357
eval_probe,,prb_f_doble_r04_n024_est_i3,cbaa,reward00,1,,,,,,,,,0.291667,7.0,17.0,0.0,0.0,0.0,4.0,64.4102,5.05702,69.4441,58.0949,14.675,58.7002,0.000616907,13,,0.538462,64.4102
eval_probe,,prb_f_doble_r04_n024_est_i3,cbaa,reward00,2,,,,,,,,,0.416667,10.0,14.0,0.0,0.0,0.0,4.0,68.3357,10.6098,79.6781,54.3406,14.5553,58.2212,0.000900891,14,,0.714286,68.3357
eval_probe,,prb_f_doble_r04_n024_est_i3,cbaa,reward00,3,,,,,,,,,0.291667,7.0,17.0,0.0,0.0,0.0,4.0,59.8522,6.24238,69.1191,55.6474,12.19,48.7598,0.000609391,13,,0.538462,59.8522
eval_probe,,prb_f_doble_r04_n024_est_i3,cbba,reward00,1,,,,,,,,,0.375,9.0,15.0,0.0,0.0,0.0,4.0,66.5093,5.20846,74.149,62.426,13.004,52.0158,0.00114521,13,,0.692308,66.5093
eval_probe,,prb_f_doble_r04_n024_est_i3,cbba,reward00,2,,,,,,,,,0.416667,10.0,14.0,0.0,0.0,0.0,4.0,63.9424,7.55803,72.2052,54.8053,12.8034,51.2134,0.00109936,11,,0.909091,63.9424
eval_probe,,prb_f_doble_r04_n024_est_i3,cbba,reward00,3,,,,,,,,,0.666667,16.0,8.0,0.0,0.0,0.0,4.0,70.6464,3.53311,73.1397,65.4221,20.7614,83.0456,0.00140468,18,,0.888889,70.6463
eval_probe,,prb_f_doble_r04_n024_est_i3,dec-mcts-v4-g9999,reward00,1,,,,,,,,,0.375,9.0,15.0,0.0,0.0,0.0,4.0,70.1073,16.6727,94.5135,57.5573,17.0045,68.0181,3.70875,13,,0.692308,70.1073
eval_probe,,prb_f_doble_r04_n024_est_i3,dec-mcts-v4-g9999,reward00,2,,,,,,,,,0.375,9.0,15.0,0.0,0.0,0.0,4.0,60.3332,7.92368,67.2766,53.1126,17.2558,69.0231,3.49007,12,,0.75,60.3332
eval_probe,,prb_f_doble_r04_n024_est_i3,dec-mcts-v4-g9999,reward00,3,,,,,,,,,0.375,9.0,15.0,0.0,0.0,0.0,4.0,60.4855,6.55852,69.1495,54.1981,17.2916,69.1663,3.29986,12,,0.75,60.4855
eval_probe,,prb_f_doble_r04_n024_est_i3,greedy,reward00,1,,,,,,,,,0.166667,4.0,20.0,0.0,0.0,0.0,4.0,64.8523,14.6277,85.1827,50.8657,10.2457,40.9829,0.000608855,9,,0.444444,64.8523
eval_probe,,prb_f_doble_r04_n024_est_i3,greedy,reward00,2,,,,,,,,,0.333333,8.0,16.0,0.0,0.0,0.0,4.0,61.5068,2.24382,64.7017,59.8155,9.31814,37.2725,0.000633928,9,,0.888889,61.5068
eval_probe,,prb_f_doble_r04_n024_est_i3,greedy,reward00,3,,,,,,,,,0.208333,5.0,19.0,0.0,0.0,0.0,4.0,66.1826,9.73816,74.7778,56.219,9.41552,37.6621,0.00054592,8,,0.625,66.1826
eval_probe,,prb_f_doble_r04_n024_est_i3,random,reward00,1,,,,,,,,,0.291667,7.0,17.0,0.0,0.0,0.0,4.0,60.322,4.47306,66.648,56.4397,14.5441,58.1765,0.000660232,9,,0.777778,60.322
eval_probe,,prb_f_doble_r04_n024_est_i3,random,reward00,2,,,,,,,,,0.208333,5.0,19.0,0.0,0.0,0.0,4.0,58.0819,3.71393,61.9538,54.0134,19.8424,79.3695,0.000600902,8,,0.625,58.0819
eval_probe,,prb_f_doble_r04_n024_est_i3,random,reward00,3,,,,,,,,,0.166667,4.0,20.0,0.0,0.0,0.0,4.0,77.0204,16.0598,95.8082,59.4914,16.399,65.596,0.00060489,7,,0.571429,77.0204
eval_probe,,prb_f_doble_r08_n048_det_i1,cbaa,reward00,1,,,,,,,,,0.5625,27.0,21.0,0.0,0.0,0.0,8.0,44.2751,17.5096,62.0069,16.0,10.4517,83.6133,0.001874,27,,1.0,44.2751
eval_probe,,prb_f_doble_r08_n048_det_i1,cbaa,reward00,2,,,,,,,,,0.5625,27.0,21.0,0.0,0.0,0.0,8.0,44.2751,17.5096,62.0069,16.0,10.4517,83.6133,0.00234179,27,,1.0,44.2751
eval_probe,,prb_f_doble_r08_n048_det_i1,cbaa,reward00,3,,,,,,,,,0.5625,27.0,21.0,0.0,0.0,0.0,8.0,44.2751,17.5096,62.0069,16.0,10.4517,83.6133,0.00171241,27,,1.0,44.2751
eval_probe,,prb_f_doble_r08_n048_det_i1,cbba,reward00,1,,,,,,,,,0.708333,34.0,14.0,0.0,0.0,0.0,8.0,56.6342,6.37826,64.7687,46.113,14.0607,112.486,0.0122784,34,,1.0,56.6342
eval_probe,,prb_f_doble_r08_n048_det_i1,cbba,reward00,2,,,,,,,,,0.708333,34.0,14.0,0.0,0.0,0.0,8.0,56.5835,6.40585,64.7687,46.113,14.01,112.08,0.00959213,34,,1.0,56.5835
eval_probe,,prb_f_doble_r08_n048_det_i1,cbba,reward00,3,,,,,,,,,0.708333,34.0,14.0,0.0,0.0,0.0,8.0,56.6342,6.37826,64.7687,46.113,14.0607,112.486,0.00902531,34,,1.0,56.6342
eval_probe,,prb_f_doble_r08_n048_det_i1,dec-mcts-v4-g9999,reward00,1,,,,,,,,,0.666667,32.0,16.0,0.0,0.0,0.0,8.0,56.2222,4.82208,64.5937,49.2593,15.7013,125.611,17.5223,32,,1.0,56.2222
eval_probe,,prb_f_doble_r08_n048_det_i1,dec-mcts-v4-g9999,reward00,2,,,,,,,,,0.666667,32.0,16.0,0.0,0.0,0.0,8.0,57.7086,3.54277,62.78,52.1999,16.3754,131.003,17.2382,32,,1.0,57.7086
eval_probe,,prb_f_doble_r08_n048_det_i1,dec-mcts-v4-g9999,reward00,3,,,,,,,,,0.6875,33.0,15.0,0.0,0.0,0.0,8.0,57.5683,5.94108,66.8786,50.6444,14.9727,119.781,17.9874,33,,1.0,57.5683
eval_probe,,prb_f_doble_r08_n048_det_i1,greedy,reward00,1,,,,,,,,,0.375,18.0,30.0,0.0,0.0,0.0,8.0,52.1705,6.36432,61.4965,46.0,9.62611,77.0089,0.000954196,18,,1.0,52.1705
eval_probe,,prb_f_doble_r08_n048_det_i1,greedy,reward00,2,,,,,,,,,0.375,18.0,30.0,0.0,0.0,0.0,8.0,52.1705,6.36432,61.4965,46.0,9.62611,77.0089,0.00111494,18,,1.0,52.1705
eval_probe,,prb_f_doble_r08_n048_det_i1,greedy,reward00,3,,,,,,,,,0.375,18.0,30.0,0.0,0.0,0.0,8.0,52.1705,6.36432,61.4965,46.0,9.62611,77.0089,0.00145359,18,,1.0,52.1705
eval_probe,,prb_f_doble_r08_n048_det_i1,random,reward00,1,,,,,,,,,0.291667,14.0,34.0,0.0,0.0,0.0,8.0,51.5512,4.72018,58.6028,45.6065,14.4476,115.581,0.000865971,14,,1.0,51.5512
eval_probe,,prb_f_doble_r08_n048_det_i1,random,reward00,2,,,,,,,,,0.416667,20.0,28.0,0.0,0.0,0.0,8.0,54.9306,5.53385,61.3353,45.6065,16.7361,133.889,0.00114156,20,,1.0,54.9306
eval_probe,,prb_f_doble_r08_n048_det_i1,random,reward00,3,,,,,,,,,0.333333,16.0,32.0,0.0,0.0,0.0,8.0,51.3374,6.09531,61.119,44.32,14.6878,117.502,0.00100585,16,,1.0,51.3374
eval_probe,,prb_f_doble_r08_n048_det_i2,cbaa,reward00,1,,,,,,,,,0.479167,23.0,25.0,0.0,0.0,0.0,8.0,36.7824,31.4775,64.8555,0.0,7.67276,61.3821,0.0026101,23,,1.0,36.7824
eval_probe,,prb_f_doble_r08_n048_det_i2,cbaa,reward00,2,,,,,,,,,0.479167,23.0,25.0,0.0,0.0,0.0,8.0,36.7824,31.4775,64.8555,0.0,7.67276,61.3821,0.00246839,23,,1.0,36.7824
eval_probe,,prb_f_doble_r08_n048_det_i2,cbaa,reward00,3,,,,,,,,,0.479167,23.0,25.0,0.0,0.0,0.0,8.0,36.7824,31.4775,64.8555,0.0,7.67276,61.3821,0.00154905,23,,1.0,36.7824
eval_probe,,prb_f_doble_r08_n048_det_i2,cbba,reward00,1,,,,,,,,,0.6875,33.0,15.0,0.0,0.0,0.0,8.0,54.8443,5.90685,63.649,45.1034,11.2609,90.0875,0.0114141,33,,1.0,54.8443
eval_probe,,prb_f_doble_r08_n048_det_i2,cbba,reward00,2,,,,,,,,,0.6875,33.0,15.0,0.0,0.0,0.0,8.0,54.8443,5.90685,63.649,45.1034,11.2609,90.0875,0.0114344,33,,1.0,54.8443
eval_probe,,prb_f_doble_r08_n048_det_i2,cbba,reward00,3,,,,,,,,,0.6875,33.0,15.0,0.0,0.0,0.0,8.0,54.8443,5.90685,63.649,45.1034,11.2609,90.0875,0.011733,33,,1.0,54.8443
eval_probe,,prb_f_doble_r08_n048_det_i2,dec-mcts-v4-g9999,reward00,1,,,,,,,,,0.708333,34.0,14.0,0.0,0.0,0.0,8.0,59.3395,4.09032,65.3595,54.0034,15.1859,121.487,22.3776,34,,1.0,59.3395
eval_probe,,prb_f_doble_r08_n048_det_i2,dec-mcts-v4-g9999,reward00,2,,,,,,,,,0.6875,33.0,15.0,0.0,0.0,0.0,8.0,57.3186,4.29081,65.8718,52.3214,13.8976,111.181,18.967,33,,1.0,57.3186
eval_probe,,prb_f_doble_r08_n048_det_i2,dec-mcts-v4-g9999,reward00,3,,,,,,,,,0.6875,33.0,15.0,0.0,0.0,0.0,8.0,58.7365,4.43748,66.2194,54.6397,14.3873,115.099,19.7348,33,,1.0,58.7364
eval_probe,,prb_f_doble_r08_n048_det_i2,greedy,reward00,1,,,,,,,,,0.333333,16.0,32.0,0.0,0.0,0.0,8.0,56.2189,3.61597,60.1969,52.1697,10.3726,82.9811,0.00141291,16,,1.0,56.2189
eval_probe,,prb_f_doble_r08_n048_det_i2,greedy,reward00,2,,,,,,,,,0.333333,16.0,32.0,0.0,0.0,0.0,8.0,56.2189,3.61597,60.1969,52.1697,10.3726,82.9811,0.00128619,16,,1.0,56.2189
eval_probe,,prb_f_doble_r08_n048_det_i2,greedy,reward00,3,,,,,,,,,0.333333,16.0,32.0,0.0,0.0,0.0,8.0,56.2189,3.61597,60.1969,52.1697,10.3726,82.9811,0.00208861,16,,1.0,56.2189
eval_probe,,prb_f_doble_r08_n048_det_i2,random,reward00,1,,,,,,,,,0.375,18.0,30.0,0.0,0.0,0.0,8.0,56.2734,3.25559,61.8672,53.0,17.2337,137.869,0.00141925,18,,1.0,56.2734
eval_probe,,prb_f_doble_r08_n048_det_i2,random,reward00,2,,,,,,,,,0.3125,15.0,33.0,0.0,0.0,0.0,8.0,55.3708,4.01247,60.5098,48.18,14.24,113.92,0.00129884,15,,1.0,55.3708
eval_probe,,prb_f_doble_r08_n048_det_i2,random,reward00,3,,,,,,,,,0.354167,17.0,31.0,0.0,0.0,0.0,8.0,56.6054,3.40421,62.8264,53.1231,14.6686,117.349,0.00141241,17,,1.0,56.6054
eval_probe,,prb_f_doble_r08_n048_det_i3,cbaa,reward00,1,,,,,,,,,0.375,18.0,30.0,0.0,0.0,0.0,8.0,28.5274,30.7221,62.0131,0.0,5.97096,47.7677,0.00276033,18,,1.0,28.5274
eval_probe,,prb_f_doble_r08_n048_det_i3,cbaa,reward00,2,,,,,,,,,0.375,18.0,30.0,0.0,0.0,0.0,8.0,28.5274,30.7221,62.0131,0.0,5.97096,47.7677,0.00207837,18,,1.0,28.5274
eval_probe,,prb_f_doble_r08_n048_det_i3,cbaa,reward00,3,,,,,,,,,0.375,18.0,30.0,0.0,0.0,0.0,8.0,28.5274,30.7221,62.0131,0.0,5.97096,47.7677,0.00214046,18,,1.0,28.5274
eval_probe,,prb_f_doble_r08_n048_det_i3,cbba,reward00,1,,,,,,,,,0.666667,32.0,16.0,0.0,0.0,0.0,8.0,55.8118,3.87033,60.9468,50.2731,13.1232,104.985,0.0147785,32,,1.0,55.8118
eval_probe,,prb_f_doble_r08_n048_det_i3,cbba,reward00,2,,,,,,,,,0.666667,32.0,16.0,0.0,0.0,0.0,8.0,55.8118,3.87033,60.9468,50.2731,13.1232,104.985,0.0162717,32,,1.0,55.8118
eval_probe,,prb_f_doble_r08_n048_det_i3,cbba,reward00,3,,,,,,,,,0.666667,32.0,16.0,0.0,0.0,0.0,8.0,55.8118,3.87033,60.9468,50.2731,13.1232,104.985,0.0151961,32,,1.0,55.8118
eval_probe,,prb_f_doble_r08_n048_det_i3,dec-mcts-v4-g9999,reward00,1,,,,,,,,,0.666667,32.0,16.0,0.0,0.0,0.0,8.0,57.988,4.45517,63.8303,52.7468,16.1962,129.569,22.7276,32,,1.0,57.988
eval_probe,,prb_f_doble_r08_n048_det_i3,dec-mcts-v4-g9999,reward00,2,,,,,,,,,0.666667,32.0,16.0,0.0,0.0,0.0,8.0,58.1567,2.08434,61.9024,55.0322,15.9875,127.9,24.0708,32,,1.0,58.1567
eval_probe,,prb_f_doble_r08_n048_det_i3,dec-mcts-v4-g9999,reward00,3,,,,,,,,,0.645833,31.0,17.0,0.0,0.0,0.0,8.0,59.2931,3.7497,64.3811,53.745,17.9408,143.526,19.5632,31,,1.0,59.2931
eval_probe,,prb_f_doble_r08_n048_det_i3,greedy,reward00,1,,,,,,,,,0.3125,15.0,33.0,0.0,0.0,0.0,8.0,53.8481,5.07657,59.8956,48.0,8.71666,69.7333,0.00289936,15,,1.0,53.8481
eval_probe,,prb_f_doble_r08_n048_det_i3,greedy,reward00,2,,,,,,,,,0.3125,15.0,33.0,0.0,0.0,0.0,8.0,53.8481,5.07657,59.8956,48.0,8.71666,69.7333,0.0022344,15,,1.0,53.8481
eval_probe,,prb_f_doble_r08_n048_det_i3,greedy,reward00,3,,,,,,,,,0.3125,15.0,33.0,0.0,0.0,0.0,8.0,53.8481,5.07657,59.8956,48.0,8.71666,69.7333,0.00155837,15,,1.0,53.8481
eval_probe,,prb_f_doble_r08_n048_det_i3,random,reward00,1,,,,,,,,,0.25,12.0,36.0,0.0,0.0,0.0,8.0,52.374,3.26837,58.1776,48.0,15.5084,124.067,0.00118581,12,,1.0,52.374
eval_probe,,prb_f_doble_r08_n048_det_i3,random,reward00,2,,,,,,,,,0.354167,17.0,31.0,0.0,0.0,0.0,8.0,52.7475,2.24257,56.831,49.9133,20.069,160.552,0.00154306,17,,1.0,52.7475
eval_probe,,prb_f_doble_r08_n048_det_i3,random,reward00,3,,,,,,,,,0.270833,13.0,35.0,0.0,0.0,0.0,8.0,53.4902,3.72894,61.8537,49.9133,16.3818,131.054,0.00272704,13,,1.0,53.4902
eval_probe,,prb_f_doble_r08_n048_est_i1,cbaa,reward00,1,,,,,,,,,0.375,18.0,30.0,0.0,0.0,0.0,8.0,53.2083,22.1181,71.65,0.0,11.8838,95.0706,0.00236505,26,,0.692308,53.2083
eval_probe,,prb_f_doble_r08_n048_est_i1,cbaa,reward00,2,,,,,,,,,0.229167,11.0,37.0,0.0,0.0,0.0,8.0,49.9436,21.2959,73.1594,0.0,9.86211,78.8969,0.00200105,19,,0.578947,49.9436
eval_probe,,prb_f_doble_r08_n048_est_i1,cbaa,reward00,3,,,,,,,,,0.458333,22.0,26.0,0.0,0.0,0.0,8.0,52.4824,22.8177,76.8767,0.0,11.5577,92.4615,0.00266365,27,,0.814815,52.4824
eval_probe,,prb_f_doble_r08_n048_est_i1,cbba,reward00,1,,,,,,,,,0.4375,21.0,27.0,0.0,0.0,0.0,8.0,57.5203,6.24143,68.0794,50.1782,11.216,89.7281,0.00845087,26,,0.807692,57.5203
eval_probe,,prb_f_doble_r08_n048_est_i1,cbba,reward00,2,,,,,,,,,0.479167,23.0,25.0,0.0,0.0,0.0,8.0,58.3832,8.74215,68.73,48.0426,12.3391,98.7128,0.00872077,29,,0.793103,58.3832
eval_probe,,prb_f_doble_r08_n048_est_i1,cbba,reward00,3,,,,,,,,,0.375,18.0,30.0,0.0,0.0,0.0,8.0,61.4712,8.46797,76.4801,52.7617,12.5051,100.04,0.00863291,27,,0.666667,61.4712
eval_probe,,prb_f_doble_r08_n048_est_i1,dec-mcts-v4-g9999,reward00,1,,,,,,,,,0.333333,16.0,32.0,0.0,0.0,0.0,8.0,58.2173,8.23506,73.6828,48.902,13.9076,111.261,26.1495,23,,0.695652,58.2173
eval_probe,,prb_f_doble_r08_n048_est_i1,dec-mcts-v4-g9999,reward00,2,,,,,,,,,0.375,18.0,30.0,0.0,0.0,0.0,8.0,54.1805,6.23976,65.9535,45.9983,15.4339,123.471,23.8879,25,,0.72,54.1805
eval_probe,,prb_f_doble_r08_n048_est_i1,dec-mcts-v4-g9999,reward00,3,,,,,,,,,0.395833,19.0,29.0,0.0,0.0,0.0,8.0,58.063,5.74674,63.9393,48.365,17.5894,140.715,22.3359,25,,0.76,58.063
eval_probe,,prb_f_doble_r08_n048_est_i1,greedy,reward00,1,,,,,,,,,0.208333,10.0,38.0,0.0,0.0,0.0,8.0,59.2215,11.7876,84.5861,50.9765,9.74129,77.9303,0.00121183,13,,0.769231,59.2215
eval_probe,,prb_f_doble_r08_n048_est_i1,greedy,reward00,2,,,,,,,,,0.166667,8.0,40.0,0.0,0.0,0.0,8.0,59.9257,7.68771,70.6244,50.884,9.62663,77.0131,0.00138989,15,,0.533333,59.9257
eval_probe,,prb_f_doble_r08_n048_est_i1,greedy,reward00,3,,,,,,,,,0.270833,13.0,35.0,0.0,0.0,0.0,8.0,61.7709,5.46024,69.5795,52.9133,8.19103,65.5282,0.00146961,17,,0.764706,61.7709
eval_probe,,prb_f_doble_r08_n048_est_i1,random,reward00,1,,,,,,,,,0.270833,13.0,35.0,0.0,0.0,0.0,8.0,62.3254,7.28278,73.1099,52.9133,13.2027,105.622,0.00101619,14,,0.928571,62.3254
eval_probe,,prb_f_doble_r08_n048_est_i1,random,reward00,2,,,,,,,,,0.208333,10.0,38.0,0.0,0.0,0.0,8.0,61.9444,6.64368,74.1722,52.8697,16.6249,132.999,0.00144418,16,,0.625,61.9444
eval_probe,,prb_f_doble_r08_n048_est_i1,random,reward00,3,,,,,,,,,0.145833,7.0,41.0,0.0,0.0,0.0,8.0,58.9846,5.56762,68.5045,52.8697,11.0776,88.6211,0.00122497,12,,0.583333,58.9846
eval_probe,,prb_f_doble_r08_n048_est_i2,cbaa,reward00,1,,,,,,,,,0.354167,17.0,31.0,0.0,0.0,0.0,8.0,64.7588,8.94098,74.0952,48.8143,11.3041,90.4328,0.00152288,29,,0.586207,64.7588
eval_probe,,prb_f_doble_r08_n048_est_i2,cbaa,reward00,2,,,,,,,,,0.333333,16.0,32.0,0.0,0.0,0.0,8.0,61.2967,10.6218,81.4578,52.6576,10.9631,87.7047,0.00128908,26,,0.615385,61.2967
eval_probe,,prb_f_doble_r08_n048_est_i2,cbaa,reward00,3,,,,,,,,,0.333333,16.0,32.0,0.0,0.0,0.0,8.0,60.8719,9.04815,76.5168,49.3334,9.9186,79.3488,0.00184144,24,,0.666667,60.8719
eval_probe,,prb_f_doble_r08_n048_est_i2,cbba,reward00,1,,,,,,,,,0.4375,21.0,27.0,0.0,0.0,0.0,8.0,62.2163,13.6392,92.9755,50.8639,10.7773,86.2182,0.00620276,29,,0.724138,62.2163
eval_probe,,prb_f_doble_r08_n048_est_i2,cbba,reward00,2,,,,,,,,,0.333333,16.0,32.0,0.0,0.0,0.0,8.0,60.165,8.92372,71.728,50.2372,12.0453,96.3623,0.0078737,28,,0.571429,60.165
eval_probe,,prb_f_doble_r08_n048_est_i2,cbba,reward00,3,,,,,,,,,0.4375,21.0,27.0,0.0,0.0,0.0,8.0,57.9379,8.06757,70.413,50.2807,12.2125,97.6998,0.00836192,33,,0.636364,57.9378
eval_probe,,prb_f_doble_r08_n048_est_i2,dec-mcts-v4-g9999,reward00,1,,,,,,,,,0.395833,19.0,29.0,0.0,0.0,0.0,8.0,57.4925,6.0069,67.2012,48.1337,15.479,123.832,20.0086,24,,0.791667,57.4925
eval_probe,,prb_f_doble_r08_n048_est_i2,dec-mcts-v4-g9999,reward00,2,,,,,,,,,0.354167,17.0,31.0,0.0,0.0,0.0,8.0,61.0513,11.9847,80.7717,48.6822,13.6547,109.238,20.5594,23,,0.73913,61.0513
eval_probe,,prb_f_doble_r08_n048_est_i2,dec-mcts-v4-g9999,reward00,3,,,,,,,,,0.395833,19.0,29.0,0.0,0.0,0.0,8.0,60.2511,9.56904,74.8691,50.7356,14.437,115.496,20.4433,23,,0.826087,60.2511
eval_probe,,prb_f_doble_r08_n048_est_i2,greedy,reward00,1,,,,,,,,,0.354167,17.0,31.0,0.0,0.0,0.0,8.0,60.16,4.71849,67.9202,52.8117,8.76878,70.1502,0.00152838,21,,0.809524,60.16
eval_probe,,prb_f_doble_r08_n048_est_i2,greedy,reward00,2,,,,,,,,,0.3125,15.0,33.0,0.0,0.0,0.0,8.0,61.1087,8.20394,74.4502,50.8331,8.99675,71.974,0.00129947,17,,0.882353,61.1087
eval_probe,,prb_f_doble_r08_n048_est_i2,greedy,reward00,3,,,,,,,,,0.3125,15.0,33.0,0.0,0.0,0.0,8.0,58.768,9.73729,73.9425,49.2485,8.71012,69.681,0.0013495,17,,0.882353,58.768
eval_probe,,prb_f_doble_r08_n048_est_i2,random,reward00,1,,,,,,,,,0.208333,10.0,38.0,0.0,0.0,0.0,8.0,58.5548,6.47065,67.8861,50.8331,17.7999,142.399,0.00146564,15,,0.666667,58.5549
eval_probe,,prb_f_doble_r08_n048_est_i2,random,reward00,2,,,,,,,,,0.333333,16.0,32.0,0.0,0.0,0.0,8.0,58.2394,7.44619,73.1884,49.7178,13.1198,104.958,0.00130085,17,,0.941176,58.2393
eval_probe,,prb_f_doble_r08_n048_est_i2,random,reward00,3,,,,,,,,,0.25,12.0,36.0,0.0,0.0,0.0,8.0,56.4145,8.56111,75.8993,50.5,17.256,138.048,0.00135834,17,,0.705882,56.4145
eval_probe,,prb_f_doble_r08_n048_est_i3,cbaa,reward00,1,,,,,,,,,0.541667,26.0,22.0,0.0,0.0,0.0,8.0,62.2911,12.0213,77.2009,50.4222,13.3474,106.779,0.00145188,32,,0.8125,62.2911
eval_probe,,prb_f_doble_r08_n048_est_i3,cbaa,reward00,2,,,,,,,,,0.458333,22.0,26.0,0.0,0.0,0.0,8.0,55.5278,5.32539,62.7239,48.6515,11.8477,94.7819,0.00130859,25,,0.88,55.5278
eval_probe,,prb_f_doble_r08_n048_est_i3,cbaa,reward00,3,,,,,,,,,0.458333,22.0,26.0,0.0,0.0,0.0,8.0,60.4786,7.6593,73.3438,53.0981,12.6821,101.457,0.00165336,27,,0.814815,60.4786
eval_probe,,prb_f_doble_r08_n048_est_i3,cbba,reward00,1,,,,,,,,,0.458333,22.0,26.0,0.0,0.0,0.0,8.0,55.7735,3.77841,60.7732,50.8748,12.0977,96.782,0.00641609,27,,0.814815,55.7735
eval_probe,,prb_f_doble_r08_n048_est_i3,cbba,reward00,2,,,,,,,,,0.416667,20.0,28.0,0.0,0.0,0.0,8.0,59.3118,9.66179,75.0565,49.5228,11.9491,95.5926,0.00672901,30,,0.666667,59.3118
eval_probe,,prb_f_doble_r08_n048_est_i3,cbba,reward00,3,,,,,,,,,0.354167,17.0,31.0,0.0,0.0,0.0,8.0,58.9018,7.63212,71.8951,49.6887,11.6394,93.1155,0.00533085,25,,0.68,58.9018
eval_probe,,prb_f_doble_r08_n048_est_i3,dec-mcts-v4-g9999,reward00,1,,,,,,,,,0.375,18.0,30.0,0.0,0.0,0.0,8.0,59.8286,12.706,88.0808,51.2575,14.9089,119.271,22.6401,24,,0.75,59.8286
eval_probe,,prb_f_doble_r08_n048_est_i3,dec-mcts-v4-g9999,reward00,2,,,,,,,,,0.375,18.0,30.0,0.0,0.0,0.0,8.0,62.5886,8.41362,74.7329,49.0341,15.5077,124.061,21.2299,23,,0.782609,62.5886
eval_probe,,prb_f_doble_r08_n048_est_i3,dec-mcts-v4-g9999,reward00,3,,,,,,,,,0.416667,20.0,28.0,0.0,0.0,0.0,8.0,57.0314,6.26628,66.2352,50.0529,17.1758,137.406,20.7066,24,,0.833333,57.0314
eval_probe,,prb_f_doble_r08_n048_est_i3,greedy,reward00,1,,,,,,,,,0.416667,20.0,28.0,0.0,0.0,0.0,8.0,61.6414,6.86251,72.8442,50.8433,12.9171,103.337,0.00132684,24,,0.833333,61.6414
eval_probe,,prb_f_doble_r08_n048_est_i3,greedy,reward00,2,,,,,,,,,0.416667,20.0,28.0,0.0,0.0,0.0,8.0,63.4164,7.92925,76.7586,53.2889,12.0995,96.7962,0.00115342,24,,0.833333,63.4164
eval_probe,,prb_f_doble_r08_n048_est_i3,greedy,reward00,3,,,,,,,,,0.25,12.0,36.0,0.0,0.0,0.0,8.0,59.4833,4.23831,64.1138,52.9333,11.3462,90.7698,0.000861271,18,,0.666667,59.4833
eval_probe,,prb_f_doble_r08_n048_est_i3,random,reward00,1,,,,,,,,,0.229167,11.0,37.0,0.0,0.0,0.0,8.0,61.4242,12.3798,85.7699,50.28,19.7557,158.045,0.00103669,15,,0.733333,61.4242
eval_probe,,prb_f_doble_r08_n048_est_i3,random,reward00,2,,,,,,,,,0.291667,14.0,34.0,0.0,0.0,0.0,8.0,60.6831,7.26759,75.0882,52.1539,11.7927,94.3413,0.000779918,16,,0.875,60.6831
eval_probe,,prb_f_doble_r08_n048_est_i3,random,reward00,3,,,,,,,,,0.3125,15.0,33.0,0.0,0.0,0.0,8.0,53.8965,6.34182,67.9513,47.5814,18.709,149.672,0.00131825,16,,0.9375,53.8965
eval_probe,,prb_f_igual_r04_n024_det_i1,cbaa,reward00,1,,,,,,,,,0.583333,14.0,10.0,0.0,0.0,0.0,4.0,51.4962,5.3632,57.864,44.8928,11.8194,47.2777,0.000847299,14,,1.0,51.4962
eval_probe,,prb_f_igual_r04_n024_det_i1,cbaa,reward00,2,,,,,,,,,0.583333,14.0,10.0,0.0,0.0,0.0,4.0,51.4962,5.3632,57.864,44.8928,11.8194,47.2777,0.000889837,14,,1.0,51.4962
eval_probe,,prb_f_igual_r04_n024_det_i1,cbaa,reward00,3,,,,,,,,,0.583333,14.0,10.0,0.0,0.0,0.0,4.0,51.4962,5.3632,57.864,44.8928,11.8194,47.2777,0.000616796,14,,1.0,51.4962
eval_probe,,prb_f_igual_r04_n024_det_i1,cbba,reward00,1,,,,,,,,,0.625,15.0,9.0,0.0,0.0,0.0,4.0,56.3142,7.44891,64.5456,46.6331,16.7928,67.1713,0.00245144,15,,1.0,56.3143
eval_probe,,prb_f_igual_r04_n024_det_i1,cbba,reward00,2,,,,,,,,,0.625,15.0,9.0,0.0,0.0,0.0,4.0,56.3142,7.44891,64.5456,46.6331,16.7928,67.1713,0.00184297,15,,1.0,56.3143
eval_probe,,prb_f_igual_r04_n024_det_i1,cbba,reward00,3,,,,,,,,,0.625,15.0,9.0,0.0,0.0,0.0,4.0,56.3142,7.44891,64.5456,46.6331,16.7928,67.1713,0.00187578,15,,1.0,56.3143
eval_probe,,prb_f_igual_r04_n024_det_i1,dec-mcts-v4-g9999,reward00,1,,,,,,,,,0.666667,16.0,8.0,0.0,0.0,0.0,4.0,58.7126,0.741232,59.3393,57.864,15.9447,63.7787,3.39651,16,,1.0,58.7126
eval_probe,,prb_f_igual_r04_n024_det_i1,dec-mcts-v4-g9999,reward00,2,,,,,,,,,0.583333,14.0,10.0,0.0,0.0,0.0,4.0,55.5706,4.87541,62.7275,52.3233,16.8667,67.4669,3.13726,14,,1.0,55.5705
eval_probe,,prb_f_igual_r04_n024_det_i1,dec-mcts-v4-g9999,reward00,3,,,,,,,,,0.625,15.0,9.0,0.0,0.0,0.0,4.0,57.26,4.73164,63.3682,52.6412,16.0571,64.2286,2.93881,15,,1.0,57.26
eval_probe,,prb_f_igual_r04_n024_det_i1,greedy,reward00,1,,,,,,,,,0.458333,11.0,13.0,0.0,0.0,0.0,4.0,54.1109,5.39858,61.734,49.9997,12.2567,49.0267,0.000676427,11,,1.0,54.1109
eval_probe,,prb_f_igual_r04_n024_det_i1,greedy,reward00,2,,,,,,,,,0.458333,11.0,13.0,0.0,0.0,0.0,4.0,54.1109,5.39858,61.734,49.9997,12.2567,49.0267,0.000734511,11,,1.0,54.1109
eval_probe,,prb_f_igual_r04_n024_det_i1,greedy,reward00,3,,,,,,,,,0.458333,11.0,13.0,0.0,0.0,0.0,4.0,54.1109,5.39858,61.734,49.9997,12.2567,49.0267,0.000735954,11,,1.0,54.1109
eval_probe,,prb_f_igual_r04_n024_det_i1,random,reward00,1,,,,,,,,,0.291667,7.0,17.0,0.0,0.0,0.0,4.0,51.4365,2.38669,55.0,49.9997,29.0814,116.326,0.000413277,7,,1.0,51.4365
eval_probe,,prb_f_igual_r04_n024_det_i1,random,reward00,2,,,,,,,,,0.333333,8.0,16.0,0.0,0.0,0.0,4.0,56.4389,4.35017,61.584,52.1697,15.8956,63.5825,0.000391594,8,,1.0,56.4389
eval_probe,,prb_f_igual_r04_n024_det_i1,random,reward00,3,,,,,,,,,0.333333,8.0,16.0,0.0,0.0,0.0,4.0,52.7907,2.92266,55.61,49.9997,18.6652,74.6608,0.000638738,8,,1.0,52.7907
eval_probe,,prb_f_igual_r04_n024_det_i2,cbaa,reward00,1,,,,,,,,,0.541667,13.0,11.0,0.0,0.0,0.0,4.0,44.4982,16.9178,54.3694,19.1667,11.5406,46.1625,0.000899488,13,,1.0,44.4982
eval_probe,,prb_f_igual_r04_n024_det_i2,cbaa,reward00,2,,,,,,,,,0.541667,13.0,11.0,0.0,0.0,0.0,4.0,44.4982,16.9178,54.3694,19.1667,11.5406,46.1625,0.000547187,13,,1.0,44.4982
eval_probe,,prb_f_igual_r04_n024_det_i2,cbaa,reward00,3,,,,,,,,,0.541667,13.0,11.0,0.0,0.0,0.0,4.0,44.4982,16.9178,54.3694,19.1667,11.5406,46.1625,0.00070924,13,,1.0,44.4982
eval_probe,,prb_f_igual_r04_n024_det_i2,cbba,reward00,1,,,,,,,,,0.625,15.0,9.0,0.0,0.0,0.0,4.0,51.4148,3.21693,54.3694,46.8333,13.4573,53.8291,0.00104641,15,,1.0,51.4149
eval_probe,,prb_f_igual_r04_n024_det_i2,cbba,reward00,2,,,,,,,,,0.625,15.0,9.0,0.0,0.0,0.0,4.0,51.4148,3.21693,54.3694,46.8333,13.4573,53.8291,0.00148052,15,,1.0,51.4149
eval_probe,,prb_f_igual_r04_n024_det_i2,cbba,reward00,3,,,,,,,,,0.625,15.0,9.0,0.0,0.0,0.0,4.0,51.4148,3.21693,54.3694,46.8333,13.4573,53.8291,0.00157761,15,,1.0,51.4149
eval_probe,,prb_f_igual_r04_n024_det_i2,dec-mcts-v4-g9999,reward00,1,,,,,,,,,0.666667,16.0,8.0,0.0,0.0,0.0,4.0,55.9981,2.31987,57.8606,52.6134,14.0655,56.2622,3.0098,16,,1.0,55.9981
eval_probe,,prb_f_igual_r04_n024_det_i2,dec-mcts-v4-g9999,reward00,2,,,,,,,,,0.666667,16.0,8.0,0.0,0.0,0.0,4.0,56.6596,2.55327,59.6168,53.769,14.2227,56.8907,2.96259,16,,1.0,56.6595
eval_probe,,prb_f_igual_r04_n024_det_i2,dec-mcts-v4-g9999,reward00,3,,,,,,,,,0.625,15.0,9.0,0.0,0.0,0.0,4.0,56.3907,2.88521,59.6168,52.8956,17.211,68.844,2.84444,15,,1.0,56.3907
eval_probe,,prb_f_igual_r04_n024_det_i2,greedy,reward00,1,,,,,,,,,0.333333,8.0,16.0,0.0,0.0,0.0,4.0,53.8222,3.41169,58.9025,51.6065,7.90786,31.6314,0.000361591,8,,1.0,53.8222
eval_probe,,prb_f_igual_r04_n024_det_i2,greedy,reward00,2,,,,,,,,,0.333333,8.0,16.0,0.0,0.0,0.0,4.0,53.8222,3.41169,58.9025,51.6065,7.90786,31.6314,0.000393223,8,,1.0,53.8222
eval_probe,,prb_f_igual_r04_n024_det_i2,greedy,reward00,3,,,,,,,,,0.333333,8.0,16.0,0.0,0.0,0.0,4.0,53.8222,3.41169,58.9025,51.6065,7.90786,31.6314,0.000631178,8,,1.0,53.8222
eval_probe,,prb_f_igual_r04_n024_det_i2,random,reward00,1,,,,,,,,,0.333333,8.0,16.0,0.0,0.0,0.0,4.0,55.2027,4.826,59.6124,50.8956,16.8006,67.2026,0.000632346,8,,1.0,55.2028
eval_probe,,prb_f_igual_r04_n024_det_i2,random,reward00,2,,,,,,,,,0.291667,7.0,17.0,0.0,0.0,0.0,4.0,50.7812,1.19214,51.9465,49.1231,14.8415,59.3661,0.000645706,7,,1.0,50.7812
eval_probe,,prb_f_igual_r04_n024_det_i2,random,reward00,3,,,,,,,,,0.333333,8.0,16.0,0.0,0.0,0.0,4.0,54.0843,2.45633,56.7761,51.6065,16.7643,67.0571,0.000441537,8,,1.0,54.0843
eval_probe,,prb_f_igual_r04_n024_det_i3,cbaa,reward00,1,,,,,,,,,0.5,12.0,12.0,0.0,0.0,0.0,4.0,44.5719,17.3777,59.4742,20.0,12.4379,49.7514,0.000845788,12,,1.0,44.5719
eval_probe,,prb_f_igual_r04_n024_det_i3,cbaa,reward00,2,,,,,,,,,0.5,12.0,12.0,0.0,0.0,0.0,4.0,44.5719,17.3777,59.4742,20.0,12.4379,49.7514,0.000820362,12,,1.0,44.5719
eval_probe,,prb_f_igual_r04_n024_det_i3,cbaa,reward00,3,,,,,,,,,0.5,12.0,12.0,0.0,0.0,0.0,4.0,44.5719,17.3777,59.4742,20.0,12.4379,49.7514,0.000890322,12,,1.0,44.5719
eval_probe,,prb_f_igual_r04_n024_det_i3,cbba,reward00,1,,,,,,,,,0.625,15.0,9.0,0.0,0.0,0.0,4.0,54.7186,6.99598,60.5868,45.3233,15.0845,60.3382,0.00210115,15,,1.0,54.7186
eval_probe,,prb_f_igual_r04_n024_det_i3,cbba,reward00,2,,,,,,,,,0.625,15.0,9.0,0.0,0.0,0.0,4.0,54.7186,6.99598,60.5868,45.3233,15.0845,60.3382,0.00173251,15,,1.0,54.7186
eval_probe,,prb_f_igual_r04_n024_det_i3,cbba,reward00,3,,,,,,,,,0.625,15.0,9.0,0.0,0.0,0.0,4.0,54.7186,6.99598,60.5868,45.3233,15.0845,60.3382,0.00196033,15,,1.0,54.7186
eval_probe,,prb_f_igual_r04_n024_det_i3,dec-mcts-v4-g9999,reward00,1,,,,,,,,,0.625,15.0,9.0,0.0,0.0,0.0,4.0,56.9815,5.07324,62.2471,50.6065,15.5116,62.0462,3.31583,15,,1.0,56.9815
eval_probe,,prb_f_igual_r04_n024_det_i3,dec-mcts-v4-g9999,reward00,2,,,,,,,,,0.583333,14.0,10.0,0.0,0.0,0.0,4.0,56.523,3.8837,62.2471,53.7401,16.6397,66.559,3.03313,14,,1.0,56.523
eval_probe,,prb_f_igual_r04_n024_det_i3,dec-mcts-v4-g9999,reward00,3,,,,,,,,,0.625,15.0,9.0,0.0,0.0,0.0,4.0,57.283,5.10502,62.933,51.1265,16.0261,64.1045,3.23722,15,,1.0,57.2829
eval_probe,,prb_f_igual_r04_n024_det_i3,greedy,reward00,1,,,,,,,,,0.333333,8.0,16.0,0.0,0.0,0.0,4.0,51.0275,5.51738,58.9602,47.0,10.902,43.6078,0.000620902,8,,1.0,51.0275
eval_probe,,prb_f_igual_r04_n024_det_i3,greedy,reward00,2,,,,,,,,,0.333333,8.0,16.0,0.0,0.0,0.0,4.0,51.0275,5.51738,58.9602,47.0,10.8783,43.5131,0.000612197,8,,1.0,51.0275
eval_probe,,prb_f_igual_r04_n024_det_i3,greedy,reward00,3,,,,,,,,,0.333333,8.0,16.0,0.0,0.0,0.0,4.0,51.0275,5.51738,58.9602,47.0,10.8783,43.5131,0.000608842,8,,1.0,51.0275
eval_probe,,prb_f_igual_r04_n024_det_i3,random,reward00,1,,,,,,,,,0.291667,7.0,17.0,0.0,0.0,0.0,4.0,51.3291,7.27364,60.8833,44.8231,18.4516,73.8065,0.000546257,7,,1.0,51.3291
eval_probe,,prb_f_igual_r04_n024_det_i3,random,reward00,2,,,,,,,,,0.25,6.0,18.0,0.0,0.0,0.0,4.0,52.8075,7.23331,61.2402,46.0497,24.8129,99.2518,0.000622016,6,,1.0,52.8075
eval_probe,,prb_f_igual_r04_n024_det_i3,random,reward00,3,,,,,,,,,0.416667,10.0,14.0,0.0,0.0,0.0,4.0,52.5843,3.74236,56.5503,47.5665,23.9161,95.6644,0.0007793,10,,1.0,52.5843
eval_probe,,prb_f_igual_r04_n024_est_i1,cbaa,reward00,1,,,,,,,,,0.333333,8.0,16.0,0.0,0.0,0.0,4.0,26.7042,30.85,54.5728,0.0,7.78573,31.1429,0.00070865,8,,1.0,26.7042
eval_probe,,prb_f_igual_r04_n024_est_i1,cbaa,reward00,2,,,,,,,,,0.458333,11.0,13.0,0.0,0.0,0.0,4.0,30.302,35.0338,62.7555,0.0,11.0149,44.0595,0.00060818,12,,0.916667,30.302
eval_probe,,prb_f_igual_r04_n024_est_i1,cbaa,reward00,3,,,,,,,,,0.166667,4.0,20.0,0.0,0.0,0.0,4.0,28.0956,32.8169,62.2488,0.0,6.96831,27.8733,0.000436181,7,,0.571429,28.0956
eval_probe,,prb_f_igual_r04_n024_est_i1,cbba,reward00,1,,,,,,,,,0.458333,11.0,13.0,0.0,0.0,0.0,4.0,61.4595,3.28413,65.9213,58.0883,12.7926,51.1704,0.00127483,13,,0.846154,61.4596
eval_probe,,prb_f_igual_r04_n024_est_i1,cbba,reward00,2,,,,,,,,,0.458333,11.0,13.0,0.0,0.0,0.0,4.0,61.0901,8.6332,69.0949,51.7357,11.9205,47.6821,0.00122385,13,,0.846154,61.0901
eval_probe,,prb_f_igual_r04_n024_est_i1,cbba,reward00,3,,,,,,,,,0.625,15.0,9.0,0.0,0.0,0.0,4.0,56.5928,8.53016,68.1455,49.7186,13.491,53.9642,0.00136006,16,,0.9375,56.5928
eval_probe,,prb_f_igual_r04_n024_est_i1,dec-mcts-v4-g9999,reward00,1,,,,,,,,,0.625,15.0,9.0,0.0,0.0,0.0,4.0,56.6786,10.6728,72.4202,48.6948,17.5759,70.3034,3.84292,16,,0.9375,56.6786
eval_probe,,prb_f_igual_r04_n024_est_i1,dec-mcts-v4-g9999,reward00,2,,,,,,,,,0.333333,8.0,16.0,0.0,0.0,0.0,4.0,58.2541,7.20671,67.7189,50.7283,13.7144,54.8576,3.76352,11,,0.727273,58.2541
eval_probe,,prb_f_igual_r04_n024_est_i1,dec-mcts-v4-g9999,reward00,3,,,,,,,,,0.458333,11.0,13.0,0.0,0.0,0.0,4.0,58.1564,6.66325,63.3271,48.3903,14.293,57.1721,3.86282,12,,0.916667,58.1564
eval_probe,,prb_f_igual_r04_n024_est_i1,greedy,reward00,1,,,,,,,,,0.25,6.0,18.0,0.0,0.0,0.0,4.0,62.0941,8.45403,71.8333,52.8104,11.2213,44.8851,0.000635165,10,,0.6,62.0941
eval_probe,,prb_f_igual_r04_n024_est_i1,greedy,reward00,2,,,,,,,,,0.125,3.0,21.0,0.0,0.0,0.0,4.0,56.0491,2.6883,58.8039,52.8133,7.86551,31.462,0.000298147,5,,0.6,56.0491
eval_probe,,prb_f_igual_r04_n024_est_i1,greedy,reward00,3,,,,,,,,,0.25,6.0,18.0,0.0,0.0,0.0,4.0,60.4566,7.73057,71.4696,53.385,8.33534,33.3414,0.000611979,8,,0.75,60.4566
eval_probe,,prb_f_igual_r04_n024_est_i1,random,reward00,1,,,,,,,,,0.208333,5.0,19.0,0.0,0.0,0.0,4.0,54.5229,3.50911,58.704,50.8633,19.2158,76.8632,0.00042416,6,,0.833333,54.5229
eval_probe,,prb_f_igual_r04_n024_est_i1,random,reward00,2,,,,,,,,,0.166667,4.0,20.0,0.0,0.0,0.0,4.0,61.042,7.0473,67.9354,52.54,14.2554,57.0214,0.000400328,8,,0.5,61.0419
eval_probe,,prb_f_igual_r04_n024_est_i1,random,reward00,3,,,,,,,,,0.208333,5.0,19.0,0.0,0.0,0.0,4.0,59.0433,5.2464,65.1893,52.54,12.1695,48.678,0.000372543,6,,0.833333,59.0433
eval_probe,,prb_f_igual_r04_n024_est_i2,cbaa,reward00,1,,,,,,,,,0.458333,11.0,13.0,0.0,0.0,0.0,4.0,54.218,2.24256,57.317,52.0679,14.8928,59.5713,0.000767207,14,,0.785714,54.218
eval_probe,,prb_f_igual_r04_n024_est_i2,cbaa,reward00,2,,,,,,,,,0.291667,7.0,17.0,0.0,0.0,0.0,4.0,48.4055,14.6662,63.6145,28.3513,11.0285,44.114,0.000571153,11,,0.636364,48.4055
eval_probe,,prb_f_igual_r04_n024_est_i2,cbaa,reward00,3,,,,,,,,,0.375,9.0,15.0,0.0,0.0,0.0,4.0,48.3244,12.4836,55.1805,29.6106,11.7445,46.9779,0.000828637,12,,0.75,48.3243
eval_probe,,prb_f_igual_r04_n024_est_i2,cbba,reward00,1,,,,,,,,,0.541667,13.0,11.0,0.0,0.0,0.0,4.0,62.8434,11.9409,78.6068,50.7795,15.4026,61.6106,0.00156922,15,,0.866667,62.8434
eval_probe,,prb_f_igual_r04_n024_est_i2,cbba,reward00,2,,,,,,,,,0.541667,13.0,11.0,0.0,0.0,0.0,4.0,58.5716,6.95665,68.6875,52.8713,14.0347,56.1389,0.00134173,16,,0.8125,58.5716
eval_probe,,prb_f_igual_r04_n024_est_i2,cbba,reward00,3,,,,,,,,,0.5,12.0,12.0,0.0,0.0,0.0,4.0,55.8447,4.2815,61.4497,51.3346,14.3857,57.5427,0.00134622,16,,0.75,55.8447
eval_probe,,prb_f_igual_r04_n024_est_i2,dec-mcts-v4-g9999,reward00,1,,,,,,,,,0.625,15.0,9.0,0.0,0.0,0.0,4.0,58.4492,9.95462,73.1227,51.1565,22.3829,89.5315,3.05744,17,,0.882353,58.4492
eval_probe,,prb_f_igual_r04_n024_est_i2,dec-mcts-v4-g9999,reward00,2,,,,,,,,,0.375,9.0,15.0,0.0,0.0,0.0,4.0,61.7851,10.4304,72.5419,50.533,18.1986,72.7943,3.35333,14,,0.642857,61.7852
eval_probe,,prb_f_igual_r04_n024_est_i2,dec-mcts-v4-g9999,reward00,3,,,,,,,,,0.458333,11.0,13.0,0.0,0.0,0.0,4.0,61.0197,2.30168,63.1722,58.5094,17.4928,69.971,3.28798,14,,0.785714,61.0196
eval_probe,,prb_f_igual_r04_n024_est_i2,greedy,reward00,1,,,,,,,,,0.333333,8.0,16.0,0.0,0.0,0.0,4.0,63.8764,11.5725,74.8458,53.3697,9.53904,38.1562,0.000671615,9,,0.888889,63.8764
eval_probe,,prb_f_igual_r04_n024_est_i2,greedy,reward00,2,,,,,,,,,0.375,9.0,15.0,0.0,0.0,0.0,4.0,58.5675,3.04384,61.4917,54.2926,11.3587,45.4349,0.000729601,11,,0.818182,58.5675
eval_probe,,prb_f_igual_r04_n024_est_i2,greedy,reward00,3,,,,,,,,,0.416667,10.0,14.0,0.0,0.0,0.0,4.0,61.357,8.75054,72.4996,51.2579,9.72404,38.8962,0.000724088,11,,0.909091,61.3571
eval_probe,,prb_f_igual_r04_n024_est_i2,random,reward00,1,,,,,,,,,0.166667,4.0,20.0,0.0,0.0,0.0,4.0,64.6932,7.62589,70.5888,54.0171,11.7411,46.9644,0.000555547,6,,0.666667,64.6932
eval_probe,,prb_f_igual_r04_n024_est_i2,random,reward00,2,,,,,,,,,0.25,6.0,18.0,0.0,0.0,0.0,4.0,59.3946,13.1182,78.4704,49.7065,17.1188,68.4752,0.00153079,11,,0.545455,59.3946
eval_probe,,prb_f_igual_r04_n024_est_i2,random,reward00,3,,,,,,,,,0.333333,8.0,16.0,0.0,0.0,0.0,4.0,52.0215,3.95065,55.0378,46.3697,16.7353,66.9413,0.000725394,9,,0.888889,52.0215
eval_probe,,prb_f_igual_r04_n024_est_i3,cbaa,reward00,1,,,,,,,,,0.5,12.0,12.0,0.0,0.0,0.0,4.0,44.7961,30.6072,68.3107,0.0,10.0619,40.2475,0.000600105,13,,0.923077,44.7961
eval_probe,,prb_f_igual_r04_n024_est_i3,cbaa,reward00,2,,,,,,,,,0.375,9.0,15.0,0.0,0.0,0.0,4.0,51.9155,35.6036,75.9715,0.0,12.9755,51.9019,0.000562565,12,,0.75,51.9155
eval_probe,,prb_f_igual_r04_n024_est_i3,cbaa,reward00,3,,,,,,,,,0.416667,10.0,14.0,0.0,0.0,0.0,4.0,46.9809,31.4533,65.5845,0.0,12.2799,49.1197,0.000415144,13,,0.769231,46.9809
eval_probe,,prb_f_igual_r04_n024_est_i3,cbba,reward00,1,,,,,,,,,0.541667,13.0,11.0,0.0,0.0,0.0,4.0,55.8901,6.26038,65.1689,51.6031,15.7971,63.1884,0.00125157,17,,0.764706,55.8901
eval_probe,,prb_f_igual_r04_n024_est_i3,cbba,reward00,2,,,,,,,,,0.458333,11.0,13.0,0.0,0.0,0.0,4.0,62.0589,4.93702,66.9266,55.2994,18.1483,72.5934,0.00160597,17,,0.647059,62.0589
eval_probe,,prb_f_igual_r04_n024_est_i3,cbba,reward00,3,,,,,,,,,0.541667,13.0,11.0,0.0,0.0,0.0,4.0,55.0973,4.33846,59.9176,50.4844,19.0501,76.2004,0.00127009,16,,0.8125,55.0973
eval_probe,,prb_f_igual_r04_n024_est_i3,dec-mcts-v4-g9999,reward00,1,,,,,,,,,0.541667,13.0,11.0,0.0,0.0,0.0,4.0,64.7712,9.52856,76.082,54.8471,16.6699,66.6795,2.88374,13,,1.0,64.7712
eval_probe,,prb_f_igual_r04_n024_est_i3,dec-mcts-v4-g9999,reward00,2,,,,,,,,,0.416667,10.0,14.0,0.0,0.0,0.0,4.0,64.6055,7.21151,71.3651,56.8421,16.6171,66.4683,4.29379,14,,0.714286,64.6055
eval_probe,,prb_f_igual_r04_n024_est_i3,dec-mcts-v4-g9999,reward00,3,,,,,,,,,0.333333,8.0,16.0,0.0,0.0,0.0,4.0,55.0132,4.85347,59.2082,48.1228,14.8105,59.242,4.20515,14,,0.571429,55.0132
eval_probe,,prb_f_igual_r04_n024_est_i3,greedy,reward00,1,,,,,,,,,0.166667,4.0,20.0,0.0,0.0,0.0,4.0,61.4586,3.44402,63.945,56.4397,9.57775,38.311,0.000424331,7,,0.571429,61.4586
eval_probe,,prb_f_igual_r04_n024_est_i3,greedy,reward00,2,,,,,,,,,0.208333,5.0,19.0,0.0,0.0,0.0,4.0,67.0952,12.8895,83.8887,53.3479,13.3931,53.5724,0.000466935,9,,0.555556,67.0952
eval_probe,,prb_f_igual_r04_n024_est_i3,greedy,reward00,3,,,,,,,,,0.166667,4.0,20.0,0.0,0.0,0.0,4.0,57.9108,5.99898,66.751,53.727,12.2019,48.8075,0.00045965,8,,0.5,57.9108
eval_probe,,prb_f_igual_r04_n024_est_i3,random,reward00,1,,,,,,,,,0.333333,8.0,16.0,0.0,0.0,0.0,4.0,60.4841,4.17263,65.8094,55.7156,12.8235,51.294,0.000451691,9,,0.888889,60.4841
eval_probe,,prb_f_igual_r04_n024_est_i3,random,reward00,2,,,,,,,,,0.208333,5.0,19.0,0.0,0.0,0.0,4.0,61.5822,8.74567,72.443,54.3531,21.911,87.6441,0.00039238,10,,0.5,61.5822
eval_probe,,prb_f_igual_r04_n024_est_i3,random,reward00,3,,,,,,,,,0.375,9.0,15.0,0.0,0.0,0.0,4.0,59.0802,11.7164,73.4852,49.3399,17.2077,68.8306,0.000520016,11,,0.818182,59.0802
eval_probe,,prb_f_igual_r08_n048_det_i1,cbaa,reward00,1,,,,,,,,,0.5625,27.0,21.0,0.0,0.0,0.0,8.0,44.2751,17.5096,62.0069,16.0,10.4517,83.6133,0.00235998,27,,1.0,44.2751
eval_probe,,prb_f_igual_r08_n048_det_i1,cbaa,reward00,2,,,,,,,,,0.5625,27.0,21.0,0.0,0.0,0.0,8.0,44.2751,17.5096,62.0069,16.0,10.4517,83.6133,0.00184467,27,,1.0,44.2751
eval_probe,,prb_f_igual_r08_n048_det_i1,cbaa,reward00,3,,,,,,,,,0.5625,27.0,21.0,0.0,0.0,0.0,8.0,44.2751,17.5096,62.0069,16.0,10.4517,83.6133,0.00211158,27,,1.0,44.2751
eval_probe,,prb_f_igual_r08_n048_det_i1,cbba,reward00,1,,,,,,,,,0.708333,34.0,14.0,0.0,0.0,0.0,8.0,56.6342,6.37826,64.7687,46.113,14.0607,112.486,0.0106227,34,,1.0,56.6342
eval_probe,,prb_f_igual_r08_n048_det_i1,cbba,reward00,2,,,,,,,,,0.708333,34.0,14.0,0.0,0.0,0.0,8.0,56.6342,6.37826,64.7687,46.113,14.0607,112.486,0.0120566,34,,1.0,56.6342
eval_probe,,prb_f_igual_r08_n048_det_i1,cbba,reward00,3,,,,,,,,,0.708333,34.0,14.0,0.0,0.0,0.0,8.0,56.6342,6.37826,64.7687,46.113,14.0607,112.486,0.0102475,34,,1.0,56.6342
eval_probe,,prb_f_igual_r08_n048_det_i1,dec-mcts-v4-g9999,reward00,1,,,,,,,,,0.6875,33.0,15.0,0.0,0.0,0.0,8.0,56.5838,3.94642,64.7963,52.5166,14.3733,114.987,17.1815,33,,1.0,56.5838
eval_probe,,prb_f_igual_r08_n048_det_i1,dec-mcts-v4-g9999,reward00,2,,,,,,,,,0.6875,33.0,15.0,0.0,0.0,0.0,8.0,57.9534,4.60484,64.1359,50.9896,15.7526,126.021,16.8866,33,,1.0,57.9534
eval_probe,,prb_f_igual_r08_n048_det_i1,dec-mcts-v4-g9999,reward00,3,,,,,,,,,0.6875,33.0,15.0,0.0,0.0,0.0,8.0,58.4032,3.6218,63.0588,54.1847,16.6615,133.292,17.0749,33,,1.0,58.4032
eval_probe,,prb_f_igual_r08_n048_det_i1,greedy,reward00,1,,,,,,,,,0.375,18.0,30.0,0.0,0.0,0.0,8.0,52.1705,6.36432,61.4965,46.0,9.62611,77.0089,0.000962598,18,,1.0,52.1705
eval_probe,,prb_f_igual_r08_n048_det_i1,greedy,reward00,2,,,,,,,,,0.375,18.0,30.0,0.0,0.0,0.0,8.0,52.1705,6.36432,61.4965,46.0,9.62611,77.0089,0.000946,18,,1.0,52.1705
eval_probe,,prb_f_igual_r08_n048_det_i1,greedy,reward00,3,,,,,,,,,0.375,18.0,30.0,0.0,0.0,0.0,8.0,52.1705,6.36432,61.4965,46.0,9.62611,77.0089,0.00145987,18,,1.0,52.1705
eval_probe,,prb_f_igual_r08_n048_det_i1,random,reward00,1,,,,,,,,,0.3125,15.0,33.0,0.0,0.0,0.0,8.0,51.6848,5.72213,61.0583,44.32,14.6474,117.179,0.00120027,15,,1.0,51.6848
eval_probe,,prb_f_igual_r08_n048_det_i1,random,reward00,2,,,,,,,,,0.333333,16.0,32.0,0.0,0.0,0.0,8.0,51.169,5.88862,61.3353,44.32,20.0195,160.156,0.00132495,16,,1.0,51.1689
eval_probe,,prb_f_igual_r08_n048_det_i1,random,reward00,3,,,,,,,,,0.375,18.0,30.0,0.0,0.0,0.0,8.0,52.941,6.47871,62.053,45.4897,14.0254,112.203,0.00135188,18,,1.0,52.941
eval_probe,,prb_f_igual_r08_n048_det_i2,cbaa,reward00,1,,,,,,,,,0.479167,23.0,25.0,0.0,0.0,0.0,8.0,36.7824,31.4775,64.8555,0.0,7.67276,61.3821,0.00149566,23,,1.0,36.7824
eval_probe,,prb_f_igual_r08_n048_det_i2,cbaa,reward00,2,,,,,,,,,0.479167,23.0,25.0,0.0,0.0,0.0,8.0,36.7824,31.4775,64.8555,0.0,7.67276,61.3821,0.00164016,23,,1.0,36.7824
eval_probe,,prb_f_igual_r08_n048_det_i2,cbaa,reward00,3,,,,,,,,,0.479167,23.0,25.0,0.0,0.0,0.0,8.0,36.7824,31.4775,64.8555,0.0,7.67276,61.3821,0.00211928,23,,1.0,36.7824
eval_probe,,prb_f_igual_r08_n048_det_i2,cbba,reward00,1,,,,,,,,,0.6875,33.0,15.0,0.0,0.0,0.0,8.0,54.8443,5.90685,63.649,45.1034,11.2609,90.0875,0.0142008,33,,1.0,54.8443
eval_probe,,prb_f_igual_r08_n048_det_i2,cbba,reward00,2,,,,,,,,,0.6875,33.0,15.0,0.0,0.0,0.0,8.0,54.8443,5.90685,63.649,45.1034,11.2609,90.0875,0.0130198,33,,1.0,54.8443
eval_probe,,prb_f_igual_r08_n048_det_i2,cbba,reward00,3,,,,,,,,,0.6875,33.0,15.0,0.0,0.0,0.0,8.0,54.8443,5.90685,63.649,45.1034,11.2609,90.0875,0.0128582,33,,1.0,54.8443
eval_probe,,prb_f_igual_r08_n048_det_i2,dec-mcts-v4-g9999,reward00,1,,,,,,,,,0.708333,34.0,14.0,0.0,0.0,0.0,8.0,58.6266,3.85429,64.6898,54.5833,14.1581,113.264,20.2353,34,,1.0,58.6266
eval_probe,,prb_f_igual_r08_n048_det_i2,dec-mcts-v4-g9999,reward00,2,,,,,,,,,0.708333,34.0,14.0,0.0,0.0,0.0,8.0,59.5474,3.47824,64.4138,55.0693,15.7668,126.134,19.9884,34,,1.0,59.5474
eval_probe,,prb_f_igual_r08_n048_det_i2,dec-mcts-v4-g9999,reward00,3,,,,,,,,,0.708333,34.0,14.0,0.0,0.0,0.0,8.0,58.1683,4.89211,64.8429,52.5867,13.2202,105.761,20.5554,34,,1.0,58.1683
eval_probe,,prb_f_igual_r08_n048_det_i2,greedy,reward00,1,,,,,,,,,0.333333,16.0,32.0,0.0,0.0,0.0,8.0,56.2189,3.61597,60.1969,52.1697,10.3726,82.9811,0.00143543,16,,1.0,56.2189
eval_probe,,prb_f_igual_r08_n048_det_i2,greedy,reward00,2,,,,,,,,,0.333333,16.0,32.0,0.0,0.0,0.0,8.0,56.2189,3.61597,60.1969,52.1697,10.3726,82.9811,0.000968072,16,,1.0,56.2189
eval_probe,,prb_f_igual_r08_n048_det_i2,greedy,reward00,3,,,,,,,,,0.333333,16.0,32.0,0.0,0.0,0.0,8.0,56.2189,3.61597,60.1969,52.1697,10.3726,82.9811,0.000935874,16,,1.0,56.2189
eval_probe,,prb_f_igual_r08_n048_det_i2,random,reward00,1,,,,,,,,,0.354167,17.0,31.0,0.0,0.0,0.0,8.0,54.5405,3.10428,59.1072,50.1231,13.2696,106.157,0.00155046,17,,1.0,54.5405
eval_probe,,prb_f_igual_r08_n048_det_i2,random,reward00,2,,,,,,,,,0.354167,17.0,31.0,0.0,0.0,0.0,8.0,54.9709,3.47278,61.2988,52.0756,17.3105,138.484,0.001496,17,,1.0,54.9709
eval_probe,,prb_f_igual_r08_n048_det_i2,random,reward00,3,,,,,,,,,0.354167,17.0,31.0,0.0,0.0,0.0,8.0,55.4237,3.88662,60.231,49.08,13.8137,110.51,0.00138663,17,,1.0,55.4237
eval_probe,,prb_f_igual_r08_n048_det_i3,cbaa,reward00,1,,,,,,,,,0.375,18.0,30.0,0.0,0.0,0.0,8.0,28.5274,30.7221,62.0131,0.0,5.97096,47.7677,0.00177107,18,,1.0,28.5274
eval_probe,,prb_f_igual_r08_n048_det_i3,cbaa,reward00,2,,,,,,,,,0.375,18.0,30.0,0.0,0.0,0.0,8.0,28.5274,30.7221,62.0131,0.0,5.97096,47.7677,0.0014451,18,,1.0,28.5274
eval_probe,,prb_f_igual_r08_n048_det_i3,cbaa,reward00,3,,,,,,,,,0.375,18.0,30.0,0.0,0.0,0.0,8.0,28.5274,30.7221,62.0131,0.0,5.97096,47.7677,0.00142865,18,,1.0,28.5274
eval_probe,,prb_f_igual_r08_n048_det_i3,cbba,reward00,1,,,,,,,,,0.666667,32.0,16.0,0.0,0.0,0.0,8.0,55.8118,3.87033,60.9468,50.2731,13.1232,104.985,0.0158314,32,,1.0,55.8118
eval_probe,,prb_f_igual_r08_n048_det_i3,cbba,reward00,2,,,,,,,,,0.666667,32.0,16.0,0.0,0.0,0.0,8.0,55.8118,3.87033,60.9468,50.2731,13.1232,104.985,0.0152675,32,,1.0,55.8118
eval_probe,,prb_f_igual_r08_n048_det_i3,cbba,reward00,3,,,,,,,,,0.666667,32.0,16.0,0.0,0.0,0.0,8.0,55.8118,3.87033,60.9468,50.2731,13.1232,104.985,0.0130048,32,,1.0,55.8118
eval_probe,,prb_f_igual_r08_n048_det_i3,dec-mcts-v4-g9999,reward00,1,,,,,,,,,0.666667,32.0,16.0,0.0,0.0,0.0,8.0,57.7489,3.38488,61.8445,51.5833,15.3417,122.733,18.9365,32,,1.0,57.7489
eval_probe,,prb_f_igual_r08_n048_det_i3,dec-mcts-v4-g9999,reward00,2,,,,,,,,,0.666667,32.0,16.0,0.0,0.0,0.0,8.0,58.3704,3.42951,65.8928,55.375,16.4029,131.224,18.4126,32,,1.0,58.3704
eval_probe,,prb_f_igual_r08_n048_det_i3,dec-mcts-v4-g9999,reward00,3,,,,,,,,,0.6875,33.0,15.0,0.0,0.0,0.0,8.0,59.5651,3.40526,64.7643,54.5688,15.2176,121.741,18.1212,33,,1.0,59.5651
eval_probe,,prb_f_igual_r08_n048_det_i3,greedy,reward00,1,,,,,,,,,0.3125,15.0,33.0,0.0,0.0,0.0,8.0,53.8481,5.07657,59.8956,48.0,8.71666,69.7333,0.000913343,15,,1.0,53.8481
eval_probe,,prb_f_igual_r08_n048_det_i3,greedy,reward00,2,,,,,,,,,0.3125,15.0,33.0,0.0,0.0,0.0,8.0,53.8481,5.07657,59.8956,48.0,8.71666,69.7333,0.00128347,15,,1.0,53.8481
eval_probe,,prb_f_igual_r08_n048_det_i3,greedy,reward00,3,,,,,,,,,0.3125,15.0,33.0,0.0,0.0,0.0,8.0,53.8481,5.07657,59.8956,48.0,8.71666,69.7333,0.00145886,15,,1.0,53.8481
eval_probe,,prb_f_igual_r08_n048_det_i3,random,reward00,1,,,,,,,,,0.3125,15.0,33.0,0.0,0.0,0.0,8.0,54.5721,3.68567,62.7037,51.5833,12.6962,101.569,0.00130869,15,,1.0,54.5721
eval_probe,,prb_f_igual_r08_n048_det_i3,random,reward00,2,,,,,,,,,0.333333,16.0,32.0,0.0,0.0,0.0,8.0,55.0838,4.53915,61.8313,49.9133,14.7555,118.044,0.0012275,16,,1.0,55.0838
eval_probe,,prb_f_igual_r08_n048_det_i3,random,reward00,3,,,,,,,,,0.333333,16.0,32.0,0.0,0.0,0.0,8.0,56.0275,4.5612,64.2644,50.5323,19.8076,158.461,0.00142701,16,,1.0,56.0275
eval_probe,,prb_f_igual_r08_n048_est_i1,cbaa,reward00,1,,,,,,,,,0.333333,16.0,32.0,0.0,0.0,0.0,8.0,37.7928,31.5823,67.1806,0.0,7.99448,63.9558,0.0021415,20,,0.8,37.7928
eval_probe,,prb_f_igual_r08_n048_est_i1,cbaa,reward00,2,,,,,,,,,0.3125,15.0,33.0,0.0,0.0,0.0,8.0,39.0698,33.2334,79.2687,0.0,8.6672,69.3376,0.00203169,20,,0.75,39.0698
eval_probe,,prb_f_igual_r08_n048_est_i1,cbaa,reward00,3,,,,,,,,,0.4375,21.0,27.0,0.0,0.0,0.0,8.0,38.2304,32.1442,70.6721,0.0,8.91578,71.3263,0.00247368,25,,0.84,38.2304
eval_probe,,prb_f_igual_r08_n048_est_i1,cbba,reward00,1,,,,,,,,,0.458333,22.0,26.0,0.0,0.0,0.0,8.0,58.0227,10.5262,83.5329,51.31,13.7644,110.115,0.0119926,30,,0.733333,58.0228
eval_probe,,prb_f_igual_r08_n048_est_i1,cbba,reward00,2,,,,,,,,,0.520833,25.0,23.0,0.0,0.0,0.0,8.0,54.8767,5.71567,66.2368,46.5857,14.0907,112.726,0.0134066,36,,0.694444,54.8767
eval_probe,,prb_f_igual_r08_n048_est_i1,cbba,reward00,3,,,,,,,,,0.416667,20.0,28.0,0.0,0.0,0.0,8.0,62.8482,9.64178,82.2422,54.7831,13.3583,106.866,0.0108632,28,,0.714286,62.8481
eval_probe,,prb_f_igual_r08_n048_est_i1,dec-mcts-v4-g9999,reward00,1,,,,,,,,,0.458333,22.0,26.0,0.0,0.0,0.0,8.0,54.5245,4.64191,61.0909,48.4399,15.3751,123.001,20.8289,25,,0.88,54.5245
eval_probe,,prb_f_igual_r08_n048_est_i1,dec-mcts-v4-g9999,reward00,2,,,,,,,,,0.375,18.0,30.0,0.0,0.0,0.0,8.0,55.1127,4.28241,62.1889,50.9667,11.881,95.0481,21.7675,23,,0.782609,55.1127
eval_probe,,prb_f_igual_r08_n048_est_i1,dec-mcts-v4-g9999,reward00,3,,,,,,,,,0.458333,22.0,26.0,0.0,0.0,0.0,8.0,62.4102,7.42212,75.0918,54.3015,18.0787,144.63,22.2222,27,,0.814815,62.4102
eval_probe,,prb_f_igual_r08_n048_est_i1,greedy,reward00,1,,,,,,,,,0.270833,13.0,35.0,0.0,0.0,0.0,8.0,60.7121,9.54969,76.0769,50.0783,10.9566,87.6526,0.00155932,18,,0.722222,60.7121
eval_probe,,prb_f_igual_r08_n048_est_i1,greedy,reward00,2,,,,,,,,,0.25,12.0,36.0,0.0,0.0,0.0,8.0,56.8171,6.08663,68.8317,50.7913,8.94214,71.5371,0.00132951,15,,0.8,56.8171
eval_probe,,prb_f_igual_r08_n048_est_i1,greedy,reward00,3,,,,,,,,,0.291667,14.0,34.0,0.0,0.0,0.0,8.0,56.2387,3.31658,61.7542,52.0618,9.18652,73.4922,0.00108054,16,,0.875,56.2387
eval_probe,,prb_f_igual_r08_n048_est_i1,random,reward00,1,,,,,,,,,0.291667,14.0,34.0,0.0,0.0,0.0,8.0,54.5377,4.81403,63.4952,50.5804,18.0462,144.37,0.000953758,19,,0.736842,54.5377
eval_probe,,prb_f_igual_r08_n048_est_i1,random,reward00,2,,,,,,,,,0.229167,11.0,37.0,0.0,0.0,0.0,8.0,52.9594,2.35491,56.9458,50.5149,16.649,133.192,0.000907785,15,,0.733333,52.9594
eval_probe,,prb_f_igual_r08_n048_est_i1,random,reward00,3,,,,,,,,,0.291667,14.0,34.0,0.0,0.0,0.0,8.0,58.3435,5.46166,66.6969,51.2397,18.545,148.36,0.001066,19,,0.736842,58.3435
eval_probe,,prb_f_igual_r08_n048_est_i2,cbaa,reward00,1,,,,,,,,,0.5625,27.0,21.0,0.0,0.0,0.0,8.0,50.9995,21.8445,67.3135,0.0,13.5177,108.142,0.00318623,33,,0.818182,50.9995
eval_probe,,prb_f_igual_r08_n048_est_i2,cbaa,reward00,2,,,,,,,,,0.4375,21.0,27.0,0.0,0.0,0.0,8.0,53.9699,23.0089,74.0416,0.0,11.7529,94.0232,0.00242715,27,,0.777778,53.9699
eval_probe,,prb_f_igual_r08_n048_est_i2,cbaa,reward00,3,,,,,,,,,0.4375,21.0,27.0,0.0,0.0,0.0,8.0,54.1895,22.9335,71.2365,0.0,10.4631,83.7052,0.00255366,30,,0.7,54.1895
eval_probe,,prb_f_igual_r08_n048_est_i2,cbba,reward00,1,,,,,,,,,0.458333,22.0,26.0,0.0,0.0,0.0,8.0,57.1694,9.5149,75.4656,46.8836,11.0414,88.3308,0.00780794,30,,0.733333,57.1694
eval_probe,,prb_f_igual_r08_n048_est_i2,cbba,reward00,2,,,,,,,,,0.583333,28.0,20.0,0.0,0.0,0.0,8.0,60.5973,6.80414,71.8279,50.4826,11.6605,93.284,0.0112281,32,,0.875,60.5973
eval_probe,,prb_f_igual_r08_n048_est_i2,cbba,reward00,3,,,,,,,,,0.458333,22.0,26.0,0.0,0.0,0.0,8.0,60.2987,11.3684,84.0458,49.678,13.0718,104.574,0.0111695,32,,0.6875,60.2987
eval_probe,,prb_f_igual_r08_n048_est_i2,dec-mcts-v4-g9999,reward00,1,,,,,,,,,0.479167,23.0,25.0,0.0,0.0,0.0,8.0,62.6435,8.34235,74.196,54.1446,17.0314,136.251,21.3052,29,,0.793103,62.6435
eval_probe,,prb_f_igual_r08_n048_est_i2,dec-mcts-v4-g9999,reward00,2,,,,,,,,,0.375,18.0,30.0,0.0,0.0,0.0,8.0,57.6862,5.03415,67.0814,52.6484,15.8729,126.983,20.786,27,,0.666667,57.6863
eval_probe,,prb_f_igual_r08_n048_est_i2,dec-mcts-v4-g9999,reward00,3,,,,,,,,,0.4375,21.0,27.0,0.0,0.0,0.0,8.0,60.2514,9.6617,72.1365,49.5859,17.415,139.32,26.5563,28,,0.75,60.2514
eval_probe,,prb_f_igual_r08_n048_est_i2,greedy,reward00,1,,,,,,,,,0.333333,16.0,32.0,0.0,0.0,0.0,8.0,53.5974,5.80957,64.7137,47.7409,10.7876,86.3009,0.00160068,23,,0.695652,53.5974
eval_probe,,prb_f_igual_r08_n048_est_i2,greedy,reward00,2,,,,,,,,,0.3125,15.0,33.0,0.0,0.0,0.0,8.0,56.7327,7.45041,67.0194,49.8971,10.5989,84.7912,0.00150529,19,,0.789474,56.7327
eval_probe,,prb_f_igual_r08_n048_est_i2,greedy,reward00,3,,,,,,,,,0.354167,17.0,31.0,0.0,0.0,0.0,8.0,58.9178,7.52966,72.3712,50.8331,10.2647,82.1177,0.00149283,19,,0.894737,58.9178
eval_probe,,prb_f_igual_r08_n048_est_i2,random,reward00,1,,,,,,,,,0.270833,13.0,35.0,0.0,0.0,0.0,8.0,55.9421,2.28006,57.8799,52.2306,17.2934,138.347,0.00120155,16,,0.8125,55.9421
eval_probe,,prb_f_igual_r08_n048_est_i2,random,reward00,2,,,,,,,,,0.229167,11.0,37.0,0.0,0.0,0.0,8.0,61.2717,4.68922,69.3356,56.2929,12.2668,98.1348,0.000803722,18,,0.611111,61.2717
eval_probe,,prb_f_igual_r08_n048_est_i2,random,reward00,3,,,,,,,,,0.291667,14.0,34.0,0.0,0.0,0.0,8.0,54.535,7.01839,65.4804,47.6518,13.4125,107.3,0.00112732,16,,0.875,54.535
eval_probe,,prb_f_igual_r08_n048_est_i3,cbaa,reward00,1,,,,,,,,,0.458333,22.0,26.0,0.0,0.0,0.0,8.0,57.3133,5.44117,63.5084,49.2034,16.253,130.024,0.00255917,34,,0.647059,57.3133
eval_probe,,prb_f_igual_r08_n048_est_i3,cbaa,reward00,2,,,,,,,,,0.5,24.0,24.0,0.0,0.0,0.0,8.0,58.0794,9.50774,71.9247,44.5294,15.7727,126.182,0.00263036,31,,0.774194,58.0794
eval_probe,,prb_f_igual_r08_n048_est_i3,cbaa,reward00,3,,,,,,,,,0.583333,28.0,20.0,0.0,0.0,0.0,8.0,64.8319,11.8895,80.8804,52.4342,18.2716,146.173,0.00292571,40,,0.7,64.8319
eval_probe,,prb_f_igual_r08_n048_est_i3,cbba,reward00,1,,,,,,,,,0.541667,26.0,22.0,0.0,0.0,0.0,8.0,56.2302,9.05017,74.9279,48.5396,15.6717,125.374,0.0109234,34,,0.764706,56.2302
eval_probe,,prb_f_igual_r08_n048_est_i3,cbba,reward00,2,,,,,,,,,0.5,24.0,24.0,0.0,0.0,0.0,8.0,61.7901,8.90137,75.1394,48.4224,12.6,100.8,0.00674802,26,,0.923077,61.7901
eval_probe,,prb_f_igual_r08_n048_est_i3,cbba,reward00,3,,,,,,,,,0.5,24.0,24.0,0.0,0.0,0.0,8.0,60.6324,7.561,71.7762,46.2476,11.7341,93.8727,0.010775,29,,0.827586,60.6324
eval_probe,,prb_f_igual_r08_n048_est_i3,dec-mcts-v4-g9999,reward00,1,,,,,,,,,0.416667,20.0,28.0,0.0,0.0,0.0,8.0,55.4479,4.79793,62.8482,49.6127,19.6958,157.566,19.796,27,,0.740741,55.4479
eval_probe,,prb_f_igual_r08_n048_est_i3,dec-mcts-v4-g9999,reward00,2,,,,,,,,,0.458333,22.0,26.0,0.0,0.0,0.0,8.0,52.6647,8.39286,72.3768,46.7116,17.7914,142.331,19.5504,27,,0.814815,52.6647
eval_probe,,prb_f_igual_r08_n048_est_i3,dec-mcts-v4-g9999,reward00,3,,,,,,,,,0.458333,22.0,26.0,0.0,0.0,0.0,8.0,55.3241,6.46344,66.7036,48.9671,12.2849,98.279,20.5176,27,,0.814815,55.3241
eval_probe,,prb_f_igual_r08_n048_est_i3,greedy,reward00,1,,,,,,,,,0.4375,21.0,27.0,0.0,0.0,0.0,8.0,55.8524,5.40488,68.3063,50.0931,11.1333,89.0661,0.00178255,25,,0.84,55.8524
eval_probe,,prb_f_igual_r08_n048_est_i3,greedy,reward00,2,,,,,,,,,0.354167,17.0,31.0,0.0,0.0,0.0,8.0,60.7538,8.92672,73.1908,49.9388,11.0192,88.1535,0.00114119,21,,0.809524,60.7537
eval_probe,,prb_f_igual_r08_n048_est_i3,greedy,reward00,3,,,,,,,,,0.333333,16.0,32.0,0.0,0.0,0.0,8.0,57.7734,7.33053,71.51,50.5493,10.7159,85.7268,0.00174055,21,,0.761905,57.7734
eval_probe,,prb_f_igual_r08_n048_est_i3,random,reward00,1,,,,,,,,,0.270833,13.0,35.0,0.0,0.0,0.0,8.0,57.3841,7.94671,68.6558,48.6031,14.1288,113.03,0.000914286,15,,0.866667,57.3841
eval_probe,,prb_f_igual_r08_n048_est_i3,random,reward00,2,,,,,,,,,0.354167,17.0,31.0,0.0,0.0,0.0,8.0,53.8967,5.32647,65.0793,48.4473,19.1143,152.914,0.000964055,21,,0.809524,53.8967
eval_probe,,prb_f_igual_r08_n048_est_i3,random,reward00,3,,,,,,,,,0.208333,10.0,38.0,0.0,0.0,0.0,8.0,55.0374,8.07615,68.1377,46.97,13.5006,108.005,0.000880283,12,,0.833333,55.0374
eval_probe,,prb_h_capacidad_r04_n024_det_i1,cbaa,reward00,1,,,,,,,,,0.583333,14.0,10.0,0.0,0.0,0.0,4.0,51.4962,5.3632,57.864,44.8928,11.8194,47.2777,0.000871339,14,,1.0,51.4962
eval_probe,,prb_h_capacidad_r04_n024_det_i1,cbaa,reward00,2,,,,,,,,,0.583333,14.0,10.0,0.0,0.0,0.0,4.0,51.4962,5.3632,57.864,44.8928,11.8194,47.2777,0.000654893,14,,1.0,51.4962
eval_probe,,prb_h_capacidad_r04_n024_det_i1,cbaa,reward00,3,,,,,,,,,0.583333,14.0,10.0,0.0,0.0,0.0,4.0,51.4962,5.3632,57.864,44.8928,11.8194,47.2777,0.000569913,14,,1.0,51.4962
eval_probe,,prb_h_capacidad_r04_n024_det_i1,cbba,reward00,1,,,,,,,,,0.625,15.0,9.0,0.0,0.0,0.0,4.0,56.3142,7.44891,64.5456,46.6331,16.7928,67.1713,0.00203756,15,,1.0,56.3143
eval_probe,,prb_h_capacidad_r04_n024_det_i1,cbba,reward00,2,,,,,,,,,0.625,15.0,9.0,0.0,0.0,0.0,4.0,56.3142,7.44891,64.5456,46.6331,16.7928,67.1713,0.00136167,15,,1.0,56.3143
eval_probe,,prb_h_capacidad_r04_n024_det_i1,cbba,reward00,3,,,,,,,,,0.625,15.0,9.0,0.0,0.0,0.0,4.0,56.3142,7.44891,64.5456,46.6331,16.7928,67.1713,0.00218097,15,,1.0,56.3143
eval_probe,,prb_h_capacidad_r04_n024_det_i1,dec-mcts-v4-g9999,reward00,1,,,,,,,,,0.666667,16.0,8.0,0.0,0.0,0.0,4.0,58.5544,4.95193,64.6422,52.6412,16.4679,65.8717,3.08522,16,,1.0,58.5543
eval_probe,,prb_h_capacidad_r04_n024_det_i1,dec-mcts-v4-g9999,reward00,2,,,,,,,,,0.666667,16.0,8.0,0.0,0.0,0.0,4.0,59.2793,3.82259,64.5456,55.6378,16.5094,66.0375,3.00503,16,,1.0,59.2793
eval_probe,,prb_h_capacidad_r04_n024_det_i1,dec-mcts-v4-g9999,reward00,3,,,,,,,,,0.666667,16.0,8.0,0.0,0.0,0.0,4.0,57.9752,4.89574,64.0657,52.6412,15.2073,60.8291,3.3109,16,,1.0,57.9751
eval_probe,,prb_h_capacidad_r04_n024_det_i1,greedy,reward00,1,,,,,,,,,0.458333,11.0,13.0,0.0,0.0,0.0,4.0,54.1109,5.39858,61.734,49.9997,12.2567,49.0267,0.000514262,11,,1.0,54.1109
eval_probe,,prb_h_capacidad_r04_n024_det_i1,greedy,reward00,2,,,,,,,,,0.458333,11.0,13.0,0.0,0.0,0.0,4.0,54.1109,5.39858,61.734,49.9997,12.2567,49.0267,0.0011401,11,,1.0,54.1109
eval_probe,,prb_h_capacidad_r04_n024_det_i1,greedy,reward00,3,,,,,,,,,0.458333,11.0,13.0,0.0,0.0,0.0,4.0,54.1109,5.39858,61.734,49.9997,12.2567,49.0267,0.000872283,11,,1.0,54.1109
eval_probe,,prb_h_capacidad_r04_n024_det_i1,random,reward00,1,,,,,,,,,0.291667,7.0,17.0,0.0,0.0,0.0,4.0,53.2251,1.88932,55.0,50.5531,14.8097,59.2387,0.000646786,7,,1.0,53.2251
eval_probe,,prb_h_capacidad_r04_n024_det_i1,random,reward00,2,,,,,,,,,0.291667,7.0,17.0,0.0,0.0,0.0,4.0,54.2952,1.6344,56.1203,52.1697,11.8815,47.526,0.000527916,7,,1.0,54.2952
eval_probe,,prb_h_capacidad_r04_n024_det_i1,random,reward00,3,,,,,,,,,0.333333,8.0,16.0,0.0,0.0,0.0,4.0,54.534,3.81623,59.3233,49.9997,17.9579,71.8315,0.000569754,8,,1.0,54.534
eval_probe,,prb_h_capacidad_r04_n024_det_i2,cbaa,reward00,1,,,,,,,,,0.541667,13.0,11.0,0.0,0.0,0.0,4.0,44.4982,16.9178,54.3694,19.1667,11.5406,46.1625,0.000649836,13,,1.0,44.4982
eval_probe,,prb_h_capacidad_r04_n024_det_i2,cbaa,reward00,2,,,,,,,,,0.541667,13.0,11.0,0.0,0.0,0.0,4.0,44.4982,16.9178,54.3694,19.1667,11.5406,46.1625,0.00058113,13,,1.0,44.4982
eval_probe,,prb_h_capacidad_r04_n024_det_i2,cbaa,reward00,3,,,,,,,,,0.541667,13.0,11.0,0.0,0.0,0.0,4.0,44.4982,16.9178,54.3694,19.1667,11.5406,46.1625,0.000559456,13,,1.0,44.4982
eval_probe,,prb_h_capacidad_r04_n024_det_i2,cbba,reward00,1,,,,,,,,,0.625,15.0,9.0,0.0,0.0,0.0,4.0,51.4148,3.21693,54.3694,46.8333,13.4573,53.8291,0.00114637,15,,1.0,51.4149
eval_probe,,prb_h_capacidad_r04_n024_det_i2,cbba,reward00,2,,,,,,,,,0.625,15.0,9.0,0.0,0.0,0.0,4.0,51.4148,3.21693,54.3694,46.8333,13.4573,53.8291,0.00124412,15,,1.0,51.4149
eval_probe,,prb_h_capacidad_r04_n024_det_i2,cbba,reward00,3,,,,,,,,,0.625,15.0,9.0,0.0,0.0,0.0,4.0,51.4148,3.21693,54.3694,46.8333,13.4573,53.8291,0.00117347,15,,1.0,51.4149
eval_probe,,prb_h_capacidad_r04_n024_det_i2,dec-mcts-v4-g9999,reward00,1,,,,,,,,,0.625,15.0,9.0,0.0,0.0,0.0,4.0,55.3366,3.09002,58.9025,52.6134,14.6739,58.6956,2.94245,15,,1.0,55.3366
eval_probe,,prb_h_capacidad_r04_n024_det_i2,dec-mcts-v4-g9999,reward00,2,,,,,,,,,0.666667,16.0,8.0,0.0,0.0,0.0,4.0,58.6127,2.64528,61.2476,55.2514,16.1299,64.5195,3.01204,16,,1.0,58.6127
eval_probe,,prb_h_capacidad_r04_n024_det_i2,dec-mcts-v4-g9999,reward00,3,,,,,,,,,0.666667,16.0,8.0,0.0,0.0,0.0,4.0,57.6189,3.21014,61.2476,53.7424,16.0017,64.007,3.10534,16,,1.0,57.6189
eval_probe,,prb_h_capacidad_r04_n024_det_i2,greedy,reward00,1,,,,,,,,,0.333333,8.0,16.0,0.0,0.0,0.0,4.0,53.8222,3.41169,58.9025,51.6065,7.90786,31.6314,0.000429959,8,,1.0,53.8222
eval_probe,,prb_h_capacidad_r04_n024_det_i2,greedy,reward00,2,,,,,,,,,0.333333,8.0,16.0,0.0,0.0,0.0,4.0,53.8222,3.41169,58.9025,51.6065,7.90786,31.6314,0.000413756,8,,1.0,53.8222
eval_probe,,prb_h_capacidad_r04_n024_det_i2,greedy,reward00,3,,,,,,,,,0.333333,8.0,16.0,0.0,0.0,0.0,4.0,53.8222,3.41169,58.9025,51.6065,7.90786,31.6314,0.000357476,8,,1.0,53.8222
eval_probe,,prb_h_capacidad_r04_n024_det_i2,random,reward00,1,,,,,,,,,0.291667,7.0,17.0,0.0,0.0,0.0,4.0,52.9795,1.55578,55.1755,51.6065,12.5824,50.3296,0.000514661,7,,1.0,52.9794
eval_probe,,prb_h_capacidad_r04_n024_det_i2,random,reward00,2,,,,,,,,,0.291667,7.0,17.0,0.0,0.0,0.0,4.0,51.4108,0.993444,52.4979,50.3033,20.7002,82.8007,0.000373493,7,,1.0,51.4108
eval_probe,,prb_h_capacidad_r04_n024_det_i2,random,reward00,3,,,,,,,,,0.333333,8.0,16.0,0.0,0.0,0.0,4.0,54.6047,2.79019,57.1231,51.9465,16.7024,66.8097,0.000411331,8,,1.0,54.6047
eval_probe,,prb_h_capacidad_r04_n024_det_i3,cbaa,reward00,1,,,,,,,,,0.5,12.0,12.0,0.0,0.0,0.0,4.0,44.5719,17.3777,59.4742,20.0,12.4379,49.7514,0.000784467,12,,1.0,44.5719
eval_probe,,prb_h_capacidad_r04_n024_det_i3,cbaa,reward00,2,,,,,,,,,0.5,12.0,12.0,0.0,0.0,0.0,4.0,44.5719,17.3777,59.4742,20.0,12.4379,49.7514,0.000543019,12,,1.0,44.5719
eval_probe,,prb_h_capacidad_r04_n024_det_i3,cbaa,reward00,3,,,,,,,,,0.5,12.0,12.0,0.0,0.0,0.0,4.0,44.5719,17.3777,59.4742,20.0,12.4379,49.7514,0.000523719,12,,1.0,44.5719
eval_probe,,prb_h_capacidad_r04_n024_det_i3,cbba,reward00,1,,,,,,,,,0.625,15.0,9.0,0.0,0.0,0.0,4.0,54.7186,6.99598,60.5868,45.3233,15.0845,60.3382,0.00172698,15,,1.0,54.7186
eval_probe,,prb_h_capacidad_r04_n024_det_i3,cbba,reward00,2,,,,,,,,,0.625,15.0,9.0,0.0,0.0,0.0,4.0,54.7186,6.99598,60.5868,45.3233,15.0845,60.3382,0.0018162,15,,1.0,54.7186
eval_probe,,prb_h_capacidad_r04_n024_det_i3,cbba,reward00,3,,,,,,,,,0.625,15.0,9.0,0.0,0.0,0.0,4.0,54.7186,6.99598,60.5868,45.3233,15.0845,60.3382,0.00161767,15,,1.0,54.7186
eval_probe,,prb_h_capacidad_r04_n024_det_i3,dec-mcts-v4-g9999,reward00,1,,,,,,,,,0.583333,14.0,10.0,0.0,0.0,0.0,4.0,56.1377,5.14656,63.3196,51.1265,15.1906,60.7625,3.2304,14,,1.0,56.1377
eval_probe,,prb_h_capacidad_r04_n024_det_i3,dec-mcts-v4-g9999,reward00,2,,,,,,,,,0.666667,16.0,8.0,0.0,0.0,0.0,4.0,57.6502,4.00654,62.5902,53.4902,15.5161,62.0643,3.29368,16,,1.0,57.6501
eval_probe,,prb_h_capacidad_r04_n024_det_i3,dec-mcts-v4-g9999,reward00,3,,,,,,,,,0.583333,14.0,10.0,0.0,0.0,0.0,4.0,55.4287,3.41137,59.4742,51.1265,15.6092,62.4369,3.2057,14,,1.0,55.4286
eval_probe,,prb_h_capacidad_r04_n024_det_i3,greedy,reward00,1,,,,,,,,,0.333333,8.0,16.0,0.0,0.0,0.0,4.0,51.0275,5.51738,58.9602,47.0,10.8783,43.5131,0.000477905,8,,1.0,51.0275
eval_probe,,prb_h_capacidad_r04_n024_det_i3,greedy,reward00,2,,,,,,,,,0.333333,8.0,16.0,0.0,0.0,0.0,4.0,51.0275,5.51738,58.9602,47.0,10.8783,43.5131,0.000469303,8,,1.0,51.0275
eval_probe,,prb_h_capacidad_r04_n024_det_i3,greedy,reward00,3,,,,,,,,,0.333333,8.0,16.0,0.0,0.0,0.0,4.0,51.0275,5.51738,58.9602,47.0,10.902,43.6078,0.000634007,8,,1.0,51.0275
eval_probe,,prb_h_capacidad_r04_n024_det_i3,random,reward00,1,,,,,,,,,0.375,9.0,15.0,0.0,0.0,0.0,4.0,51.6768,5.77765,59.2787,46.6065,11.7175,46.8699,0.000447388,9,,1.0,51.6768
eval_probe,,prb_h_capacidad_r04_n024_det_i3,random,reward00,2,,,,,,,,,0.25,6.0,18.0,0.0,0.0,0.0,4.0,50.4032,4.95865,56.3734,46.0497,11.7788,47.1153,0.000440939,6,,1.0,50.4032
eval_probe,,prb_h_capacidad_r04_n024_det_i3,random,reward00,3,,,,,,,,,0.291667,7.0,17.0,0.0,0.0,0.0,4.0,49.8941,6.07639,58.9602,46.0497,22.9689,91.8757,0.000421194,7,,1.0,49.8941
eval_probe,,prb_h_capacidad_r04_n024_est_i1,cbaa,reward00,1,,,,,,,,,0.166667,4.0,20.0,0.0,0.0,0.0,4.0,15.3148,30.6296,61.2591,0.0,5.52442,22.0977,0.000396505,6,,0.666667,15.3148
eval_probe,,prb_h_capacidad_r04_n024_est_i1,cbaa,reward00,2,,,,,,,,,0.208333,5.0,13.0,6.0,0.0,0.0,4.0,11.6513,23.3025,46.6051,0.0,3.20451,12.818,0.000518868,5,,1.0,11.6513
eval_probe,,prb_h_capacidad_r04_n024_est_i1,cbaa,reward00,3,,,,,,,,,0.166667,4.0,20.0,0.0,0.0,0.0,4.0,14.8892,29.7785,59.5569,0.0,5.64665,22.5866,0.000579467,6,,0.666667,14.8892
eval_probe,,prb_h_capacidad_r04_n024_est_i1,cbba,reward00,1,,,,,,,,,0.5,12.0,12.0,0.0,0.0,0.0,4.0,56.7823,6.26761,64.2783,50.8554,17.2403,68.961,0.0022731,17,,0.705882,56.7823
eval_probe,,prb_h_capacidad_r04_n024_est_i1,cbba,reward00,2,,,,,,,,,0.541667,13.0,11.0,0.0,0.0,0.0,4.0,61.9176,10.7942,74.4249,52.547,12.9067,51.6269,0.00214593,17,,0.764706,61.9176
eval_probe,,prb_h_capacidad_r04_n024_est_i1,cbba,reward00,3,,,,,,,,,0.5,12.0,12.0,0.0,0.0,0.0,4.0,57.5203,3.07376,61.3718,54.8062,11.5905,46.3622,0.00184238,14,,0.857143,57.5203
eval_probe,,prb_h_capacidad_r04_n024_est_i1,dec-mcts-v4-g9999,reward00,1,,,,,,,,,0.458333,11.0,13.0,0.0,0.0,0.0,4.0,56.9256,10.447,71.4428,47.7692,19.7212,78.8848,4.2708,18,,0.611111,56.9256
eval_probe,,prb_h_capacidad_r04_n024_est_i1,dec-mcts-v4-g9999,reward00,2,,,,,,,,,0.416667,10.0,14.0,0.0,0.0,0.0,4.0,55.027,0.81276,55.6728,53.8931,14.9365,59.7458,4.35615,13,,0.769231,55.027
eval_probe,,prb_h_capacidad_r04_n024_est_i1,dec-mcts-v4-g9999,reward00,3,,,,,,,,,0.458333,11.0,13.0,0.0,0.0,0.0,4.0,62.9819,10.7247,74.5832,49.2586,14.214,56.8562,4.45938,13,,0.846154,62.9819
eval_probe,,prb_h_capacidad_r04_n024_est_i1,greedy,reward00,1,,,,,,,,,0.375,9.0,15.0,0.0,0.0,0.0,4.0,57.1713,5.06816,63.7094,52.8133,13.6971,54.7886,0.000533943,13,,0.692308,57.1713
eval_probe,,prb_h_capacidad_r04_n024_est_i1,greedy,reward00,2,,,,,,,,,0.25,6.0,18.0,0.0,0.0,0.0,4.0,54.7402,7.43294,64.5272,47.8965,14.184,56.7361,0.000419869,9,,0.666667,54.7402
eval_probe,,prb_h_capacidad_r04_n024_est_i1,greedy,reward00,3,,,,,,,,,0.208333,5.0,19.0,0.0,0.0,0.0,4.0,57.0318,2.99224,61.2849,54.2628,8.40207,33.6083,0.000353983,8,,0.625,57.0318
eval_probe,,prb_h_capacidad_r04_n024_est_i1,random,reward00,1,,,,,,,,,0.333333,8.0,16.0,0.0,0.0,0.0,4.0,57.2135,12.5733,75.6397,47.8965,23.6562,94.6247,0.000634875,12,,0.666667,57.2135
eval_probe,,prb_h_capacidad_r04_n024_est_i1,random,reward00,2,,,,,,,,,0.208333,5.0,19.0,0.0,0.0,0.0,4.0,50.991,1.29819,52.8133,49.8389,19.8067,79.2266,0.000378136,8,,0.625,50.9909
eval_probe,,prb_h_capacidad_r04_n024_est_i1,random,reward00,3,,,,,,,,,0.166667,4.0,20.0,0.0,0.0,0.0,4.0,50.9038,2.9682,54.8566,47.6923,21.3951,85.5805,0.000421231,10,,0.4,50.9038
eval_probe,,prb_h_capacidad_r04_n024_est_i2,cbaa,reward00,1,,,,,,,,,0.458333,11.0,13.0,0.0,0.0,0.0,4.0,49.764,18.2767,65.9108,24.2267,12.283,49.132,0.000913553,14,,0.785714,49.764
eval_probe,,prb_h_capacidad_r04_n024_est_i2,cbaa,reward00,2,,,,,,,,,0.5,12.0,12.0,0.0,0.0,0.0,4.0,48.4503,8.21035,59.556,42.1958,17.6209,70.4837,0.00105748,17,,0.705882,48.4503
eval_probe,,prb_h_capacidad_r04_n024_est_i2,cbaa,reward00,3,,,,,,,,,0.5,12.0,12.0,0.0,0.0,0.0,4.0,40.4512,24.9455,68.54,13.3698,20.0474,80.1895,0.00110504,19,,0.631579,40.4512
eval_probe,,prb_h_capacidad_r04_n024_est_i2,cbba,reward00,1,,,,,,,,,0.458333,11.0,13.0,0.0,0.0,0.0,4.0,53.7501,6.20569,57.7952,44.5525,13.968,55.8719,0.00206072,16,,0.6875,53.7501
eval_probe,,prb_h_capacidad_r04_n024_est_i2,cbba,reward00,2,,,,,,,,,0.583333,14.0,10.0,0.0,0.0,0.0,4.0,52.529,12.4404,66.3809,36.1231,15.4383,61.7531,0.00219507,20,,0.7,52.529
eval_probe,,prb_h_capacidad_r04_n024_est_i2,cbba,reward00,3,,,,,,,,,0.5,12.0,12.0,0.0,0.0,0.0,4.0,55.3566,6.3597,63.8544,50.3997,16.6017,66.407,0.00184771,18,,0.666667,55.3566
eval_probe,,prb_h_capacidad_r04_n024_est_i2,dec-mcts-v4-g9999,reward00,1,,,,,,,,,0.541667,13.0,11.0,0.0,0.0,0.0,4.0,61.2651,10.2055,74.934,52.8125,17.8552,71.4208,3.43787,17,,0.764706,61.2651
eval_probe,,prb_h_capacidad_r04_n024_est_i2,dec-mcts-v4-g9999,reward00,2,,,,,,,,,0.416667,10.0,14.0,0.0,0.0,0.0,4.0,56.3263,4.05541,61.8801,52.1798,20.7832,83.1328,3.3516,16,,0.625,56.3263
eval_probe,,prb_h_capacidad_r04_n024_est_i2,dec-mcts-v4-g9999,reward00,3,,,,,,,,,0.583333,14.0,10.0,0.0,0.0,0.0,4.0,59.8187,5.35429,66.9617,54.5876,20.2006,80.8025,3.63964,16,,0.875,59.8188
eval_probe,,prb_h_capacidad_r04_n024_est_i2,greedy,reward00,1,,,,,,,,,0.333333,8.0,16.0,0.0,0.0,0.0,4.0,60.7996,5.34968,65.8744,53.3697,11.2211,44.8845,0.000460913,10,,0.8,60.7996
eval_probe,,prb_h_capacidad_r04_n024_est_i2,greedy,reward00,2,,,,,,,,,0.375,9.0,15.0,0.0,0.0,0.0,4.0,52.7271,9.56008,64.7281,41.764,13.1395,52.5579,0.000502712,12,,0.75,52.7271
eval_probe,,prb_h_capacidad_r04_n024_est_i2,greedy,reward00,3,,,,,,,,,0.291667,7.0,17.0,0.0,0.0,0.0,4.0,56.957,7.50799,67.8982,50.8536,10.4485,41.794,0.000475378,12,,0.583333,56.957
eval_probe,,prb_h_capacidad_r04_n024_est_i2,random,reward00,1,,,,,,,,,0.125,3.0,21.0,0.0,0.0,0.0,4.0,51.8886,3.92436,57.7303,49.5022,14.3708,57.4831,0.000623537,7,,0.428571,51.8886
eval_probe,,prb_h_capacidad_r04_n024_est_i2,random,reward00,2,,,,,,,,,0.333333,8.0,16.0,0.0,0.0,0.0,4.0,58.916,5.89423,66.549,52.1765,10.4896,41.9583,0.000573451,8,,1.0,58.916
eval_probe,,prb_h_capacidad_r04_n024_est_i2,random,reward00,3,,,,,,,,,0.208333,5.0,19.0,0.0,0.0,0.0,4.0,55.0193,11.2858,71.7384,47.5231,18.9403,75.7612,0.000483447,11,,0.454545,55.0193
eval_probe,,prb_h_capacidad_r04_n024_est_i3,cbaa,reward00,1,,,,,,,,,0.416667,10.0,14.0,0.0,0.0,0.0,4.0,31.4363,36.4438,66.8412,0.0,11.4151,45.6603,0.000676314,15,,0.666667,31.4363
eval_probe,,prb_h_capacidad_r04_n024_est_i3,cbaa,reward00,2,,,,,,,,,0.333333,8.0,16.0,0.0,0.0,0.0,4.0,30.1096,35.653,69.8906,0.0,9.44497,37.7799,0.000899905,13,,0.615385,30.1096
eval_probe,,prb_h_capacidad_r04_n024_est_i3,cbaa,reward00,3,,,,,,,,,0.333333,8.0,16.0,0.0,0.0,0.0,4.0,31.5342,36.4734,65.6481,0.0,9.30038,37.2015,0.000793013,11,,0.727273,31.5342
eval_probe,,prb_h_capacidad_r04_n024_est_i3,cbba,reward00,1,,,,,,,,,0.541667,13.0,11.0,0.0,0.0,0.0,4.0,64.9396,13.6697,80.5635,48.1728,20.3793,81.5172,0.00195054,16,,0.8125,64.9395
eval_probe,,prb_h_capacidad_r04_n024_est_i3,cbba,reward00,2,,,,,,,,,0.541667,13.0,11.0,0.0,0.0,0.0,4.0,58.0074,2.73144,60.6937,54.4786,16.1157,64.463,0.00224554,19,,0.684211,58.0074
eval_probe,,prb_h_capacidad_r04_n024_est_i3,cbba,reward00,3,,,,,,,,,0.583333,14.0,10.0,0.0,0.0,0.0,4.0,61.1854,8.17634,71.1179,54.4476,16.3036,65.2146,0.00184427,16,,0.875,61.1855
eval_probe,,prb_h_capacidad_r04_n024_est_i3,dec-mcts-v4-g9999,reward00,1,,,,,,,,,0.416667,10.0,14.0,0.0,0.0,0.0,4.0,63.1076,7.45437,71.8326,55.1562,22.0291,88.1166,3.99203,17,,0.588235,63.1076
eval_probe,,prb_h_capacidad_r04_n024_est_i3,dec-mcts-v4-g9999,reward00,2,,,,,,,,,0.375,9.0,15.0,0.0,0.0,0.0,4.0,60.009,9.44895,70.8625,51.4369,10.7775,43.1099,4.9917,10,,0.9,60.009
eval_probe,,prb_h_capacidad_r04_n024_est_i3,dec-mcts-v4-g9999,reward00,3,,,,,,,,,0.416667,10.0,14.0,0.0,0.0,0.0,4.0,57.6577,2.73728,60.6882,54.6267,19.6944,78.7776,6.68113,16,,0.625,57.6577
eval_probe,,prb_h_capacidad_r04_n024_est_i3,greedy,reward00,1,,,,,,,,,0.291667,7.0,17.0,0.0,0.0,0.0,4.0,59.3408,9.46367,71.7841,49.8631,15.1115,60.4462,0.000714339,11,,0.636364,59.3409
eval_probe,,prb_h_capacidad_r04_n024_est_i3,greedy,reward00,2,,,,,,,,,0.291667,7.0,17.0,0.0,0.0,0.0,4.0,59.1355,4.54621,65.3019,54.7256,11.744,46.976,0.000621673,9,,0.777778,59.1354
eval_probe,,prb_h_capacidad_r04_n024_est_i3,greedy,reward00,3,,,,,,,,,0.25,6.0,18.0,0.0,0.0,0.0,4.0,60.8729,6.97304,70.338,54.7256,10.0876,40.3504,0.00061101,8,,0.75,60.8729
eval_probe,,prb_h_capacidad_r04_n024_est_i3,random,reward00,1,,,,,,,,,0.333333,8.0,16.0,0.0,0.0,0.0,4.0,58.6711,8.80376,69.804,50.6437,15.4511,61.8043,0.000636142,10,,0.8,58.6711
eval_probe,,prb_h_capacidad_r04_n024_est_i3,random,reward00,2,,,,,,,,,0.291667,7.0,17.0,0.0,0.0,0.0,4.0,58.6282,6.02233,67.292,54.3531,19.8504,79.4017,0.000720992,10,,0.7,58.6282
eval_probe,,prb_h_capacidad_r04_n024_est_i3,random,reward00,3,,,,,,,,,0.208333,5.0,19.0,0.0,0.0,0.0,4.0,56.124,2.16357,58.5444,53.3868,22.7566,91.0263,0.000678374,9,,0.555556,56.124
eval_probe,,prb_h_capacidad_r08_n048_det_i1,cbaa,reward00,1,,,,,,,,,0.5625,27.0,21.0,0.0,0.0,0.0,8.0,44.2751,17.5096,62.0069,16.0,10.4517,83.6133,0.00164755,27,,1.0,44.2751
eval_probe,,prb_h_capacidad_r08_n048_det_i1,cbaa,reward00,2,,,,,,,,,0.5625,27.0,21.0,0.0,0.0,0.0,8.0,44.2751,17.5096,62.0069,16.0,10.4517,83.6133,0.00168543,27,,1.0,44.2751
eval_probe,,prb_h_capacidad_r08_n048_det_i1,cbaa,reward00,3,,,,,,,,,0.5625,27.0,21.0,0.0,0.0,0.0,8.0,44.2751,17.5096,62.0069,16.0,10.4517,83.6133,0.0027738,27,,1.0,44.2751
eval_probe,,prb_h_capacidad_r08_n048_det_i1,cbba,reward00,1,,,,,,,,,0.708333,34.0,14.0,0.0,0.0,0.0,8.0,56.6342,6.37826,64.7687,46.113,14.0607,112.486,0.0123977,34,,1.0,56.6342
eval_probe,,prb_h_capacidad_r08_n048_det_i1,cbba,reward00,2,,,,,,,,,0.708333,34.0,14.0,0.0,0.0,0.0,8.0,56.6342,6.37826,64.7687,46.113,14.0607,112.486,0.0127274,34,,1.0,56.6342
eval_probe,,prb_h_capacidad_r08_n048_det_i1,cbba,reward00,3,,,,,,,,,0.708333,34.0,14.0,0.0,0.0,0.0,8.0,56.6342,6.37826,64.7687,46.113,14.0607,112.486,0.00898475,34,,1.0,56.6342
eval_probe,,prb_h_capacidad_r08_n048_det_i1,dec-mcts-v4-g9999,reward00,1,,,,,,,,,0.666667,32.0,16.0,0.0,0.0,0.0,8.0,58.8756,4.70532,64.7963,51.996,17.1398,137.119,17.4802,32,,1.0,58.8756
eval_probe,,prb_h_capacidad_r08_n048_det_i1,dec-mcts-v4-g9999,reward00,2,,,,,,,,,0.6875,33.0,15.0,0.0,0.0,0.0,8.0,57.9189,4.32528,63.919,51.4813,15.5154,124.123,17.7836,33,,1.0,57.9189
eval_probe,,prb_h_capacidad_r08_n048_det_i1,dec-mcts-v4-g9999,reward00,3,,,,,,,,,0.708333,34.0,14.0,0.0,0.0,0.0,8.0,58.1273,4.80773,64.7687,51.1521,15.171,121.368,17.9741,34,,1.0,58.1273
eval_probe,,prb_h_capacidad_r08_n048_det_i1,greedy,reward00,1,,,,,,,,,0.375,18.0,30.0,0.0,0.0,0.0,8.0,52.1705,6.36432,61.4965,46.0,9.62611,77.0089,0.00134394,18,,1.0,52.1705
eval_probe,,prb_h_capacidad_r08_n048_det_i1,greedy,reward00,2,,,,,,,,,0.375,18.0,30.0,0.0,0.0,0.0,8.0,52.1705,6.36432,61.4965,46.0,9.62611,77.0089,0.00149589,18,,1.0,52.1705
eval_probe,,prb_h_capacidad_r08_n048_det_i1,greedy,reward00,3,,,,,,,,,0.375,18.0,30.0,0.0,0.0,0.0,8.0,52.1705,6.36432,61.4965,46.0,9.62611,77.0089,0.00104659,18,,1.0,52.1705
eval_probe,,prb_h_capacidad_r08_n048_det_i1,random,reward00,1,,,,,,,,,0.416667,20.0,28.0,0.0,0.0,0.0,8.0,53.6243,1.95102,56.0059,49.6065,15.2879,122.303,0.00106334,20,,1.0,53.6243
eval_probe,,prb_h_capacidad_r08_n048_det_i1,random,reward00,2,,,,,,,,,0.354167,17.0,31.0,0.0,0.0,0.0,8.0,53.8631,5.4922,63.8527,47.0,14.0724,112.579,0.0010954,17,,1.0,53.8631
eval_probe,,prb_h_capacidad_r08_n048_det_i1,random,reward00,3,,,,,,,,,0.333333,16.0,32.0,0.0,0.0,0.0,8.0,51.7315,4.40776,58.1504,45.6065,18.335,146.68,0.000939428,16,,1.0,51.7315
eval_probe,,prb_h_capacidad_r08_n048_det_i2,cbaa,reward00,1,,,,,,,,,0.479167,23.0,25.0,0.0,0.0,0.0,8.0,36.7824,31.4775,64.8555,0.0,7.67276,61.3821,0.00212077,23,,1.0,36.7824
eval_probe,,prb_h_capacidad_r08_n048_det_i2,cbaa,reward00,2,,,,,,,,,0.479167,23.0,25.0,0.0,0.0,0.0,8.0,36.7824,31.4775,64.8555,0.0,7.67276,61.3821,0.00227861,23,,1.0,36.7824
eval_probe,,prb_h_capacidad_r08_n048_det_i2,cbaa,reward00,3,,,,,,,,,0.479167,23.0,25.0,0.0,0.0,0.0,8.0,36.7824,31.4775,64.8555,0.0,7.67276,61.3821,0.00226969,23,,1.0,36.7824
eval_probe,,prb_h_capacidad_r08_n048_det_i2,cbba,reward00,1,,,,,,,,,0.6875,33.0,15.0,0.0,0.0,0.0,8.0,54.8443,5.90685,63.649,45.1034,11.2609,90.0875,0.0162682,33,,1.0,54.8443
eval_probe,,prb_h_capacidad_r08_n048_det_i2,cbba,reward00,2,,,,,,,,,0.6875,33.0,15.0,0.0,0.0,0.0,8.0,54.8443,5.90685,63.649,45.1034,11.2609,90.0875,0.0110035,33,,1.0,54.8443
eval_probe,,prb_h_capacidad_r08_n048_det_i2,cbba,reward00,3,,,,,,,,,0.6875,33.0,15.0,0.0,0.0,0.0,8.0,54.8443,5.90685,63.649,45.1034,11.2609,90.0875,0.0142544,33,,1.0,54.8443
eval_probe,,prb_h_capacidad_r08_n048_det_i2,dec-mcts-v4-g9999,reward00,1,,,,,,,,,0.708333,34.0,14.0,0.0,0.0,0.0,8.0,59.5319,3.75125,65.0147,53.0,15.4434,123.547,18.5644,34,,1.0,59.5319
eval_probe,,prb_h_capacidad_r08_n048_det_i2,dec-mcts-v4-g9999,reward00,2,,,,,,,,,0.6875,33.0,15.0,0.0,0.0,0.0,8.0,58.2027,3.76717,64.3322,52.6929,14.8099,118.479,18.4844,33,,1.0,58.2027
eval_probe,,prb_h_capacidad_r08_n048_det_i2,dec-mcts-v4-g9999,reward00,3,,,,,,,,,0.6875,33.0,15.0,0.0,0.0,0.0,8.0,57.6226,4.45984,66.9072,52.1697,14.3682,114.945,18.31,33,,1.0,57.6226
eval_probe,,prb_h_capacidad_r08_n048_det_i2,greedy,reward00,1,,,,,,,,,0.333333,16.0,32.0,0.0,0.0,0.0,8.0,56.2189,3.61597,60.1969,52.1697,10.3726,82.9811,0.00152627,16,,1.0,56.2189
eval_probe,,prb_h_capacidad_r08_n048_det_i2,greedy,reward00,2,,,,,,,,,0.333333,16.0,32.0,0.0,0.0,0.0,8.0,56.2189,3.61597,60.1969,52.1697,10.3726,82.9811,0.00133266,16,,1.0,56.2189
eval_probe,,prb_h_capacidad_r08_n048_det_i2,greedy,reward00,3,,,,,,,,,0.333333,16.0,32.0,0.0,0.0,0.0,8.0,56.2189,3.61597,60.1969,52.1697,10.3726,82.9811,0.00129492,16,,1.0,56.2189
eval_probe,,prb_h_capacidad_r08_n048_det_i2,random,reward00,1,,,,,,,,,0.375,18.0,30.0,0.0,0.0,0.0,8.0,56.6155,5.25144,62.78,49.08,17.4033,139.226,0.000867917,18,,1.0,56.6156
eval_probe,,prb_h_capacidad_r08_n048_det_i2,random,reward00,2,,,,,,,,,0.291667,14.0,34.0,0.0,0.0,0.0,8.0,53.3419,2.87732,59.48,50.0156,16.5073,132.058,0.00123667,14,,1.0,53.3419
eval_probe,,prb_h_capacidad_r08_n048_det_i2,random,reward00,3,,,,,,,,,0.333333,16.0,32.0,0.0,0.0,0.0,8.0,55.3632,4.85966,66.8401,52.0513,17.8405,142.724,0.00139267,16,,1.0,55.3632
eval_probe,,prb_h_capacidad_r08_n048_det_i3,cbaa,reward00,1,,,,,,,,,0.375,18.0,30.0,0.0,0.0,0.0,8.0,28.5274,30.7221,62.0131,0.0,5.97096,47.7677,0.00204289,18,,1.0,28.5274
eval_probe,,prb_h_capacidad_r08_n048_det_i3,cbaa,reward00,2,,,,,,,,,0.375,18.0,30.0,0.0,0.0,0.0,8.0,28.5274,30.7221,62.0131,0.0,5.97096,47.7677,0.00230907,18,,1.0,28.5274
eval_probe,,prb_h_capacidad_r08_n048_det_i3,cbaa,reward00,3,,,,,,,,,0.375,18.0,30.0,0.0,0.0,0.0,8.0,28.5274,30.7221,62.0131,0.0,5.97096,47.7677,0.00204197,18,,1.0,28.5274
eval_probe,,prb_h_capacidad_r08_n048_det_i3,cbba,reward00,1,,,,,,,,,0.666667,32.0,16.0,0.0,0.0,0.0,8.0,55.8118,3.87033,60.9468,50.2731,13.1232,104.985,0.0130191,32,,1.0,55.8118
eval_probe,,prb_h_capacidad_r08_n048_det_i3,cbba,reward00,2,,,,,,,,,0.666667,32.0,16.0,0.0,0.0,0.0,8.0,55.8118,3.87033,60.9468,50.2731,13.1232,104.985,0.01349,32,,1.0,55.8118
eval_probe,,prb_h_capacidad_r08_n048_det_i3,cbba,reward00,3,,,,,,,,,0.666667,32.0,16.0,0.0,0.0,0.0,8.0,55.8118,3.87033,60.9468,50.2731,13.1232,104.985,0.0128621,32,,1.0,55.8118
eval_probe,,prb_h_capacidad_r08_n048_det_i3,dec-mcts-v4-g9999,reward00,1,,,,,,,,,0.6875,33.0,15.0,0.0,0.0,0.0,8.0,59.0878,2.70473,63.378,56.1497,14.6691,117.353,18.8164,33,,1.0,59.0878
eval_probe,,prb_h_capacidad_r08_n048_det_i3,dec-mcts-v4-g9999,reward00,2,,,,,,,,,0.645833,31.0,17.0,0.0,0.0,0.0,8.0,58.1227,4.74474,65.3698,51.5833,17.0801,136.641,18.5169,31,,1.0,58.1227
eval_probe,,prb_h_capacidad_r08_n048_det_i3,dec-mcts-v4-g9999,reward00,3,,,,,,,,,0.666667,32.0,16.0,0.0,0.0,0.0,8.0,59.1313,3.59051,65.9134,55.0322,17.0815,136.652,18.1064,32,,1.0,59.1313
eval_probe,,prb_h_capacidad_r08_n048_det_i3,greedy,reward00,1,,,,,,,,,0.3125,15.0,33.0,0.0,0.0,0.0,8.0,53.8481,5.07657,59.8956,48.0,8.71666,69.7333,0.001059,15,,1.0,53.8481
eval_probe,,prb_h_capacidad_r08_n048_det_i3,greedy,reward00,2,,,,,,,,,0.3125,15.0,33.0,0.0,0.0,0.0,8.0,53.8481,5.07657,59.8956,48.0,8.71666,69.7333,0.000906345,15,,1.0,53.8481
eval_probe,,prb_h_capacidad_r08_n048_det_i3,greedy,reward00,3,,,,,,,,,0.3125,15.0,33.0,0.0,0.0,0.0,8.0,53.8481,5.07657,59.8956,48.0,8.71666,69.7333,0.000920949,15,,1.0,53.8481
eval_probe,,prb_h_capacidad_r08_n048_det_i3,random,reward00,1,,,,,,,,,0.354167,17.0,31.0,0.0,0.0,0.0,8.0,53.0774,2.334,56.9908,50.1697,15.5314,124.252,0.00135848,17,,1.0,53.0774
eval_probe,,prb_h_capacidad_r08_n048_det_i3,random,reward00,2,,,,,,,,,0.3125,15.0,33.0,0.0,0.0,0.0,8.0,52.7648,3.28619,57.1265,48.0,16.2298,129.839,0.00147141,15,,1.0,52.7648
eval_probe,,prb_h_capacidad_r08_n048_det_i3,random,reward00,3,,,,,,,,,0.3125,15.0,33.0,0.0,0.0,0.0,8.0,53.0238,4.56237,59.8956,47.15,15.9599,127.679,0.00137482,15,,1.0,53.0238
eval_probe,,prb_h_capacidad_r08_n048_est_i1,cbaa,reward00,1,,,,,,,,,0.416667,20.0,28.0,0.0,0.0,0.0,8.0,27.0767,29.3577,64.7305,0.0,9.33972,74.7178,0.00173667,31,,0.645161,27.0767
eval_probe,,prb_h_capacidad_r08_n048_est_i1,cbaa,reward00,2,,,,,,,,,0.291667,14.0,34.0,0.0,0.0,0.0,8.0,27.5938,29.725,62.0844,0.0,7.49294,59.9435,0.00185962,22,,0.636364,27.5938
eval_probe,,prb_h_capacidad_r08_n048_est_i1,cbaa,reward00,3,,,,,,,,,0.3125,15.0,33.0,0.0,0.0,0.0,8.0,30.3801,33.2131,75.2804,0.0,9.05204,72.4163,0.0022674,24,,0.625,30.3801
eval_probe,,prb_h_capacidad_r08_n048_est_i1,cbba,reward00,1,,,,,,,,,0.625,30.0,18.0,0.0,0.0,0.0,8.0,56.5574,6.58148,71.0028,49.8878,15.4448,123.558,0.0172382,37,,0.810811,56.5574
eval_probe,,prb_h_capacidad_r08_n048_est_i1,cbba,reward00,2,,,,,,,,,0.5625,27.0,21.0,0.0,0.0,0.0,8.0,53.6559,4.45228,62.8441,49.3822,21.4137,171.309,0.0232186,42,,0.642857,53.6559
eval_probe,,prb_h_capacidad_r08_n048_est_i1,cbba,reward00,3,,,,,,,,,0.625,30.0,18.0,0.0,0.0,0.0,8.0,59.1815,8.25437,76.5259,51.3793,13.7459,109.967,0.0164221,33,,0.909091,59.1815
eval_probe,,prb_h_capacidad_r08_n048_est_i1,dec-mcts-v4-g9999,reward00,1,,,,,,,,,0.5,24.0,24.0,0.0,0.0,0.0,8.0,58.2373,7.54136,73.9606,51.9757,17.3213,138.571,23.8515,31,,0.774194,58.2373
eval_probe,,prb_h_capacidad_r08_n048_est_i1,dec-mcts-v4-g9999,reward00,2,,,,,,,,,0.395833,19.0,29.0,0.0,0.0,0.0,8.0,55.2921,4.21377,62.641,49.9127,14.8758,119.006,24.9478,24,,0.791667,55.2921
eval_probe,,prb_h_capacidad_r08_n048_est_i1,dec-mcts-v4-g9999,reward00,3,,,,,,,,,0.5625,27.0,21.0,0.0,0.0,0.0,8.0,59.5624,9.08788,78.9017,50.4397,17.6815,141.452,27.4308,32,,0.84375,59.5624
eval_probe,,prb_h_capacidad_r08_n048_est_i1,greedy,reward00,1,,,,,,,,,0.291667,14.0,34.0,0.0,0.0,0.0,8.0,56.8445,4.4312,62.5688,51.0333,7.9865,63.892,0.000903961,17,,0.823529,56.8445
eval_probe,,prb_h_capacidad_r08_n048_est_i1,greedy,reward00,2,,,,,,,,,0.354167,17.0,31.0,0.0,0.0,0.0,8.0,58.8882,6.62999,64.8765,50.0251,10.1672,81.3378,0.0011059,19,,0.894737,58.8882
eval_probe,,prb_h_capacidad_r08_n048_est_i1,greedy,reward00,3,,,,,,,,,0.375,18.0,30.0,0.0,0.0,0.0,8.0,59.2921,9.51587,72.0015,50.3684,9.90572,79.2458,0.00104272,20,,0.9,59.2921
eval_probe,,prb_h_capacidad_r08_n048_est_i1,random,reward00,1,,,,,,,,,0.270833,13.0,35.0,0.0,0.0,0.0,8.0,55.1668,4.97135,62.7417,49.8559,17.4204,139.363,0.00127317,16,,0.8125,55.1668
eval_probe,,prb_h_capacidad_r08_n048_est_i1,random,reward00,2,,,,,,,,,0.25,12.0,36.0,0.0,0.0,0.0,8.0,53.9108,3.00873,59.4419,50.9765,16.3684,130.947,0.000872682,14,,0.857143,53.9108
eval_probe,,prb_h_capacidad_r08_n048_est_i1,random,reward00,3,,,,,,,,,0.208333,10.0,38.0,0.0,0.0,0.0,8.0,53.4999,3.52606,60.5005,50.3089,17.0457,136.365,0.00127254,15,,0.666667,53.4999
eval_probe,,prb_h_capacidad_r08_n048_est_i2,cbaa,reward00,1,,,,,,,,,0.375,18.0,30.0,0.0,0.0,0.0,8.0,36.4698,30.5496,68.9685,0.0,8.26802,66.1442,0.00244954,22,,0.818182,36.4698
eval_probe,,prb_h_capacidad_r08_n048_est_i2,cbaa,reward00,2,,,,,,,,,0.416667,20.0,28.0,0.0,0.0,0.0,8.0,32.2056,26.9736,56.6441,0.0,10.3936,83.1489,0.00301214,30,,0.666667,32.2056
eval_probe,,prb_h_capacidad_r08_n048_est_i2,cbaa,reward00,3,,,,,,,,,0.375,18.0,30.0,0.0,0.0,0.0,8.0,34.6677,30.9716,69.6874,0.0,8.45839,67.6671,0.00252155,25,,0.72,34.6677
eval_probe,,prb_h_capacidad_r08_n048_est_i2,cbba,reward00,1,,,,,,,,,0.6875,33.0,15.0,0.0,0.0,0.0,8.0,56.2597,12.2595,83.1169,45.1424,18.4711,147.769,0.0207346,45,,0.733333,56.2597
eval_probe,,prb_h_capacidad_r08_n048_est_i2,cbba,reward00,2,,,,,,,,,0.5625,27.0,21.0,0.0,0.0,0.0,8.0,57.5851,5.80878,68.1152,50.7533,16.1429,129.143,0.0195812,41,,0.658537,57.5851
eval_probe,,prb_h_capacidad_r08_n048_est_i2,cbba,reward00,3,,,,,,,,,0.604167,29.0,19.0,0.0,0.0,0.0,8.0,53.7434,7.00621,67.9408,47.3404,16.7322,133.858,0.0238398,40,,0.725,53.7434
eval_probe,,prb_h_capacidad_r08_n048_est_i2,dec-mcts-v4-g9999,reward00,1,,,,,,,,,0.458333,22.0,26.0,0.0,0.0,0.0,8.0,57.7916,8.69125,71.9515,49.7637,16.9215,135.372,29.1852,25,,0.88,57.7916
eval_probe,,prb_h_capacidad_r08_n048_est_i2,dec-mcts-v4-g9999,reward00,2,,,,,,,,,0.520833,25.0,23.0,0.0,0.0,0.0,8.0,55.1266,5.40804,66.8816,50.13,19.81,158.48,26.3386,32,,0.78125,55.1266
eval_probe,,prb_h_capacidad_r08_n048_est_i2,dec-mcts-v4-g9999,reward00,3,,,,,,,,,0.479167,23.0,25.0,0.0,0.0,0.0,8.0,53.597,4.4868,60.8218,48.1903,19.4637,155.71,24.3412,31,,0.741935,53.597
eval_probe,,prb_h_capacidad_r08_n048_est_i2,greedy,reward00,1,,,,,,,,,0.333333,16.0,32.0,0.0,0.0,0.0,8.0,52.9352,7.18805,64.3622,45.0733,10.5703,84.5622,0.00165154,22,,0.727273,52.9352
eval_probe,,prb_h_capacidad_r08_n048_est_i2,greedy,reward00,2,,,,,,,,,0.354167,17.0,31.0,0.0,0.0,0.0,8.0,54.2427,2.90758,57.221,48.9846,10.8206,86.5645,0.00164047,22,,0.772727,54.2427
eval_probe,,prb_h_capacidad_r08_n048_est_i2,greedy,reward00,3,,,,,,,,,0.291667,14.0,34.0,0.0,0.0,0.0,8.0,55.1058,6.62928,67.5355,47.6935,10.6362,85.0899,0.00165631,20,,0.7,55.1058
eval_probe,,prb_h_capacidad_r08_n048_est_i2,random,reward00,1,,,,,,,,,0.229167,11.0,37.0,0.0,0.0,0.0,8.0,54.5799,7.37436,71.1476,47.06,18.1002,144.802,0.00131574,15,,0.733333,54.5799
eval_probe,,prb_h_capacidad_r08_n048_est_i2,random,reward00,2,,,,,,,,,0.229167,11.0,37.0,0.0,0.0,0.0,8.0,49.4077,3.04588,55.0686,45.8313,23.5668,188.535,0.00169657,20,,0.55,49.4077
eval_probe,,prb_h_capacidad_r08_n048_est_i2,random,reward00,3,,,,,,,,,0.1875,9.0,39.0,0.0,0.0,0.0,8.0,52.4513,3.53223,58.5054,48.8972,18.9276,151.421,0.00123845,20,,0.45,52.4513
eval_probe,,prb_h_capacidad_r08_n048_est_i3,cbaa,reward00,1,,,,,,,,,0.4375,21.0,27.0,0.0,0.0,0.0,8.0,42.2714,16.3612,55.4462,6.0,13.9567,111.654,0.00278116,32,,0.65625,42.2714
eval_probe,,prb_h_capacidad_r08_n048_est_i3,cbaa,reward00,2,,,,,,,,,0.625,30.0,18.0,0.0,0.0,0.0,8.0,47.0486,17.4293,61.173,6.0,16.939,135.512,0.00248112,44,,0.681818,47.0486
eval_probe,,prb_h_capacidad_r08_n048_est_i3,cbaa,reward00,3,,,,,,,,,0.604167,29.0,19.0,0.0,0.0,0.0,8.0,53.5991,9.13424,59.8973,32.5226,13.5305,108.244,0.00265515,33,,0.878788,53.5991
eval_probe,,prb_h_capacidad_r08_n048_est_i3,cbba,reward00,1,,,,,,,,,0.520833,25.0,23.0,0.0,0.0,0.0,8.0,53.158,8.68993,73.146,43.7349,14.064,112.512,0.0105303,31,,0.806452,53.158
eval_probe,,prb_h_capacidad_r08_n048_est_i3,cbba,reward00,2,,,,,,,,,0.645833,31.0,17.0,0.0,0.0,0.0,8.0,53.1103,5.02995,59.5367,45.2759,14.4791,115.833,0.0107191,38,,0.815789,53.1103
eval_probe,,prb_h_capacidad_r08_n048_est_i3,cbba,reward00,3,,,,,,,,,0.666667,32.0,16.0,0.0,0.0,0.0,8.0,59.8147,7.90338,73.4739,50.3862,17.6811,141.449,0.0158279,40,,0.8,59.8147
eval_probe,,prb_h_capacidad_r08_n048_est_i3,dec-mcts-v4-g9999,reward00,1,,,,,,,,,0.458333,22.0,26.0,0.0,0.0,0.0,8.0,56.92,8.33712,65.6515,45.1707,14.6329,117.063,22.6158,28,,0.785714,56.92
eval_probe,,prb_h_capacidad_r08_n048_est_i3,dec-mcts-v4-g9999,reward00,2,,,,,,,,,0.479167,23.0,25.0,0.0,0.0,0.0,8.0,57.4331,10.2818,74.7771,48.7297,16.9236,135.389,22.6381,29,,0.793103,57.4331
eval_probe,,prb_h_capacidad_r08_n048_est_i3,dec-mcts-v4-g9999,reward00,3,,,,,,,,,0.520833,25.0,23.0,0.0,0.0,0.0,8.0,52.071,3.68256,56.8869,46.0622,22.8266,182.612,22.5515,34,,0.735294,52.071
eval_probe,,prb_h_capacidad_r08_n048_est_i3,greedy,reward00,1,,,,,,,,,0.375,18.0,30.0,0.0,0.0,0.0,8.0,57.6413,7.32762,69.2025,48.6065,12.0431,96.3449,0.00182775,24,,0.75,57.6413
eval_probe,,prb_h_capacidad_r08_n048_est_i3,greedy,reward00,2,,,,,,,,,0.395833,19.0,29.0,0.0,0.0,0.0,8.0,57.4841,6.11848,68.3898,50.8433,11.8365,94.6918,0.00155963,24,,0.791667,57.4841
eval_probe,,prb_h_capacidad_r08_n048_est_i3,greedy,reward00,3,,,,,,,,,0.4375,21.0,27.0,0.0,0.0,0.0,8.0,50.1342,6.14426,58.5268,42.4825,10.9773,87.8184,0.00187606,25,,0.84,50.1342
eval_probe,,prb_h_capacidad_r08_n048_est_i3,random,reward00,1,,,,,,,,,0.229167,11.0,37.0,0.0,0.0,0.0,8.0,56.7532,4.67121,63.0343,50.9173,14.2504,114.003,0.00127794,13,,0.846154,56.7532
eval_probe,,prb_h_capacidad_r08_n048_est_i3,random,reward00,2,,,,,,,,,0.3125,15.0,33.0,0.0,0.0,0.0,8.0,57.3542,8.20989,72.871,50.8433,19.5066,156.053,0.00165394,21,,0.714286,57.3542
eval_probe,,prb_h_capacidad_r08_n048_est_i3,random,reward00,3,,,,,,,,,0.395833,19.0,29.0,0.0,0.0,0.0,8.0,50.1153,2.58559,53.3227,46.9802,21.1111,168.889,0.00152512,21,,0.904762,50.1153
eval_probe,,prb_h_disperso_r04_n024_det_i1,cbaa,reward00,1,,,,,,,,,0.583333,14.0,10.0,0.0,0.0,0.0,4.0,53.3977,2.38592,56.2399,50.5868,13.8658,55.4633,0.000582537,14,,1.0,53.3978
eval_probe,,prb_h_disperso_r04_n024_det_i1,cbaa,reward00,2,,,,,,,,,0.458333,11.0,13.0,0.0,0.0,0.0,4.0,40.3685,24.2071,54.1231,4.12311,8.12087,32.4835,0.000495987,11,,1.0,40.3686
eval_probe,,prb_h_disperso_r04_n024_det_i1,cbaa,reward00,3,,,,,,,,,0.583333,14.0,10.0,0.0,0.0,0.0,4.0,53.3977,2.38592,56.2399,50.5868,13.8658,55.4633,0.000647324,14,,1.0,53.3978
eval_probe,,prb_h_disperso_r04_n024_det_i1,cbba,reward00,1,,,,,,,,,0.666667,16.0,8.0,0.0,0.0,0.0,4.0,58.4672,4.16829,64.5456,55.2067,18.3342,73.3368,0.00195336,16,,1.0,58.4672
eval_probe,,prb_h_disperso_r04_n024_det_i1,cbba,reward00,2,,,,,,,,,0.666667,16.0,8.0,0.0,0.0,0.0,4.0,58.2462,4.32627,64.5456,55.2067,14.5486,58.1943,0.00180158,16,,1.0,58.2462
eval_probe,,prb_h_disperso_r04_n024_det_i1,cbba,reward00,3,,,,,,,,,0.666667,16.0,8.0,0.0,0.0,0.0,4.0,58.4672,4.16829,64.5456,55.2067,16.8357,67.343,0.00216184,16,,1.0,58.4672
eval_probe,,prb_h_disperso_r04_n024_det_i1,dec-mcts-v4-g9999,reward00,1,,,,,,,,,0.625,15.0,9.0,0.0,0.0,0.0,4.0,56.5003,3.59585,60.4959,52.0034,17.1803,68.721,3.13352,15,,1.0,56.5003
eval_probe,,prb_h_disperso_r04_n024_det_i1,dec-mcts-v4-g9999,reward00,2,,,,,,,,,0.666667,16.0,8.0,0.0,0.0,0.0,4.0,60.2346,2.19074,63.3682,58.3181,18.5054,74.0217,3.09883,16,,1.0,60.2346
eval_probe,,prb_h_disperso_r04_n024_det_i1,dec-mcts-v4-g9999,reward00,3,,,,,,,,,0.625,15.0,9.0,0.0,0.0,0.0,4.0,57.953,1.88264,60.4901,56.5218,18.7914,75.1656,3.15555,15,,1.0,57.953
eval_probe,,prb_h_disperso_r04_n024_det_i1,greedy,reward00,1,,,,,,,,,0.375,9.0,15.0,0.0,0.0,0.0,4.0,52.9699,1.98081,55.0,50.5868,5.83777,23.3511,0.000567005,9,,1.0,52.9699
eval_probe,,prb_h_disperso_r04_n024_det_i1,greedy,reward00,2,,,,,,,,,0.375,9.0,15.0,0.0,0.0,0.0,4.0,52.9699,1.98081,55.0,50.5868,5.83777,23.3511,0.000695722,9,,1.0,52.9699
eval_probe,,prb_h_disperso_r04_n024_det_i1,greedy,reward00,3,,,,,,,,,0.375,9.0,15.0,0.0,0.0,0.0,4.0,52.9699,1.98081,55.0,50.5868,5.83777,23.3511,0.000427722,9,,1.0,52.9699
eval_probe,,prb_h_disperso_r04_n024_det_i1,random,reward00,1,,,,,,,,,0.291667,7.0,17.0,0.0,0.0,0.0,4.0,54.2823,2.94731,56.3693,49.9997,19.7545,79.0179,0.000595683,7,,1.0,54.2824
eval_probe,,prb_h_disperso_r04_n024_det_i1,random,reward00,2,,,,,,,,,0.291667,7.0,17.0,0.0,0.0,0.0,4.0,55.2658,6.10128,64.1398,50.5531,22.3588,89.4352,0.000674604,7,,1.0,55.2659
eval_probe,,prb_h_disperso_r04_n024_det_i1,random,reward00,3,,,,,,,,,0.333333,8.0,16.0,0.0,0.0,0.0,4.0,52.8715,2.14182,55.0,50.1933,17.178,68.7119,0.000656768,8,,1.0,52.8715
eval_probe,,prb_h_disperso_r04_n024_det_i2,cbaa,reward00,1,,,,,,,,,0.708333,17.0,7.0,0.0,0.0,0.0,4.0,56.3659,4.56221,61.9128,51.3208,11.3026,45.2104,0.000658052,17,,1.0,56.3659
eval_probe,,prb_h_disperso_r04_n024_det_i2,cbaa,reward00,2,,,,,,,,,0.708333,17.0,7.0,0.0,0.0,0.0,4.0,56.3659,4.56221,61.9128,51.3208,11.3026,45.2104,0.00066103,17,,1.0,56.3659
eval_probe,,prb_h_disperso_r04_n024_det_i2,cbaa,reward00,3,,,,,,,,,0.416667,10.0,14.0,0.0,0.0,0.0,4.0,35.6772,19.9581,54.3694,16.1231,9.48015,37.9206,0.00089045,10,,1.0,35.6772
eval_probe,,prb_h_disperso_r04_n024_det_i2,cbba,reward00,1,,,,,,,,,0.708333,17.0,7.0,0.0,0.0,0.0,4.0,56.6891,4.10901,61.9128,52.6134,13.2138,52.8551,0.00204686,17,,1.0,56.689
eval_probe,,prb_h_disperso_r04_n024_det_i2,cbba,reward00,2,,,,,,,,,0.708333,17.0,7.0,0.0,0.0,0.0,4.0,56.6891,4.10901,61.9128,52.6134,13.2138,52.8551,0.00204037,17,,1.0,56.689
eval_probe,,prb_h_disperso_r04_n024_det_i2,cbba,reward00,3,,,,,,,,,0.708333,17.0,7.0,0.0,0.0,0.0,4.0,56.6891,4.10901,61.9128,52.6134,13.2138,52.8551,0.0013187,17,,1.0,56.689
eval_probe,,prb_h_disperso_r04_n024_det_i2,dec-mcts-v4-g9999,reward00,1,,,,,,,,,0.625,15.0,9.0,0.0,0.0,0.0,4.0,56.6552,2.69946,59.0471,52.9025,15.0919,60.3675,3.00083,15,,1.0,56.6551
eval_probe,,prb_h_disperso_r04_n024_det_i2,dec-mcts-v4-g9999,reward00,2,,,,,,,,,0.708333,17.0,7.0,0.0,0.0,0.0,4.0,58.6728,2.27409,61.9128,56.6193,14.0431,56.1722,3.13226,17,,1.0,58.6728
eval_probe,,prb_h_disperso_r04_n024_det_i2,dec-mcts-v4-g9999,reward00,3,,,,,,,,,0.708333,17.0,7.0,0.0,0.0,0.0,4.0,57.94,2.85144,60.9175,54.6424,13.0013,52.0053,3.10094,17,,1.0,57.94
eval_probe,,prb_h_disperso_r04_n024_det_i2,greedy,reward00,1,,,,,,,,,0.333333,8.0,16.0,0.0,0.0,0.0,4.0,55.3214,4.07295,59.6168,51.1597,6.8954,27.5816,0.000572407,8,,1.0,55.3214
eval_probe,,prb_h_disperso_r04_n024_det_i2,greedy,reward00,2,,,,,,,,,0.333333,8.0,16.0,0.0,0.0,0.0,4.0,55.3214,4.07295,59.6168,51.1597,6.8954,27.5816,0.000396021,8,,1.0,55.3214
eval_probe,,prb_h_disperso_r04_n024_det_i2,greedy,reward00,3,,,,,,,,,0.333333,8.0,16.0,0.0,0.0,0.0,4.0,55.3214,4.07295,59.6168,51.1597,6.8954,27.5816,0.000359462,8,,1.0,55.3214
eval_probe,,prb_h_disperso_r04_n024_det_i2,random,reward00,1,,,,,,,,,0.291667,7.0,17.0,0.0,0.0,0.0,4.0,51.5346,0.618554,52.1697,50.8956,18.3049,73.2195,0.00148015,7,,1.0,51.5346
eval_probe,,prb_h_disperso_r04_n024_det_i2,random,reward00,2,,,,,,,,,0.375,9.0,15.0,0.0,0.0,0.0,4.0,52.138,2.35916,55.5091,50.2008,26.002,104.008,0.000708627,9,,1.0,52.138
eval_probe,,prb_h_disperso_r04_n024_det_i2,random,reward00,3,,,,,,,,,0.291667,7.0,17.0,0.0,0.0,0.0,4.0,55.033,3.5115,58.8928,51.9465,18.7963,75.1852,0.000572649,7,,1.0,55.033
eval_probe,,prb_h_disperso_r04_n024_det_i3,cbaa,reward00,1,,,,,,,,,0.5,12.0,12.0,0.0,0.0,0.0,4.0,42.9145,18.2559,59.4742,17.0,11.567,46.268,0.000593972,12,,1.0,42.9145
eval_probe,,prb_h_disperso_r04_n024_det_i3,cbaa,reward00,2,,,,,,,,,0.625,15.0,9.0,0.0,0.0,0.0,4.0,51.3095,5.57252,59.3943,46.6356,11.0759,44.3037,0.000577723,15,,1.0,51.3095
eval_probe,,prb_h_disperso_r04_n024_det_i3,cbaa,reward00,3,,,,,,,,,0.625,15.0,9.0,0.0,0.0,0.0,4.0,51.3095,5.57252,59.3943,46.6356,11.0759,44.3037,0.000758138,15,,1.0,51.3095
eval_probe,,prb_h_disperso_r04_n024_det_i3,cbba,reward00,1,,,,,,,,,0.666667,16.0,8.0,0.0,0.0,0.0,4.0,55.4805,6.97537,63.3196,49.3474,12.7469,50.9877,0.00113753,16,,1.0,55.4805
eval_probe,,prb_h_disperso_r04_n024_det_i3,cbba,reward00,2,,,,,,,,,0.666667,16.0,8.0,0.0,0.0,0.0,4.0,55.4805,6.97537,63.3196,49.3474,12.7469,50.9877,0.00162937,16,,1.0,55.4805
eval_probe,,prb_h_disperso_r04_n024_det_i3,cbba,reward00,3,,,,,,,,,0.666667,16.0,8.0,0.0,0.0,0.0,4.0,55.4805,6.97537,63.3196,49.3474,12.7469,50.9877,0.00161108,16,,1.0,55.4805
eval_probe,,prb_h_disperso_r04_n024_det_i3,dec-mcts-v4-g9999,reward00,1,,,,,,,,,0.583333,14.0,10.0,0.0,0.0,0.0,4.0,51.3816,2.92771,54.6065,48.1265,14.611,58.4441,2.92459,14,,1.0,51.3815
eval_probe,,prb_h_disperso_r04_n024_det_i3,dec-mcts-v4-g9999,reward00,2,,,,,,,,,0.666667,16.0,8.0,0.0,0.0,0.0,4.0,56.53,6.0244,63.5902,51.1265,13.3009,53.2036,3.09938,16,,1.0,56.53
eval_probe,,prb_h_disperso_r04_n024_det_i3,dec-mcts-v4-g9999,reward00,3,,,,,,,,,0.625,15.0,9.0,0.0,0.0,0.0,4.0,53.7638,4.93187,59.6603,48.9131,13.2303,52.9211,3.17218,15,,1.0,53.7638
eval_probe,,prb_h_disperso_r04_n024_det_i3,greedy,reward00,1,,,,,,,,,0.458333,11.0,13.0,0.0,0.0,0.0,4.0,55.7435,2.4315,59.3569,54.1033,9.3737,37.4948,0.000638207,11,,1.0,55.7435
eval_probe,,prb_h_disperso_r04_n024_det_i3,greedy,reward00,2,,,,,,,,,0.458333,11.0,13.0,0.0,0.0,0.0,4.0,55.7435,2.4315,59.3569,54.1033,9.3737,37.4948,0.000662815,11,,1.0,55.7435
eval_probe,,prb_h_disperso_r04_n024_det_i3,greedy,reward00,3,,,,,,,,,0.458333,11.0,13.0,0.0,0.0,0.0,4.0,55.7435,2.4315,59.3569,54.1033,9.3737,37.4948,0.000475114,11,,1.0,55.7435
eval_probe,,prb_h_disperso_r04_n024_det_i3,random,reward00,1,,,,,,,,,0.333333,8.0,16.0,0.0,0.0,0.0,4.0,53.5916,5.41633,59.3569,46.6065,20.0333,80.1332,0.000660293,8,,1.0,53.5915
eval_probe,,prb_h_disperso_r04_n024_det_i3,random,reward00,2,,,,,,,,,0.291667,7.0,17.0,0.0,0.0,0.0,4.0,52.6498,4.52541,57.4721,46.6065,14.6579,58.6315,0.000589937,7,,1.0,52.6497
eval_probe,,prb_h_disperso_r04_n024_det_i3,random,reward00,3,,,,,,,,,0.375,9.0,15.0,0.0,0.0,0.0,4.0,54.975,5.04078,59.2787,47.8105,18.505,74.0201,0.000681813,9,,1.0,54.975
eval_probe,,prb_h_disperso_r04_n024_est_i1,cbaa,reward00,1,,,,,,,,,0.291667,7.0,17.0,0.0,0.0,0.0,4.0,31.9191,31.6473,68.8147,3.0,6.38031,25.5213,0.000776682,8,,0.875,31.9191
eval_probe,,prb_h_disperso_r04_n024_est_i1,cbaa,reward00,2,,,,,,,,,0.291667,7.0,16.0,1.0,0.0,0.0,4.0,16.0067,23.4076,51.0748,3.0,8.12416,32.4966,0.000644063,7,,1.0,16.0067
eval_probe,,prb_h_disperso_r04_n024_est_i1,cbaa,reward00,3,,,,,,,,,0.208333,5.0,19.0,0.0,0.0,0.0,4.0,22.4377,29.1998,65.9212,4.12311,9.85928,39.4371,0.000502952,8,,0.625,22.4377
eval_probe,,prb_h_disperso_r04_n024_est_i1,cbba,reward00,1,,,,,,,,,0.5,12.0,12.0,0.0,0.0,0.0,4.0,50.6141,1.24341,52.1361,49.2306,10.7751,43.1003,0.00138548,16,,0.75,50.6141
eval_probe,,prb_h_disperso_r04_n024_est_i1,cbba,reward00,2,,,,,,,,,0.541667,13.0,11.0,0.0,0.0,0.0,4.0,55.9341,5.55158,63.4528,50.2875,12.8721,51.4883,0.00233132,15,,0.866667,55.9341
eval_probe,,prb_h_disperso_r04_n024_est_i1,cbba,reward00,3,,,,,,,,,0.541667,13.0,11.0,0.0,0.0,0.0,4.0,57.7232,5.57145,62.057,49.5662,15.5957,62.3828,0.00214625,17,,0.764706,57.7232
eval_probe,,prb_h_disperso_r04_n024_est_i1,dec-mcts-v4-g9999,reward00,1,,,,,,,,,0.541667,13.0,11.0,0.0,0.0,0.0,4.0,58.1576,9.43903,70.9385,48.82,15.3621,61.4483,4.40593,15,,0.866667,58.1576
eval_probe,,prb_h_disperso_r04_n024_est_i1,dec-mcts-v4-g9999,reward00,2,,,,,,,,,0.416667,10.0,14.0,0.0,0.0,0.0,4.0,55.5861,5.57311,62.7943,51.0617,17.3433,69.3732,4.30031,14,,0.714286,55.5861
eval_probe,,prb_h_disperso_r04_n024_est_i1,dec-mcts-v4-g9999,reward00,3,,,,,,,,,0.5,12.0,12.0,0.0,0.0,0.0,4.0,58.9885,9.2245,69.7686,51.262,24.6742,98.6968,4.13125,18,,0.666667,58.9885
eval_probe,,prb_h_disperso_r04_n024_est_i1,greedy,reward00,1,,,,,,,,,0.458333,11.0,13.0,0.0,0.0,0.0,4.0,56.7472,4.24102,59.822,50.48,7.02332,28.0933,0.000769435,13,,0.846154,56.7473
eval_probe,,prb_h_disperso_r04_n024_est_i1,greedy,reward00,2,,,,,,,,,0.416667,10.0,14.0,0.0,0.0,0.0,4.0,64.1458,16.5622,87.758,52.4579,8.90203,35.6081,0.000708688,11,,0.909091,64.1457
eval_probe,,prb_h_disperso_r04_n024_est_i1,greedy,reward00,3,,,,,,,,,0.375,9.0,15.0,0.0,0.0,0.0,4.0,53.4899,2.08038,55.4344,50.8633,10.477,41.9078,0.000787459,13,,0.692308,53.4899
eval_probe,,prb_h_disperso_r04_n024_est_i1,random,reward00,1,,,,,,,,,0.291667,7.0,17.0,0.0,0.0,0.0,4.0,53.9439,5.01925,61.1513,50.2031,29.7097,118.839,0.000766653,9,,0.777778,53.9439
eval_probe,,prb_h_disperso_r04_n024_est_i1,random,reward00,2,,,,,,,,,0.291667,7.0,17.0,0.0,0.0,0.0,4.0,51.0364,1.79085,52.6732,48.5956,20.888,83.5521,0.000751305,10,,0.7,51.0364
eval_probe,,prb_h_disperso_r04_n024_est_i1,random,reward00,3,,,,,,,,,0.291667,7.0,17.0,0.0,0.0,0.0,4.0,59.7152,9.5235,70.8602,50.8633,18.3432,73.3726,0.000674431,9,,0.777778,59.7152
eval_probe,,prb_h_disperso_r04_n024_est_i2,cbaa,reward00,1,,,,,,,,,0.666667,16.0,8.0,0.0,0.0,0.0,4.0,60.2469,9.28464,69.4531,51.4693,12.3572,49.4288,0.00135088,19,,0.842105,60.2469
eval_probe,,prb_h_disperso_r04_n024_est_i2,cbaa,reward00,2,,,,,,,,,0.25,6.0,18.0,0.0,0.0,0.0,4.0,36.2618,22.2365,55.4418,8.8956,7.98332,31.9333,0.000527181,12,,0.5,36.2617
eval_probe,,prb_h_disperso_r04_n024_est_i2,cbaa,reward00,3,,,,,,,,,0.583333,14.0,10.0,0.0,0.0,0.0,4.0,56.9164,8.54281,68.2798,47.7559,15.2235,60.8941,0.000570018,15,,0.933333,56.9163
eval_probe,,prb_h_disperso_r04_n024_est_i2,cbba,reward00,1,,,,,,,,,0.625,15.0,9.0,0.0,0.0,0.0,4.0,55.8089,6.41732,63.8131,48.1607,15.8489,63.3955,0.00116278,18,,0.833333,55.8089
eval_probe,,prb_h_disperso_r04_n024_est_i2,cbba,reward00,2,,,,,,,,,0.666667,16.0,8.0,0.0,0.0,0.0,4.0,63.4275,16.2961,82.8348,48.8108,17.4308,69.7234,0.00131057,19,,0.842105,63.4275
eval_probe,,prb_h_disperso_r04_n024_est_i2,cbba,reward00,3,,,,,,,,,0.416667,10.0,14.0,0.0,0.0,0.0,4.0,47.5174,3.79468,52.8248,44.0709,19.4929,77.9715,0.00159034,23,,0.434783,47.5174
eval_probe,,prb_h_disperso_r04_n024_est_i2,dec-mcts-v4-g9999,reward00,1,,,,,,,,,0.375,9.0,15.0,0.0,0.0,0.0,4.0,55.2356,7.30551,62.9095,48.7559,13.7579,55.0318,2.63666,13,,0.692308,55.2356
eval_probe,,prb_h_disperso_r04_n024_est_i2,dec-mcts-v4-g9999,reward00,2,,,,,,,,,0.5,12.0,12.0,0.0,0.0,0.0,4.0,57.8724,7.3703,64.9955,48.3832,18.2891,73.1566,2.63657,15,,0.8,57.8724
eval_probe,,prb_h_disperso_r04_n024_est_i2,dec-mcts-v4-g9999,reward00,3,,,,,,,,,0.583333,14.0,10.0,0.0,0.0,0.0,4.0,62.7368,2.52193,64.5493,59.0547,19.0007,76.0027,2.57415,18,,0.777778,62.7368
eval_probe,,prb_h_disperso_r04_n024_est_i2,greedy,reward00,1,,,,,,,,,0.291667,7.0,17.0,0.0,0.0,0.0,4.0,53.2891,8.50432,65.1438,46.3418,9.52039,38.0816,0.000437676,13,,0.538462,53.2891
eval_probe,,prb_h_disperso_r04_n024_est_i2,greedy,reward00,2,,,,,,,,,0.333333,8.0,16.0,0.0,0.0,0.0,4.0,54.8588,5.63896,62.9846,50.7096,7.36468,29.4587,0.000764097,11,,0.727273,54.8588
eval_probe,,prb_h_disperso_r04_n024_est_i2,greedy,reward00,3,,,,,,,,,0.291667,7.0,17.0,0.0,0.0,0.0,4.0,57.7932,3.9846,61.804,53.1002,6.65454,26.6182,0.000443785,11,,0.636364,57.7932
eval_probe,,prb_h_disperso_r04_n024_est_i2,random,reward00,1,,,,,,,,,0.291667,7.0,17.0,0.0,0.0,0.0,4.0,53.949,7.12044,63.7989,47.9956,15.3222,61.2889,0.00033285,8,,0.875,53.949
eval_probe,,prb_h_disperso_r04_n024_est_i2,random,reward00,2,,,,,,,,,0.291667,7.0,17.0,0.0,0.0,0.0,4.0,55.037,3.66038,59.2598,50.585,16.9153,67.6613,0.000389738,8,,0.875,55.037
eval_probe,,prb_h_disperso_r04_n024_est_i2,random,reward00,3,,,,,,,,,0.333333,8.0,16.0,0.0,0.0,0.0,4.0,64.4464,7.66257,73.8394,55.7983,14.2031,56.8126,0.000398719,8,,1.0,64.4464
eval_probe,,prb_h_disperso_r04_n024_est_i3,cbaa,reward00,1,,,,,,,,,0.458333,11.0,13.0,0.0,0.0,0.0,4.0,44.5482,27.0873,61.8482,4.12311,12.187,48.7481,0.000479179,13,,0.846154,44.5482
eval_probe,,prb_h_disperso_r04_n024_est_i3,cbaa,reward00,2,,,,,,,,,0.458333,11.0,13.0,0.0,0.0,0.0,4.0,48.0801,15.555,63.5476,26.4545,15.9136,63.6544,0.000593864,17,,0.647059,48.0801
eval_probe,,prb_h_disperso_r04_n024_est_i3,cbaa,reward00,3,,,,,,,,,0.541667,13.0,11.0,0.0,0.0,0.0,4.0,46.2484,24.3289,66.5052,10.8956,17.0005,68.002,0.000595376,17,,0.764706,46.2484
eval_probe,,prb_h_disperso_r04_n024_est_i3,cbba,reward00,1,,,,,,,,,0.541667,13.0,11.0,0.0,0.0,0.0,4.0,55.495,4.3237,61.88,52.4071,15.1867,60.747,0.00126696,18,,0.722222,55.495
eval_probe,,prb_h_disperso_r04_n024_est_i3,cbba,reward00,2,,,,,,,,,0.5,12.0,12.0,0.0,0.0,0.0,4.0,56.5636,2.94878,60.049,53.9736,16.428,65.7119,0.00123761,17,,0.705882,56.5636
eval_probe,,prb_h_disperso_r04_n024_est_i3,cbba,reward00,3,,,,,,,,,0.541667,13.0,11.0,0.0,0.0,0.0,4.0,60.6229,11.0526,76.5998,53.1,19.1424,76.5695,0.00136213,17,,0.764706,60.6229
eval_probe,,prb_h_disperso_r04_n024_est_i3,dec-mcts-v4-g9999,reward00,1,,,,,,,,,0.416667,10.0,14.0,0.0,0.0,0.0,4.0,58.1302,6.77514,67.7413,52.0017,19.6108,78.4434,2.69004,14,,0.714286,58.1302
eval_probe,,prb_h_disperso_r04_n024_est_i3,dec-mcts-v4-g9999,reward00,2,,,,,,,,,0.458333,11.0,13.0,0.0,0.0,0.0,4.0,61.3588,1.75882,62.8458,58.9305,15.5472,62.189,2.62425,13,,0.846154,61.3588
eval_probe,,prb_h_disperso_r04_n024_est_i3,dec-mcts-v4-g9999,reward00,3,,,,,,,,,0.583333,14.0,10.0,0.0,0.0,0.0,4.0,60.9551,11.1055,70.8424,47.8186,23.7878,95.1512,2.83124,18,,0.777778,60.9551
eval_probe,,prb_h_disperso_r04_n024_est_i3,greedy,reward00,1,,,,,,,,,0.291667,7.0,17.0,0.0,0.0,0.0,4.0,61.7975,6.25082,69.6156,54.7256,7.81567,31.2627,0.000321342,9,,0.777778,61.7974
eval_probe,,prb_h_disperso_r04_n024_est_i3,greedy,reward00,2,,,,,,,,,0.25,6.0,18.0,0.0,0.0,0.0,4.0,55.058,2.92978,59.2955,52.9345,7.8874,31.5496,0.000277466,8,,0.75,55.058
eval_probe,,prb_h_disperso_r04_n024_est_i3,greedy,reward00,3,,,,,,,,,0.291667,7.0,17.0,0.0,0.0,0.0,4.0,62.2248,11.5643,77.7138,49.7679,9.14591,36.5836,0.000289201,9,,0.777778,62.2248
eval_probe,,prb_h_disperso_r04_n024_est_i3,random,reward00,1,,,,,,,,,0.208333,5.0,19.0,0.0,0.0,0.0,4.0,56.1803,1.96421,58.8608,54.695,16.4611,65.8443,0.000334489,6,,0.833333,56.1803
eval_probe,,prb_h_disperso_r04_n024_est_i3,random,reward00,2,,,,,,,,,0.291667,7.0,17.0,0.0,0.0,0.0,4.0,60.2796,5.13886,67.6067,55.7156,22.6212,90.4848,0.00035665,9,,0.777778,60.2796
eval_probe,,prb_h_disperso_r04_n024_est_i3,random,reward00,3,,,,,,,,,0.25,6.0,18.0,0.0,0.0,0.0,4.0,61.027,15.6686,82.402,48.1803,21.1607,84.6428,0.000449204,13,,0.461538,61.0269
eval_probe,,prb_h_disperso_r08_n048_det_i1,cbaa,reward00,1,,,,,,,,,0.666667,32.0,16.0,0.0,0.0,0.0,8.0,51.0705,8.23572,62.1421,37.5166,9.84672,78.7738,0.00191629,32,,1.0,51.0705
eval_probe,,prb_h_disperso_r08_n048_det_i1,cbaa,reward00,2,,,,,,,,,0.625,30.0,18.0,0.0,0.0,0.0,8.0,48.2119,13.0334,66.1657,27.6397,9.1719,73.3752,0.00263434,30,,1.0,48.2119
eval_probe,,prb_h_disperso_r08_n048_det_i1,cbaa,reward00,3,,,,,,,,,0.604167,29.0,19.0,0.0,0.0,0.0,8.0,45.5964,13.839,64.6332,26.0655,8.27916,66.2333,0.00240463,29,,1.0,45.5964
eval_probe,,prb_h_disperso_r08_n048_det_i1,cbba,reward00,1,,,,,,,,,0.75,36.0,12.0,0.0,0.0,0.0,8.0,57.7686,6.6337,67.3201,49.8454,10.8748,86.9981,0.00992646,36,,1.0,57.7686
eval_probe,,prb_h_disperso_r08_n048_det_i1,cbba,reward00,2,,,,,,,,,0.75,36.0,12.0,0.0,0.0,0.0,8.0,57.7686,6.6337,67.3201,49.8454,10.8748,86.9981,0.011345,36,,1.0,57.7686
eval_probe,,prb_h_disperso_r08_n048_det_i1,cbba,reward00,3,,,,,,,,,0.75,36.0,12.0,0.0,0.0,0.0,8.0,57.7686,6.6337,67.3201,49.8454,10.8748,86.9981,0.0113177,36,,1.0,57.7686
eval_probe,,prb_h_disperso_r08_n048_det_i1,dec-mcts-v4-g9999,reward00,1,,,,,,,,,0.6875,33.0,15.0,0.0,0.0,0.0,8.0,59.2703,5.28801,67.6827,52.5166,16.1048,128.838,20.1311,33,,1.0,59.2703
eval_probe,,prb_h_disperso_r08_n048_det_i1,dec-mcts-v4-g9999,reward00,2,,,,,,,,,0.6875,33.0,15.0,0.0,0.0,0.0,8.0,56.9528,4.37995,65.0549,52.5166,14.2933,114.346,20.0682,33,,1.0,56.9528
eval_probe,,prb_h_disperso_r08_n048_det_i1,dec-mcts-v4-g9999,reward00,3,,,,,,,,,0.666667,32.0,16.0,0.0,0.0,0.0,8.0,57.9521,3.77957,65.1265,53.8738,16.4782,131.825,17.8208,32,,1.0,57.9521
eval_probe,,prb_h_disperso_r08_n048_det_i1,greedy,reward00,1,,,,,,,,,0.5,24.0,24.0,0.0,0.0,0.0,8.0,54.6968,4.60766,63.0745,48.9756,7.02592,56.2074,0.00102021,24,,1.0,54.6968
eval_probe,,prb_h_disperso_r08_n048_det_i1,greedy,reward00,2,,,,,,,,,0.5,24.0,24.0,0.0,0.0,0.0,8.0,54.6968,4.60766,63.0745,48.9756,7.02592,56.2074,0.00158194,24,,1.0,54.6968
eval_probe,,prb_h_disperso_r08_n048_det_i1,greedy,reward00,3,,,,,,,,,0.5,24.0,24.0,0.0,0.0,0.0,8.0,54.6968,4.60766,63.0745,48.9756,7.02592,56.2074,0.00158699,24,,1.0,54.6968
eval_probe,,prb_h_disperso_r08_n048_det_i1,random,reward00,1,,,,,,,,,0.354167,17.0,31.0,0.0,0.0,0.0,8.0,51.7814,5.47547,62.4842,46.0,17.7411,141.928,0.00101044,17,,1.0,51.7814
eval_probe,,prb_h_disperso_r08_n048_det_i1,random,reward00,2,,,,,,,,,0.291667,14.0,34.0,0.0,0.0,0.0,8.0,51.6122,6.13507,64.7704,45.6065,16.6785,133.428,0.00122813,14,,1.0,51.6122
eval_probe,,prb_h_disperso_r08_n048_det_i1,random,reward00,3,,,,,,,,,0.458333,22.0,26.0,0.0,0.0,0.0,8.0,56.9734,3.98005,62.0651,50.8796,18.0406,144.325,0.00137285,22,,1.0,56.9734
eval_probe,,prb_h_disperso_r08_n048_det_i2,cbaa,reward00,1,,,,,,,,,0.520833,25.0,23.0,0.0,0.0,0.0,8.0,39.9779,29.8142,65.1382,3.0,7.65076,61.2061,0.00179561,25,,1.0,39.9779
eval_probe,,prb_h_disperso_r08_n048_det_i2,cbaa,reward00,2,,,,,,,,,0.520833,25.0,23.0,0.0,0.0,0.0,8.0,39.9779,29.8142,65.1382,3.0,7.65076,61.2061,0.00172249,25,,1.0,39.9779
eval_probe,,prb_h_disperso_r08_n048_det_i2,cbaa,reward00,3,,,,,,,,,0.520833,25.0,23.0,0.0,0.0,0.0,8.0,39.9779,29.8142,65.1382,3.0,7.65076,61.2061,0.00175107,25,,1.0,39.9779
eval_probe,,prb_h_disperso_r08_n048_det_i2,cbba,reward00,1,,,,,,,,,0.708333,34.0,14.0,0.0,0.0,0.0,8.0,54.898,6.90279,62.0657,45.1034,9.67801,77.4241,0.0141863,34,,1.0,54.898
eval_probe,,prb_h_disperso_r08_n048_det_i2,cbba,reward00,2,,,,,,,,,0.708333,34.0,14.0,0.0,0.0,0.0,8.0,54.8959,6.90339,62.0657,45.1034,8.63741,69.0993,0.0161681,34,,1.0,54.8959
eval_probe,,prb_h_disperso_r08_n048_det_i2,cbba,reward00,3,,,,,,,,,0.708333,34.0,14.0,0.0,0.0,0.0,8.0,54.8959,6.90339,62.0657,45.1034,8.72707,69.8166,0.0176105,34,,1.0,54.8959
eval_probe,,prb_h_disperso_r08_n048_det_i2,dec-mcts-v4-g9999,reward00,1,,,,,,,,,0.6875,33.0,15.0,0.0,0.0,0.0,8.0,60.712,3.32134,67.2319,57.8663,17.5865,140.692,19.8665,33,,1.0,60.712
eval_probe,,prb_h_disperso_r08_n048_det_i2,dec-mcts-v4-g9999,reward00,2,,,,,,,,,0.6875,33.0,15.0,0.0,0.0,0.0,8.0,58.7783,4.86404,65.1584,52.6929,14.5561,116.449,18.4109,33,,1.0,58.7783
eval_probe,,prb_h_disperso_r08_n048_det_i2,dec-mcts-v4-g9999,reward00,3,,,,,,,,,0.666667,32.0,16.0,0.0,0.0,0.0,8.0,58.1837,3.43835,65.0628,53.4513,16.232,129.856,18.4502,32,,1.0,58.1837
eval_probe,,prb_h_disperso_r08_n048_det_i2,greedy,reward00,1,,,,,,,,,0.5,24.0,24.0,0.0,0.0,0.0,8.0,55.0067,3.27028,60.9939,50.1231,6.15499,49.2399,0.00176417,24,,1.0,55.0067
eval_probe,,prb_h_disperso_r08_n048_det_i2,greedy,reward00,2,,,,,,,,,0.5,24.0,24.0,0.0,0.0,0.0,8.0,55.0067,3.27028,60.9939,50.1231,6.15499,49.2399,0.00187187,24,,1.0,55.0067
eval_probe,,prb_h_disperso_r08_n048_det_i2,greedy,reward00,3,,,,,,,,,0.5,24.0,24.0,0.0,0.0,0.0,8.0,55.0067,3.27028,60.9939,50.1231,6.15499,49.2399,0.00130172,24,,1.0,55.0067
eval_probe,,prb_h_disperso_r08_n048_det_i2,random,reward00,1,,,,,,,,,0.395833,19.0,29.0,0.0,0.0,0.0,8.0,55.8176,3.08047,59.106,52.1697,17.8185,142.548,0.00159506,19,,1.0,55.8176
eval_probe,,prb_h_disperso_r08_n048_det_i2,random,reward00,2,,,,,,,,,0.333333,16.0,32.0,0.0,0.0,0.0,8.0,55.2283,4.99852,62.2319,50.0156,17.4296,139.437,0.00143988,16,,1.0,55.2283
eval_probe,,prb_h_disperso_r08_n048_det_i2,random,reward00,3,,,,,,,,,0.395833,19.0,29.0,0.0,0.0,0.0,8.0,56.6101,3.73545,63.9451,53.1231,19.4339,155.471,0.00143759,19,,1.0,56.6101
eval_probe,,prb_h_disperso_r08_n048_det_i3,cbaa,reward00,1,,,,,,,,,0.291667,14.0,34.0,0.0,0.0,0.0,8.0,23.6565,26.9341,59.2797,3.0,5.82941,46.6353,0.00212474,14,,1.0,23.6565
eval_probe,,prb_h_disperso_r08_n048_det_i3,cbaa,reward00,2,,,,,,,,,0.416667,20.0,28.0,0.0,0.0,0.0,8.0,34.1787,26.2656,61.3167,3.0,8.27224,66.178,0.00157135,20,,1.0,34.1787
eval_probe,,prb_h_disperso_r08_n048_det_i3,cbaa,reward00,3,,,,,,,,,0.291667,14.0,34.0,0.0,0.0,0.0,8.0,23.6565,26.9341,59.2797,3.0,5.82941,46.6353,0.00207363,14,,1.0,23.6565
eval_probe,,prb_h_disperso_r08_n048_det_i3,cbba,reward00,1,,,,,,,,,0.645833,31.0,17.0,0.0,0.0,0.0,8.0,53.4904,6.56949,60.4157,44.2285,12.5316,100.253,0.014497,31,,1.0,53.4904
eval_probe,,prb_h_disperso_r08_n048_det_i3,cbba,reward00,2,,,,,,,,,0.666667,32.0,16.0,0.0,0.0,0.0,8.0,54.5674,6.01801,60.4157,44.2285,10.5955,84.764,0.0146455,32,,1.0,54.5673
eval_probe,,prb_h_disperso_r08_n048_det_i3,cbba,reward00,3,,,,,,,,,0.666667,32.0,16.0,0.0,0.0,0.0,8.0,54.5674,6.01801,60.4157,44.2285,11.756,94.0479,0.0119385,32,,1.0,54.5673
eval_probe,,prb_h_disperso_r08_n048_det_i3,dec-mcts-v4-g9999,reward00,1,,,,,,,,,0.645833,31.0,17.0,0.0,0.0,0.0,8.0,58.3786,2.8141,62.3034,55.0189,17.2881,138.305,18.1892,31,,1.0,58.3786
eval_probe,,prb_h_disperso_r08_n048_det_i3,dec-mcts-v4-g9999,reward00,2,,,,,,,,,0.6875,33.0,15.0,0.0,0.0,0.0,8.0,58.4645,3.08545,61.8313,52.9025,15.3453,122.763,18.4374,33,,1.0,58.4646
eval_probe,,prb_h_disperso_r08_n048_det_i3,dec-mcts-v4-g9999,reward00,3,,,,,,,,,0.666667,32.0,16.0,0.0,0.0,0.0,8.0,57.1109,2.96195,61.5844,52.1109,14.1799,113.439,18.5127,32,,1.0,57.1109
eval_probe,,prb_h_disperso_r08_n048_det_i3,greedy,reward00,1,,,,,,,,,0.333333,16.0,32.0,0.0,0.0,0.0,8.0,52.7053,2.76989,58.6331,50.1697,6.61619,52.9295,0.00137496,16,,1.0,52.7053
eval_probe,,prb_h_disperso_r08_n048_det_i3,greedy,reward00,2,,,,,,,,,0.333333,16.0,32.0,0.0,0.0,0.0,8.0,52.7053,2.76989,58.6331,50.1697,6.61619,52.9295,0.00128374,16,,1.0,52.7053
eval_probe,,prb_h_disperso_r08_n048_det_i3,greedy,reward00,3,,,,,,,,,0.333333,16.0,32.0,0.0,0.0,0.0,8.0,52.7053,2.76989,58.6331,50.1697,6.61619,52.9295,0.000927785,16,,1.0,52.7053
eval_probe,,prb_h_disperso_r08_n048_det_i3,random,reward00,1,,,,,,,,,0.3125,15.0,33.0,0.0,0.0,0.0,8.0,54.522,5.09267,65.8928,49.9133,19.3919,155.135,0.001328,15,,1.0,54.522
eval_probe,,prb_h_disperso_r08_n048_det_i3,random,reward00,2,,,,,,,,,0.375,18.0,30.0,0.0,0.0,0.0,8.0,55.2469,4.23358,64.2644,50.7356,17.1076,136.861,0.00139178,18,,1.0,55.2469
eval_probe,,prb_h_disperso_r08_n048_det_i3,random,reward00,3,,,,,,,,,0.291667,14.0,34.0,0.0,0.0,0.0,8.0,52.7623,4.3987,61.8537,48.0,17.9585,143.668,0.00102841,14,,1.0,52.7623
eval_probe,,prb_h_disperso_r08_n048_est_i1,cbaa,reward00,1,,,,,,,,,0.270833,13.0,35.0,0.0,0.0,0.0,8.0,29.3438,27.3101,62.8567,3.0,8.30412,66.4329,0.00170538,22,,0.590909,29.3438
eval_probe,,prb_h_disperso_r08_n048_est_i1,cbaa,reward00,2,,,,,,,,,0.3125,15.0,33.0,0.0,0.0,0.0,8.0,23.3033,26.6308,61.9571,3.0,8.78331,70.2665,0.00274519,26,,0.576923,23.3033
eval_probe,,prb_h_disperso_r08_n048_est_i1,cbaa,reward00,3,,,,,,,,,0.25,12.0,36.0,0.0,0.0,0.0,8.0,23.4993,26.6274,59.1804,3.0,7.04705,56.3764,0.00210345,17,,0.705882,23.4993
eval_probe,,prb_h_disperso_r08_n048_est_i1,cbba,reward00,1,,,,,,,,,0.6875,33.0,15.0,0.0,0.0,0.0,8.0,59.7889,5.56733,67.6799,48.5842,18.4427,147.541,0.0143153,42,,0.785714,59.7889
eval_probe,,prb_h_disperso_r08_n048_est_i1,cbba,reward00,2,,,,,,,,,0.666667,32.0,16.0,0.0,0.0,0.0,8.0,59.7757,5.87799,66.267,48.9232,18.1193,144.954,0.0168328,41,,0.780488,59.7757
eval_probe,,prb_h_disperso_r08_n048_est_i1,cbba,reward00,3,,,,,,,,,0.541667,26.0,22.0,0.0,0.0,0.0,8.0,58.9625,7.70058,71.0199,49.174,12.1056,96.8448,0.0175609,31,,0.83871,58.9625
eval_probe,,prb_h_disperso_r08_n048_est_i1,dec-mcts-v4-g9999,reward00,1,,,,,,,,,0.458333,22.0,26.0,0.0,0.0,0.0,8.0,62.2246,11.2238,81.474,48.8532,14.7482,117.986,26.406,29,,0.758621,62.2246
eval_probe,,prb_h_disperso_r08_n048_est_i1,dec-mcts-v4-g9999,reward00,2,,,,,,,,,0.5,24.0,24.0,0.0,0.0,0.0,8.0,58.4659,6.39022,65.4311,47.1326,19.4767,155.814,24.4015,30,,0.8,58.4659
eval_probe,,prb_h_disperso_r08_n048_est_i1,dec-mcts-v4-g9999,reward00,3,,,,,,,,,0.4375,21.0,27.0,0.0,0.0,0.0,8.0,57.2959,8.63248,70.7598,44.7041,14.9344,119.475,24.4487,27,,0.777778,57.2959
eval_probe,,prb_h_disperso_r08_n048_est_i1,greedy,reward00,1,,,,,,,,,0.333333,16.0,32.0,0.0,0.0,0.0,8.0,53.9261,5.47646,62.0979,47.2602,8.29197,66.3357,0.00128901,26,,0.615385,53.9261
eval_probe,,prb_h_disperso_r08_n048_est_i1,greedy,reward00,2,,,,,,,,,0.354167,17.0,31.0,0.0,0.0,0.0,8.0,58.8655,9.42355,76.1275,50.6177,6.51137,52.0909,0.0014344,22,,0.772727,58.8655
eval_probe,,prb_h_disperso_r08_n048_est_i1,greedy,reward00,3,,,,,,,,,0.333333,16.0,32.0,0.0,0.0,0.0,8.0,56.1258,6.01276,69.8761,50.9742,8.41298,67.3038,0.00160802,21,,0.761905,56.1258
eval_probe,,prb_h_disperso_r08_n048_est_i1,random,reward00,1,,,,,,,,,0.333333,16.0,32.0,0.0,0.0,0.0,8.0,62.3524,14.589,86.5352,50.9765,18.8364,150.692,0.00149944,17,,0.941176,62.3525
eval_probe,,prb_h_disperso_r08_n048_est_i1,random,reward00,2,,,,,,,,,0.3125,15.0,33.0,0.0,0.0,0.0,8.0,53.4158,3.02044,59.5331,49.7282,20.8108,166.487,0.00137608,20,,0.75,53.4158
eval_probe,,prb_h_disperso_r08_n048_est_i1,random,reward00,3,,,,,,,,,0.270833,13.0,35.0,0.0,0.0,0.0,8.0,56.2834,7.66504,70.8346,50.6531,21.1416,169.133,0.00118606,21,,0.619048,56.2834
eval_probe,,prb_h_disperso_r08_n048_est_i2,cbaa,reward00,1,,,,,,,,,0.395833,19.0,29.0,0.0,0.0,0.0,8.0,40.7678,31.87,86.7689,4.12311,10.3462,82.77,0.00185157,29,,0.655172,40.7678
eval_probe,,prb_h_disperso_r08_n048_est_i2,cbaa,reward00,2,,,,,,,,,0.354167,17.0,31.0,0.0,0.0,0.0,8.0,33.5382,24.401,56.112,4.12311,7.10369,56.8295,0.00263175,24,,0.708333,33.5382
eval_probe,,prb_h_disperso_r08_n048_est_i2,cbaa,reward00,3,,,,,,,,,0.333333,16.0,32.0,0.0,0.0,0.0,8.0,32.9626,24.4854,56.1473,4.12311,8.49075,67.926,0.00221906,24,,0.666667,32.9626
eval_probe,,prb_h_disperso_r08_n048_est_i2,cbba,reward00,1,,,,,,,,,0.645833,31.0,17.0,0.0,0.0,0.0,8.0,62.6199,8.95784,77.5123,51.5726,12.9513,103.611,0.583265,39,,0.794872,62.6199
eval_probe,,prb_h_disperso_r08_n048_est_i2,cbba,reward00,2,,,,,,,,,0.583333,28.0,20.0,0.0,0.0,0.0,8.0,58.9887,10.5943,74.4071,47.1436,11.8505,94.8044,0.00952127,39,,0.717949,58.9887
eval_probe,,prb_h_disperso_r08_n048_est_i2,cbba,reward00,3,,,,,,,,,0.708333,34.0,14.0,0.0,0.0,0.0,8.0,59.4499,8.47557,72.4428,45.7957,14.1731,113.385,0.0149995,41,,0.829268,59.4499
eval_probe,,prb_h_disperso_r08_n048_est_i2,dec-mcts-v4-g9999,reward00,1,,,,,,,,,0.520833,25.0,23.0,0.0,0.0,0.0,8.0,55.4908,10.3609,78.3421,45.8725,22.7546,182.037,24.8523,35,,0.714286,55.4909
eval_probe,,prb_h_disperso_r08_n048_est_i2,dec-mcts-v4-g9999,reward00,2,,,,,,,,,0.520833,25.0,23.0,0.0,0.0,0.0,8.0,61.0768,9.22468,74.7036,48.9569,20.9642,167.713,23.3721,34,,0.735294,61.0768
eval_probe,,prb_h_disperso_r08_n048_est_i2,dec-mcts-v4-g9999,reward00,3,,,,,,,,,0.520833,25.0,23.0,0.0,0.0,0.0,8.0,55.879,8.73471,66.8171,46.6777,17.6654,141.323,25.7887,29,,0.862069,55.879
eval_probe,,prb_h_disperso_r08_n048_est_i2,greedy,reward00,1,,,,,,,,,0.291667,14.0,34.0,0.0,0.0,0.0,8.0,51.7942,4.52741,61.6517,47.06,7.20177,57.6142,0.00145179,17,,0.823529,51.7942
eval_probe,,prb_h_disperso_r08_n048_est_i2,greedy,reward00,2,,,,,,,,,0.354167,17.0,31.0,0.0,0.0,0.0,8.0,55.1795,6.10176,62.2528,46.9265,6.99312,55.9449,0.000945777,17,,1.0,55.1795
eval_probe,,prb_h_disperso_r08_n048_est_i2,greedy,reward00,3,,,,,,,,,0.333333,16.0,32.0,0.0,0.0,0.0,8.0,50.4985,5.31836,59.6246,43.6065,6.68863,53.509,0.00164533,21,,0.761905,50.4986
eval_probe,,prb_h_disperso_r08_n048_est_i2,random,reward00,1,,,,,,,,,0.291667,14.0,34.0,0.0,0.0,0.0,8.0,56.7553,7.81169,72.7496,49.9765,19.3207,154.566,0.00156647,17,,0.823529,56.7553
eval_probe,,prb_h_disperso_r08_n048_est_i2,random,reward00,2,,,,,,,,,0.375,18.0,30.0,0.0,0.0,0.0,8.0,60.1565,8.54512,73.1366,50.8331,20.7126,165.701,0.00164446,19,,0.947368,60.1565
eval_probe,,prb_h_disperso_r08_n048_est_i2,random,reward00,3,,,,,,,,,0.333333,16.0,32.0,0.0,0.0,0.0,8.0,56.6958,7.23047,73.3592,50.8331,21.4227,171.382,0.00173145,20,,0.8,56.6958
eval_probe,,prb_h_disperso_r08_n048_est_i3,cbaa,reward00,1,,,,,,,,,0.5625,27.0,21.0,0.0,0.0,0.0,8.0,45.7337,26.2419,70.213,4.12311,13.1218,104.974,0.00179315,38,,0.710526,45.7337
eval_probe,,prb_h_disperso_r08_n048_est_i3,cbaa,reward00,2,,,,,,,,,0.416667,20.0,28.0,0.0,0.0,0.0,8.0,36.2048,27.0506,65.1742,4.12311,11.3181,90.545,0.00149508,29,,0.689655,36.2048
eval_probe,,prb_h_disperso_r08_n048_est_i3,cbaa,reward00,3,,,,,,,,,0.395833,19.0,29.0,0.0,0.0,0.0,8.0,35.9144,27.0843,69.0832,4.12311,9.16078,73.2863,0.0013738,25,,0.76,35.9144
eval_probe,,prb_h_disperso_r08_n048_est_i3,cbba,reward00,1,,,,,,,,,0.5625,27.0,21.0,0.0,0.0,0.0,8.0,58.7811,9.57877,79.0138,48.5144,12.1915,97.5321,0.00807844,29,,0.931034,58.7811
eval_probe,,prb_h_disperso_r08_n048_est_i3,cbba,reward00,2,,,,,,,,,0.6875,33.0,15.0,0.0,0.0,0.0,8.0,55.58,7.5653,68.606,46.7737,15.8283,126.627,0.011256,42,,0.785714,55.58
eval_probe,,prb_h_disperso_r08_n048_est_i3,cbba,reward00,3,,,,,,,,,0.604167,29.0,19.0,0.0,0.0,0.0,8.0,54.0818,9.17172,67.4937,43.6397,14.5514,116.412,0.00902814,37,,0.783784,54.0818
eval_probe,,prb_h_disperso_r08_n048_est_i3,dec-mcts-v4-g9999,reward00,1,,,,,,,,,0.479167,23.0,25.0,0.0,0.0,0.0,8.0,53.5026,10.1848,72.7731,43.7099,22.7141,181.713,17.4899,31,,0.741935,53.5026
eval_probe,,prb_h_disperso_r08_n048_est_i3,dec-mcts-v4-g9999,reward00,2,,,,,,,,,0.583333,28.0,20.0,0.0,0.0,0.0,8.0,55.61,7.57708,67.7122,44.3547,20.1075,160.86,16.5748,35,,0.8,55.61
eval_probe,,prb_h_disperso_r08_n048_est_i3,dec-mcts-v4-g9999,reward00,3,,,,,,,,,0.5,24.0,24.0,0.0,0.0,0.0,8.0,55.8968,4.94177,62.4025,49.7715,22.9793,183.834,15.6128,36,,0.666667,55.8968
eval_probe,,prb_h_disperso_r08_n048_est_i3,greedy,reward00,1,,,,,,,,,0.395833,19.0,29.0,0.0,0.0,0.0,8.0,55.699,7.05492,64.8949,45.4461,7.71783,61.7426,0.00138044,24,,0.791667,55.699
eval_probe,,prb_h_disperso_r08_n048_est_i3,greedy,reward00,2,,,,,,,,,0.291667,14.0,34.0,0.0,0.0,0.0,8.0,48.4979,7.17525,60.8672,41.4943,6.86554,54.9243,0.000848139,22,,0.636364,48.4978
eval_probe,,prb_h_disperso_r08_n048_est_i3,greedy,reward00,3,,,,,,,,,0.291667,14.0,34.0,0.0,0.0,0.0,8.0,50.0245,7.43897,61.2024,41.6821,7.18464,57.4772,0.00112405,23,,0.608696,50.0245
eval_probe,,prb_h_disperso_r08_n048_est_i3,random,reward00,1,,,,,,,,,0.229167,11.0,37.0,0.0,0.0,0.0,8.0,51.5327,4.64083,61.4312,46.97,21.4164,171.331,0.000800876,18,,0.611111,51.5327
eval_probe,,prb_h_disperso_r08_n048_est_i3,random,reward00,2,,,,,,,,,0.291667,14.0,34.0,0.0,0.0,0.0,8.0,57.6523,11.4458,83.6411,46.97,16.2585,130.068,0.00105744,15,,0.933333,57.6523
eval_probe,,prb_h_disperso_r08_n048_est_i3,random,reward00,3,,,,,,,,,0.291667,14.0,34.0,0.0,0.0,0.0,8.0,57.6625,8.17439,71.2469,48.6065,19.615,156.92,0.00146546,20,,0.7,57.6624
eval_probe,,prb_h_duracion_r04_n024_det_i1,cbaa,reward00,1,,,,,,,,,0.333333,8.0,12.0,4.0,0.0,0.0,4.0,24.1158,27.856,49.1231,0.0,10.199,40.7959,0.000711255,8,,1.0,24.1158
eval_probe,,prb_h_duracion_r04_n024_det_i1,cbaa,reward00,2,,,,,,,,,0.333333,8.0,12.0,4.0,0.0,0.0,4.0,24.1158,27.856,49.1231,0.0,10.199,40.7959,0.000777946,8,,1.0,24.1158
eval_probe,,prb_h_duracion_r04_n024_det_i1,cbaa,reward00,3,,,,,,,,,0.333333,8.0,12.0,4.0,0.0,0.0,4.0,24.1158,27.856,49.1231,0.0,10.199,40.7959,0.000832635,8,,1.0,24.1158
eval_probe,,prb_h_duracion_r04_n024_det_i1,cbba,reward00,1,,,,,,,,,0.666667,16.0,8.0,0.0,0.0,0.0,4.0,55.8653,4.67352,62.6512,51.9896,18.6669,74.6677,0.00203909,16,,1.0,55.8653
eval_probe,,prb_h_duracion_r04_n024_det_i1,cbba,reward00,2,,,,,,,,,0.666667,16.0,8.0,0.0,0.0,0.0,4.0,55.8653,4.67352,62.6512,51.9896,18.6669,74.6677,0.00217269,16,,1.0,55.8653
eval_probe,,prb_h_duracion_r04_n024_det_i1,cbba,reward00,3,,,,,,,,,0.666667,16.0,8.0,0.0,0.0,0.0,4.0,55.8653,4.67352,62.6512,51.9896,18.6669,74.6677,0.00214297,16,,1.0,55.8653
eval_probe,,prb_h_duracion_r04_n024_det_i1,dec-mcts-v4-g9999,reward00,1,,,,,,,,,0.666667,16.0,8.0,0.0,0.0,0.0,4.0,57.4244,6.92304,63.5892,49.1231,17.2929,69.1715,3.01431,16,,1.0,57.4244
eval_probe,,prb_h_duracion_r04_n024_det_i1,dec-mcts-v4-g9999,reward00,2,,,,,,,,,0.666667,16.0,8.0,0.0,0.0,0.0,4.0,55.8736,5.59806,62.6512,49.1231,15.3679,61.4718,3.28287,16,,1.0,55.8736
eval_probe,,prb_h_duracion_r04_n024_det_i1,dec-mcts-v4-g9999,reward00,3,,,,,,,,,0.666667,16.0,8.0,0.0,0.0,0.0,4.0,56.1694,5.06397,63.5892,52.3283,17.3444,69.3774,3.8259,16,,1.0,56.1694
eval_probe,,prb_h_duracion_r04_n024_det_i1,greedy,reward00,1,,,,,,,,,0.458333,11.0,13.0,0.0,0.0,0.0,4.0,53.4507,2.7052,56.6134,49.9997,12.131,48.5239,0.000476045,11,,1.0,53.4507
eval_probe,,prb_h_duracion_r04_n024_det_i1,greedy,reward00,2,,,,,,,,,0.458333,11.0,13.0,0.0,0.0,0.0,4.0,53.4507,2.7052,56.6134,49.9997,12.131,48.5239,0.000774663,11,,1.0,53.4507
eval_probe,,prb_h_duracion_r04_n024_det_i1,greedy,reward00,3,,,,,,,,,0.458333,11.0,13.0,0.0,0.0,0.0,4.0,53.4507,2.7052,56.6134,49.9997,12.131,48.5239,0.00104157,11,,1.0,53.4507
eval_probe,,prb_h_duracion_r04_n024_det_i1,random,reward00,1,,,,,,,,,0.333333,8.0,16.0,0.0,0.0,0.0,4.0,54.7107,5.39464,59.75,49.9997,18.1964,72.7854,0.000452351,8,,1.0,54.7107
eval_probe,,prb_h_duracion_r04_n024_det_i1,random,reward00,2,,,,,,,,,0.375,9.0,15.0,0.0,0.0,0.0,4.0,54.5392,1.93473,57.1697,52.6906,19.0671,76.2684,0.000467238,9,,1.0,54.5392
eval_probe,,prb_h_duracion_r04_n024_det_i1,random,reward00,3,,,,,,,,,0.333333,8.0,16.0,0.0,0.0,0.0,4.0,55.9271,4.69602,62.8519,52.5833,23.5913,94.365,0.000440958,8,,1.0,55.9271
eval_probe,,prb_h_duracion_r04_n024_det_i2,cbaa,reward00,1,,,,,,,,,0.625,15.0,9.0,0.0,0.0,0.0,4.0,48.2682,13.4803,60.9494,29.7037,16.2131,64.8526,0.000604542,15,,1.0,48.2683
eval_probe,,prb_h_duracion_r04_n024_det_i2,cbaa,reward00,2,,,,,,,,,0.625,15.0,9.0,0.0,0.0,0.0,4.0,48.2682,13.4803,60.9494,29.7037,16.2131,64.8526,0.000582463,15,,1.0,48.2683
eval_probe,,prb_h_duracion_r04_n024_det_i2,cbaa,reward00,3,,,,,,,,,0.625,15.0,9.0,0.0,0.0,0.0,4.0,48.2682,13.4803,60.9494,29.7037,16.2131,64.8526,0.000969674,15,,1.0,48.2683
eval_probe,,prb_h_duracion_r04_n024_det_i2,cbba,reward00,1,,,,,,,,,0.708333,17.0,7.0,0.0,0.0,0.0,4.0,55.1111,2.76768,58.6331,51.915,17.5797,70.3188,0.00221073,17,,1.0,55.1111
eval_probe,,prb_h_duracion_r04_n024_det_i2,cbba,reward00,2,,,,,,,,,0.708333,17.0,7.0,0.0,0.0,0.0,4.0,55.1111,2.76768,58.6331,51.915,17.5797,70.3188,0.00148631,17,,1.0,55.1111
eval_probe,,prb_h_duracion_r04_n024_det_i2,cbba,reward00,3,,,,,,,,,0.708333,17.0,7.0,0.0,0.0,0.0,4.0,55.1111,2.76768,58.6331,51.915,17.5797,70.3188,0.00226708,17,,1.0,55.1111
eval_probe,,prb_h_duracion_r04_n024_det_i2,dec-mcts-v4-g9999,reward00,1,,,,,,,,,0.75,18.0,6.0,0.0,0.0,0.0,4.0,59.3651,2.36133,62.2701,56.6296,19.3693,77.4771,3.26362,18,,1.0,59.3651
eval_probe,,prb_h_duracion_r04_n024_det_i2,dec-mcts-v4-g9999,reward00,2,,,,,,,,,0.708333,17.0,7.0,0.0,0.0,0.0,4.0,60.136,1.91411,62.2418,58.3999,20.795,83.1802,3.22526,17,,1.0,60.136
eval_probe,,prb_h_duracion_r04_n024_det_i2,dec-mcts-v4-g9999,reward00,3,,,,,,,,,0.708333,17.0,7.0,0.0,0.0,0.0,4.0,59.8969,2.19476,61.3405,56.6296,18.2737,73.0948,3.23929,17,,1.0,59.8969
eval_probe,,prb_h_duracion_r04_n024_det_i2,greedy,reward00,1,,,,,,,,,0.375,9.0,15.0,0.0,0.0,0.0,4.0,58.0664,5.16775,64.5868,52.1697,8.40207,33.6083,0.000608005,9,,1.0,58.0664
eval_probe,,prb_h_duracion_r04_n024_det_i2,greedy,reward00,2,,,,,,,,,0.375,9.0,15.0,0.0,0.0,0.0,4.0,58.0664,5.16775,64.5868,52.1697,8.40207,33.6083,0.000429363,9,,1.0,58.0664
eval_probe,,prb_h_duracion_r04_n024_det_i2,greedy,reward00,3,,,,,,,,,0.375,9.0,15.0,0.0,0.0,0.0,4.0,58.0664,5.16775,64.5868,52.1697,8.40207,33.6083,0.000533429,9,,1.0,58.0664
eval_probe,,prb_h_duracion_r04_n024_det_i2,random,reward00,1,,,,,,,,,0.291667,7.0,17.0,0.0,0.0,0.0,4.0,58.2806,7.25437,66.6065,51.1597,14.9807,59.9227,0.00056007,7,,1.0,58.2806
eval_probe,,prb_h_duracion_r04_n024_det_i2,random,reward00,2,,,,,,,,,0.375,9.0,15.0,0.0,0.0,0.0,4.0,54.9712,3.81547,60.4558,51.9465,16.7615,67.0462,0.000606879,9,,1.0,54.9712
eval_probe,,prb_h_duracion_r04_n024_det_i2,random,reward00,3,,,,,,,,,0.291667,7.0,17.0,0.0,0.0,0.0,4.0,54.7413,7.91825,66.6065,50.3033,21.0184,84.0736,0.000581612,7,,1.0,54.7413
eval_probe,,prb_h_duracion_r04_n024_det_i3,cbaa,reward00,1,,,,,,,,,0.541667,13.0,11.0,0.0,0.0,0.0,4.0,40.6075,27.47,57.5334,0.0,11.8033,47.2133,0.00104875,13,,1.0,40.6075
eval_probe,,prb_h_duracion_r04_n024_det_i3,cbaa,reward00,2,,,,,,,,,0.541667,13.0,11.0,0.0,0.0,0.0,4.0,40.6075,27.47,57.5334,0.0,11.8033,47.2133,0.000944145,13,,1.0,40.6075
eval_probe,,prb_h_duracion_r04_n024_det_i3,cbaa,reward00,3,,,,,,,,,0.541667,13.0,11.0,0.0,0.0,0.0,4.0,40.6075,27.47,57.5334,0.0,11.8033,47.2133,0.000977579,13,,1.0,40.6075
eval_probe,,prb_h_duracion_r04_n024_det_i3,cbba,reward00,1,,,,,,,,,0.708333,17.0,7.0,0.0,0.0,0.0,4.0,57.4385,3.54334,61.0128,52.6296,16.5212,66.085,0.00244425,17,,1.0,57.4385
eval_probe,,prb_h_duracion_r04_n024_det_i3,cbba,reward00,2,,,,,,,,,0.708333,17.0,7.0,0.0,0.0,0.0,4.0,57.4385,3.54334,61.0128,52.6296,16.5212,66.085,0.00267866,17,,1.0,57.4385
eval_probe,,prb_h_duracion_r04_n024_det_i3,cbba,reward00,3,,,,,,,,,0.708333,17.0,7.0,0.0,0.0,0.0,4.0,57.4385,3.54334,61.0128,52.6296,16.5212,66.085,0.00253205,17,,1.0,57.4385
eval_probe,,prb_h_duracion_r04_n024_det_i3,dec-mcts-v4-g9999,reward00,1,,,,,,,,,0.666667,16.0,8.0,0.0,0.0,0.0,4.0,59.0884,6.96452,68.359,51.57,20.0993,80.397,4.87802,16,,1.0,59.0884
eval_probe,,prb_h_duracion_r04_n024_det_i3,dec-mcts-v4-g9999,reward00,2,,,,,,,,,0.708333,17.0,7.0,0.0,0.0,0.0,4.0,60.9,5.79994,69.0549,55.9037,16.2984,65.1935,3.57372,17,,1.0,60.9
eval_probe,,prb_h_duracion_r04_n024_det_i3,dec-mcts-v4-g9999,reward00,3,,,,,,,,,0.708333,17.0,7.0,0.0,0.0,0.0,4.0,57.885,7.52935,69.0549,52.6296,15.7518,63.007,3.46737,17,,1.0,57.885
eval_probe,,prb_h_duracion_r04_n024_det_i3,greedy,reward00,1,,,,,,,,,0.416667,10.0,14.0,0.0,0.0,0.0,4.0,56.2382,6.77215,64.5433,49.1697,11.2697,45.0789,0.000779894,10,,1.0,56.2382
eval_probe,,prb_h_duracion_r04_n024_det_i3,greedy,reward00,2,,,,,,,,,0.416667,10.0,14.0,0.0,0.0,0.0,4.0,56.2382,6.77215,64.5433,49.1697,11.2697,45.0789,0.000741943,10,,1.0,56.2382
eval_probe,,prb_h_duracion_r04_n024_det_i3,greedy,reward00,3,,,,,,,,,0.416667,10.0,14.0,0.0,0.0,0.0,4.0,56.2382,6.77215,64.5433,49.1697,11.2697,45.0789,0.000831767,10,,1.0,56.2382
eval_probe,,prb_h_duracion_r04_n024_det_i3,random,reward00,1,,,,,,,,,0.333333,8.0,16.0,0.0,0.0,0.0,4.0,55.2015,6.80111,64.6596,49.75,20.849,83.3958,0.00076036,8,,1.0,55.2015
eval_probe,,prb_h_duracion_r04_n024_det_i3,random,reward00,2,,,,,,,,,0.333333,8.0,16.0,0.0,0.0,0.0,4.0,54.8165,3.96878,60.5728,51.6265,16.4044,65.6177,0.000681136,8,,1.0,54.8165
eval_probe,,prb_h_duracion_r04_n024_det_i3,random,reward00,3,,,,,,,,,0.416667,10.0,14.0,0.0,0.0,0.0,4.0,54.5545,4.41437,59.2787,48.6371,14.5668,58.2673,0.000721263,10,,1.0,54.5544
eval_probe,,prb_h_duracion_r04_n024_est_i1,cbaa,reward00,1,,,,,,,,,0.25,6.0,18.0,0.0,0.0,0.0,4.0,19.0062,32.0908,66.6874,0.0,6.90755,27.6302,0.000653904,6,,1.0,19.0062
eval_probe,,prb_h_duracion_r04_n024_est_i1,cbaa,reward00,2,,,,,,,,,0.208333,5.0,19.0,0.0,0.0,0.0,4.0,26.3258,30.4045,53.3952,0.0,5.65803,22.6321,0.00131708,6,,0.833333,26.3259
eval_probe,,prb_h_duracion_r04_n024_est_i1,cbaa,reward00,3,,,,,,,,,0.333333,8.0,16.0,0.0,0.0,0.0,4.0,27.9594,32.4368,59.762,0.0,9.05446,36.2178,0.000687044,9,,0.888889,27.9594
eval_probe,,prb_h_duracion_r04_n024_est_i1,cbba,reward00,1,,,,,,,,,0.416667,10.0,14.0,0.0,0.0,0.0,4.0,51.3555,7.82426,60.2729,41.932,19.5164,78.0656,0.00199177,18,,0.555556,51.3555
eval_probe,,prb_h_duracion_r04_n024_est_i1,cbba,reward00,2,,,,,,,,,0.5,12.0,12.0,0.0,0.0,0.0,4.0,54.5612,9.45222,67.1985,44.4086,21.0551,84.2203,0.00185996,21,,0.571429,54.5612
eval_probe,,prb_h_duracion_r04_n024_est_i1,cbba,reward00,3,,,,,,,,,0.458333,11.0,13.0,0.0,0.0,0.0,4.0,54.5321,5.07637,62.0642,51.0049,15.262,61.0482,0.00153421,16,,0.6875,54.532
eval_probe,,prb_h_duracion_r04_n024_est_i1,dec-mcts-v4-g9999,reward00,1,,,,,,,,,0.541667,13.0,11.0,0.0,0.0,0.0,4.0,57.9007,10.4077,73.2203,50.3979,18.4451,73.7804,4.24713,16,,0.8125,57.9007
eval_probe,,prb_h_duracion_r04_n024_est_i1,dec-mcts-v4-g9999,reward00,2,,,,,,,,,0.375,9.0,15.0,0.0,0.0,0.0,4.0,53.0926,3.44525,56.5369,49.3409,22.4095,89.6379,4.31216,18,,0.5,53.0926
eval_probe,,prb_h_duracion_r04_n024_est_i1,dec-mcts-v4-g9999,reward00,3,,,,,,,,,0.375,9.0,15.0,0.0,0.0,0.0,4.0,55.3437,12.2653,72.0758,44.3997,18.9612,75.8448,3.98613,16,,0.5625,55.3437
eval_probe,,prb_h_duracion_r04_n024_est_i1,greedy,reward00,1,,,,,,,,,0.416667,10.0,14.0,0.0,0.0,0.0,4.0,61.0435,7.8451,68.3294,50.2031,15.3372,61.3487,0.000478638,13,,0.769231,61.0435
eval_probe,,prb_h_duracion_r04_n024_est_i1,greedy,reward00,2,,,,,,,,,0.333333,8.0,16.0,0.0,0.0,0.0,4.0,58.0758,7.13932,65.7981,50.2031,11.3623,45.4492,0.000483267,10,,0.8,58.0758
eval_probe,,prb_h_duracion_r04_n024_est_i1,greedy,reward00,3,,,,,,,,,0.333333,8.0,16.0,0.0,0.0,0.0,4.0,52.783,1.78188,54.0254,50.2031,12.1379,48.5515,0.000379227,8,,1.0,52.7831
eval_probe,,prb_h_duracion_r04_n024_est_i1,random,reward00,1,,,,,,,,,0.25,6.0,18.0,0.0,0.0,0.0,4.0,57.7623,6.02452,62.7554,49.3097,17.7787,71.1147,0.000624844,12,,0.5,57.7623
eval_probe,,prb_h_duracion_r04_n024_est_i1,random,reward00,2,,,,,,,,,0.25,6.0,18.0,0.0,0.0,0.0,4.0,58.3096,6.59369,64.4635,52.4069,21.8064,87.2257,0.000471371,8,,0.75,58.3096
eval_probe,,prb_h_duracion_r04_n024_est_i1,random,reward00,3,,,,,,,,,0.25,6.0,18.0,0.0,0.0,0.0,4.0,60.0101,8.39637,72.4806,54.1958,19.0112,76.0446,0.000467925,9,,0.666667,60.01
eval_probe,,prb_h_duracion_r04_n024_est_i2,cbaa,reward00,1,,,,,,,,,0.583333,14.0,10.0,0.0,0.0,0.0,4.0,61.0103,9.37159,69.7329,50.5733,14.9172,59.6689,0.000433273,17,,0.823529,61.0103
eval_probe,,prb_h_duracion_r04_n024_est_i2,cbaa,reward00,2,,,,,,,,,0.5,12.0,12.0,0.0,0.0,0.0,4.0,39.3042,20.1562,55.0691,9.7912,15.4875,61.95,0.0004601,18,,0.666667,39.3042
eval_probe,,prb_h_duracion_r04_n024_est_i2,cbaa,reward00,3,,,,,,,,,0.708333,17.0,7.0,0.0,0.0,0.0,4.0,59.109,2.18931,62.1792,57.3012,15.1221,60.4883,0.000533754,19,,0.894737,59.109
eval_probe,,prb_h_duracion_r04_n024_est_i2,cbba,reward00,1,,,,,,,,,0.541667,13.0,11.0,0.0,0.0,0.0,4.0,52.9153,8.04723,63.3788,45.8303,15.2825,61.1302,0.00103388,16,,0.8125,52.9153
eval_probe,,prb_h_duracion_r04_n024_est_i2,cbba,reward00,2,,,,,,,,,0.541667,13.0,11.0,0.0,0.0,0.0,4.0,56.1523,7.46631,66.8963,50.4977,18.5313,74.1252,0.00102564,17,,0.764706,56.1523
eval_probe,,prb_h_duracion_r04_n024_est_i2,cbba,reward00,3,,,,,,,,,0.75,18.0,6.0,0.0,0.0,0.0,4.0,64.0055,9.55848,74.1339,51.6134,17.3763,69.5051,0.0012148,22,,0.818182,64.0054
eval_probe,,prb_h_duracion_r04_n024_est_i2,dec-mcts-v4-g9999,reward00,1,,,,,,,,,0.5,12.0,12.0,0.0,0.0,0.0,4.0,67.37,15.3225,86.6506,50.4938,14.5733,58.2931,2.07806,12,,1.0,67.37
eval_probe,,prb_h_duracion_r04_n024_est_i2,dec-mcts-v4-g9999,reward00,2,,,,,,,,,0.625,15.0,9.0,0.0,0.0,0.0,4.0,62.261,8.11095,69.4571,50.743,17.518,70.0721,1.91214,16,,0.9375,62.261
eval_probe,,prb_h_duracion_r04_n024_est_i2,dec-mcts-v4-g9999,reward00,3,,,,,,,,,0.416667,10.0,14.0,0.0,0.0,0.0,4.0,53.5363,10.4102,67.9647,43.1697,19.3601,77.4405,1.90076,16,,0.625,53.5363
eval_probe,,prb_h_duracion_r04_n024_est_i2,greedy,reward00,1,,,,,,,,,0.25,6.0,18.0,0.0,0.0,0.0,4.0,51.3291,3.29575,55.4237,47.9956,11.6005,46.4019,0.000278903,9,,0.666667,51.3291
eval_probe,,prb_h_duracion_r04_n024_est_i2,greedy,reward00,2,,,,,,,,,0.375,9.0,15.0,0.0,0.0,0.0,4.0,55.9473,8.4122,63.4725,47.9956,13.9961,55.9845,0.000307377,9,,1.0,55.9473
eval_probe,,prb_h_duracion_r04_n024_est_i2,greedy,reward00,3,,,,,,,,,0.333333,8.0,16.0,0.0,0.0,0.0,4.0,54.6267,6.11755,62.3504,47.9956,13.1305,52.522,0.00029924,11,,0.727273,54.6267
eval_probe,,prb_h_duracion_r04_n024_est_i2,random,reward00,1,,,,,,,,,0.291667,7.0,17.0,0.0,0.0,0.0,4.0,50.9739,2.03851,53.4012,48.6356,20.5563,82.2254,0.000289,11,,0.636364,50.9739
eval_probe,,prb_h_duracion_r04_n024_est_i2,random,reward00,2,,,,,,,,,0.291667,7.0,17.0,0.0,0.0,0.0,4.0,52.8586,5.06767,60.0091,48.3023,16.1072,64.4289,0.000258188,9,,0.777778,52.8586
eval_probe,,prb_h_duracion_r04_n024_est_i2,random,reward00,3,,,,,,,,,0.208333,5.0,19.0,0.0,0.0,0.0,4.0,53.5703,7.28532,63.735,47.1697,16.0109,64.0434,0.000259829,9,,0.555556,53.5703
eval_probe,,prb_h_duracion_r04_n024_est_i3,cbaa,reward00,1,,,,,,,,,0.291667,7.0,17.0,0.0,0.0,0.0,4.0,30.6405,35.3899,62.2712,0.0,10.0039,40.0155,0.000760652,9,,0.777778,30.6405
eval_probe,,prb_h_duracion_r04_n024_est_i3,cbaa,reward00,2,,,,,,,,,0.291667,7.0,17.0,0.0,0.0,0.0,4.0,29.8408,34.5132,62.0896,0.0,7.42325,29.693,0.000706839,7,,1.0,29.8408
eval_probe,,prb_h_duracion_r04_n024_est_i3,cbaa,reward00,3,,,,,,,,,0.375,9.0,15.0,0.0,0.0,0.0,4.0,30.2826,35.815,70.0517,0.0,12.3894,49.5577,0.000885143,11,,0.818182,30.2826
eval_probe,,prb_h_duracion_r04_n024_est_i3,cbba,reward00,1,,,,,,,,,0.666667,16.0,8.0,0.0,0.0,0.0,4.0,55.8716,6.61923,63.2882,47.5541,21.3845,85.5381,0.00268474,20,,0.8,55.8716
eval_probe,,prb_h_duracion_r04_n024_est_i3,cbba,reward00,2,,,,,,,,,0.458333,11.0,13.0,0.0,0.0,0.0,4.0,60.8741,8.99193,70.0338,52.5002,21.3964,85.5858,0.00231492,16,,0.6875,60.8741
eval_probe,,prb_h_duracion_r04_n024_est_i3,cbba,reward00,3,,,,,,,,,0.666667,16.0,8.0,0.0,0.0,0.0,4.0,56.7047,6.8018,66.8484,52.7677,16.8674,67.4696,0.00219422,19,,0.842105,56.7047
eval_probe,,prb_h_duracion_r04_n024_est_i3,dec-mcts-v4-g9999,reward00,1,,,,,,,,,0.458333,11.0,13.0,0.0,0.0,0.0,4.0,55.7401,5.56539,63.33,50.1782,19.5599,78.2395,4.42571,16,,0.6875,55.7401
eval_probe,,prb_h_duracion_r04_n024_est_i3,dec-mcts-v4-g9999,reward00,2,,,,,,,,,0.666667,16.0,8.0,0.0,0.0,0.0,4.0,55.1099,3.50249,58.0588,50.0326,23.6968,94.7871,4.33874,19,,0.842105,55.1099
eval_probe,,prb_h_duracion_r04_n024_est_i3,dec-mcts-v4-g9999,reward00,3,,,,,,,,,0.375,9.0,15.0,0.0,0.0,0.0,4.0,59.8588,5.6656,66.1284,52.7039,16.3572,65.4288,4.55437,11,,0.818182,59.8588
eval_probe,,prb_h_duracion_r04_n024_est_i3,greedy,reward00,1,,,,,,,,,0.25,6.0,18.0,0.0,0.0,0.0,4.0,60.8012,16.0067,80.4674,44.8956,15.7344,62.9374,0.000559741,12,,0.5,60.8012
eval_probe,,prb_h_duracion_r04_n024_est_i3,greedy,reward00,2,,,,,,,,,0.166667,4.0,20.0,0.0,0.0,0.0,4.0,60.4652,8.60449,70.3926,51.9742,13.5246,54.0986,0.000758198,9,,0.444444,60.4652
eval_probe,,prb_h_duracion_r04_n024_est_i3,greedy,reward00,3,,,,,,,,,0.291667,7.0,17.0,0.0,0.0,0.0,4.0,63.352,10.3514,75.2944,52.433,12.096,48.3839,0.000854546,11,,0.636364,63.352
eval_probe,,prb_h_duracion_r04_n024_est_i3,random,reward00,1,,,,,,,,,0.25,6.0,18.0,0.0,0.0,1.0,3.0,59.0371,7.82423,68.029,49.8631,24.6114,98.4455,0.00732031,12,,0.5,60.0239
eval_probe,,prb_h_duracion_r04_n024_est_i3,random,reward00,2,,,,,,,,,0.25,6.0,18.0,0.0,0.0,0.0,4.0,59.4991,7.25054,67.467,50.66,21.3418,85.3673,0.00076979,10,,0.6,59.4992
eval_probe,,prb_h_duracion_r04_n024_est_i3,random,reward00,3,,,,,,,,,0.208333,5.0,19.0,0.0,0.0,0.0,4.0,58.0695,5.52855,62.7712,50.66,17.0474,68.1896,0.000566276,7,,0.714286,58.0695
eval_probe,,prb_h_duracion_r08_n048_det_i1,cbaa,reward00,1,,,,,,,,,0.5625,27.0,21.0,0.0,0.0,0.0,8.0,36.9853,25.5392,70.6254,0.0,10.4578,83.6621,0.00172229,27,,1.0,36.9853
eval_probe,,prb_h_duracion_r08_n048_det_i1,cbaa,reward00,2,,,,,,,,,0.5625,27.0,21.0,0.0,0.0,0.0,8.0,36.9853,25.5392,70.6254,0.0,10.4578,83.6621,0.00196795,27,,1.0,36.9853
eval_probe,,prb_h_duracion_r08_n048_det_i1,cbaa,reward00,3,,,,,,,,,0.5625,27.0,21.0,0.0,0.0,0.0,8.0,36.8086,25.4164,70.6254,0.0,10.2804,82.2431,0.0018337,27,,1.0,36.8086
eval_probe,,prb_h_duracion_r08_n048_det_i1,cbba,reward00,1,,,,,,,,,0.729167,35.0,13.0,0.0,0.0,0.0,8.0,52.6278,9.25287,69.2482,40.1697,14.0731,112.585,0.0172372,35,,1.0,52.6278
eval_probe,,prb_h_duracion_r08_n048_det_i1,cbba,reward00,2,,,,,,,,,0.729167,35.0,13.0,0.0,0.0,0.0,8.0,52.6278,9.25287,69.2482,40.1697,14.0731,112.585,0.022614,35,,1.0,52.6278
eval_probe,,prb_h_duracion_r08_n048_det_i1,cbba,reward00,3,,,,,,,,,0.729167,35.0,13.0,0.0,0.0,0.0,8.0,52.6278,9.25287,69.2482,40.1697,14.0731,112.585,0.0227368,35,,1.0,52.6278
eval_probe,,prb_h_duracion_r08_n048_det_i1,dec-mcts-v4-g9999,reward00,1,,,,,,,,,0.708333,34.0,14.0,0.0,0.0,0.0,8.0,58.0364,7.4095,72.0651,50.0324,19.6464,157.171,17.3954,34,,1.0,58.0364
eval_probe,,prb_h_duracion_r08_n048_det_i1,dec-mcts-v4-g9999,reward00,2,,,,,,,,,0.729167,35.0,13.0,0.0,0.0,0.0,8.0,58.445,5.92721,71.4975,52.6523,18.7879,150.303,17.2405,35,,1.0,58.445
eval_probe,,prb_h_duracion_r08_n048_det_i1,dec-mcts-v4-g9999,reward00,3,,,,,,,,,0.6875,33.0,15.0,0.0,0.0,0.0,8.0,56.705,5.35896,69.2402,52.6523,16.7064,133.651,18.0766,33,,1.0,56.705
eval_probe,,prb_h_duracion_r08_n048_det_i1,greedy,reward00,1,,,,,,,,,0.375,18.0,30.0,0.0,0.0,0.0,8.0,52.6086,3.63314,60.3174,48.1231,8.51749,68.1399,0.00107492,18,,1.0,52.6086
eval_probe,,prb_h_duracion_r08_n048_det_i1,greedy,reward00,2,,,,,,,,,0.375,18.0,30.0,0.0,0.0,0.0,8.0,52.6086,3.63314,60.3174,48.1231,8.51749,68.1399,0.00148647,18,,1.0,52.6086
eval_probe,,prb_h_duracion_r08_n048_det_i1,greedy,reward00,3,,,,,,,,,0.375,18.0,30.0,0.0,0.0,0.0,8.0,52.6086,3.63314,60.3174,48.1231,8.51749,68.1399,0.0015194,18,,1.0,52.6086
eval_probe,,prb_h_duracion_r08_n048_det_i1,random,reward00,1,,,,,,,,,0.333333,16.0,32.0,0.0,0.0,0.0,8.0,52.5577,5.49365,61.544,47.2533,13.4396,107.517,0.00132002,16,,1.0,52.5577
eval_probe,,prb_h_duracion_r08_n048_det_i1,random,reward00,2,,,,,,,,,0.375,18.0,30.0,0.0,0.0,0.0,8.0,53.9233,6.05227,66.8166,48.4311,15.538,124.304,0.000856631,18,,1.0,53.9233
eval_probe,,prb_h_duracion_r08_n048_det_i1,random,reward00,3,,,,,,,,,0.375,18.0,30.0,0.0,0.0,0.0,8.0,54.2861,5.7701,63.6302,47.1697,13.8974,111.179,0.00105853,18,,1.0,54.2861
eval_probe,,prb_h_duracion_r08_n048_det_i2,cbaa,reward00,1,,,,,,,,,0.354167,17.0,30.0,1.0,0.0,0.0,8.0,20.9424,28.9293,58.1153,0.0,6.03527,48.2821,0.00212651,17,,1.0,20.9424
eval_probe,,prb_h_duracion_r08_n048_det_i2,cbaa,reward00,2,,,,,,,,,0.354167,17.0,30.0,1.0,0.0,0.0,8.0,20.9424,28.9293,58.1153,0.0,6.03527,48.2821,0.00139907,17,,1.0,20.9424
eval_probe,,prb_h_duracion_r08_n048_det_i2,cbaa,reward00,3,,,,,,,,,0.354167,17.0,30.0,1.0,0.0,0.0,8.0,20.9424,28.9293,58.1153,0.0,6.03527,48.2821,0.00149618,17,,1.0,20.9424
eval_probe,,prb_h_duracion_r08_n048_det_i2,cbba,reward00,1,,,,,,,,,0.729167,35.0,13.0,0.0,0.0,0.0,8.0,56.5928,6.41621,67.9156,48.0,15.478,123.824,0.0231151,35,,1.0,56.5928
eval_probe,,prb_h_duracion_r08_n048_det_i2,cbba,reward00,2,,,,,,,,,0.729167,35.0,13.0,0.0,0.0,0.0,8.0,55.917,4.66194,62.6898,48.8904,14.3048,114.438,0.0171839,35,,1.0,55.917
eval_probe,,prb_h_duracion_r08_n048_det_i2,cbba,reward00,3,,,,,,,,,0.729167,35.0,13.0,0.0,0.0,0.0,8.0,55.917,4.66194,62.6898,48.8904,14.3048,114.438,0.0207627,35,,1.0,55.917
eval_probe,,prb_h_duracion_r08_n048_det_i2,dec-mcts-v4-g9999,reward00,1,,,,,,,,,0.708333,34.0,14.0,0.0,0.0,0.0,8.0,60.9765,5.2573,69.32,54.6046,21.7402,173.921,20.3862,34,,1.0,60.9764
eval_probe,,prb_h_duracion_r08_n048_det_i2,dec-mcts-v4-g9999,reward00,2,,,,,,,,,0.708333,34.0,14.0,0.0,0.0,0.0,8.0,60.9131,6.67752,72.1898,53.1298,19.2686,154.149,21.0264,34,,1.0,60.9131
eval_probe,,prb_h_duracion_r08_n048_det_i2,dec-mcts-v4-g9999,reward00,3,,,,,,,,,0.6875,33.0,15.0,0.0,0.0,0.0,8.0,59.6419,5.51569,68.2088,53.5432,19.1698,153.359,19.3989,33,,1.0,59.6419
eval_probe,,prb_h_duracion_r08_n048_det_i2,greedy,reward00,1,,,,,,,,,0.3125,15.0,33.0,0.0,0.0,0.0,8.0,53.8128,4.56017,60.1969,48.0,11.4839,91.8715,0.00111517,15,,1.0,53.8128
eval_probe,,prb_h_duracion_r08_n048_det_i2,greedy,reward00,2,,,,,,,,,0.3125,15.0,33.0,0.0,0.0,0.0,8.0,53.8128,4.56017,60.1969,48.0,11.4839,91.8715,0.00110176,15,,1.0,53.8128
eval_probe,,prb_h_duracion_r08_n048_det_i2,greedy,reward00,3,,,,,,,,,0.3125,15.0,33.0,0.0,0.0,0.0,8.0,53.8128,4.56017,60.1969,48.0,11.4839,91.8715,0.0012804,15,,1.0,53.8128
eval_probe,,prb_h_duracion_r08_n048_det_i2,random,reward00,1,,,,,,,,,0.333333,16.0,32.0,0.0,0.0,0.0,8.0,53.0426,5.77424,64.48,48.1231,13.9086,111.269,0.00129532,16,,1.0,53.0426
eval_probe,,prb_h_duracion_r08_n048_det_i2,random,reward00,2,,,,,,,,,0.270833,13.0,35.0,0.0,0.0,0.0,8.0,52.2768,4.02743,58.1697,48.0,14.2637,114.11,0.000706637,13,,1.0,52.2768
eval_probe,,prb_h_duracion_r08_n048_det_i2,random,reward00,3,,,,,,,,,0.270833,13.0,35.0,0.0,0.0,0.0,8.0,53.4947,3.38669,58.1697,49.08,15.4249,123.399,0.000869114,13,,1.0,53.4947
eval_probe,,prb_h_duracion_r08_n048_det_i3,cbaa,reward00,1,,,,,,,,,0.520833,25.0,23.0,0.0,0.0,0.0,8.0,35.7196,30.4318,69.3711,0.0,9.41238,75.299,0.001584,25,,1.0,35.7196
eval_probe,,prb_h_duracion_r08_n048_det_i3,cbaa,reward00,2,,,,,,,,,0.520833,25.0,23.0,0.0,0.0,0.0,8.0,35.7196,30.4318,69.3711,0.0,9.41238,75.299,0.00218966,25,,1.0,35.7196
eval_probe,,prb_h_duracion_r08_n048_det_i3,cbaa,reward00,3,,,,,,,,,0.520833,25.0,23.0,0.0,0.0,0.0,8.0,35.7196,30.4318,69.3711,0.0,9.41238,75.299,0.00163448,25,,1.0,35.7196
eval_probe,,prb_h_duracion_r08_n048_det_i3,cbba,reward00,1,,,,,,,,,0.75,36.0,12.0,0.0,0.0,0.0,8.0,56.8304,6.9936,70.4597,47.4177,14.89,119.12,0.0177082,36,,1.0,56.8304
eval_probe,,prb_h_duracion_r08_n048_det_i3,cbba,reward00,2,,,,,,,,,0.75,36.0,12.0,0.0,0.0,0.0,8.0,56.8304,6.9936,70.4597,47.4177,14.89,119.12,0.017515,36,,1.0,56.8304
eval_probe,,prb_h_duracion_r08_n048_det_i3,cbba,reward00,3,,,,,,,,,0.75,36.0,12.0,0.0,0.0,0.0,8.0,56.8304,6.9936,70.4597,47.4177,14.89,119.12,0.0233922,36,,1.0,56.8304
eval_probe,,prb_h_duracion_r08_n048_det_i3,dec-mcts-v4-g9999,reward00,1,,,,,,,,,0.6875,33.0,15.0,0.0,0.0,0.0,8.0,59.6472,5.11669,67.3637,50.0711,19.6785,157.428,18.7052,33,,1.0,59.6472
eval_probe,,prb_h_duracion_r08_n048_det_i3,dec-mcts-v4-g9999,reward00,2,,,,,,,,,0.708333,34.0,14.0,0.0,0.0,0.0,8.0,60.676,3.73933,67.1948,56.6863,19.4946,155.957,18.94,34,,1.0,60.676
eval_probe,,prb_h_duracion_r08_n048_det_i3,dec-mcts-v4-g9999,reward00,3,,,,,,,,,0.6875,33.0,15.0,0.0,0.0,0.0,8.0,60.0987,3.34887,66.0627,54.61,20.6249,164.999,19.0837,33,,1.0,60.0987
eval_probe,,prb_h_duracion_r08_n048_det_i3,greedy,reward00,1,,,,,,,,,0.375,18.0,30.0,0.0,0.0,0.0,8.0,56.0099,4.93651,64.6175,50.1697,10.2385,81.9077,0.000954382,18,,1.0,56.0099
eval_probe,,prb_h_duracion_r08_n048_det_i3,greedy,reward00,2,,,,,,,,,0.375,18.0,30.0,0.0,0.0,0.0,8.0,56.0099,4.93651,64.6175,50.1697,10.2385,81.9077,0.000943931,18,,1.0,56.0099
eval_probe,,prb_h_duracion_r08_n048_det_i3,greedy,reward00,3,,,,,,,,,0.375,18.0,30.0,0.0,0.0,0.0,8.0,56.0099,4.93651,64.6175,50.1697,10.2385,81.9077,0.000962121,18,,1.0,56.0099
eval_probe,,prb_h_duracion_r08_n048_det_i3,random,reward00,1,,,,,,,,,0.416667,20.0,28.0,0.0,0.0,0.0,8.0,55.2395,5.78787,67.2713,49.251,13.239,105.912,0.00137999,20,,1.0,55.2395
eval_probe,,prb_h_duracion_r08_n048_det_i3,random,reward00,2,,,,,,,,,0.333333,16.0,32.0,0.0,0.0,0.0,8.0,54.567,5.3523,62.996,47.15,14.7012,117.61,0.00126895,16,,1.0,54.567
eval_probe,,prb_h_duracion_r08_n048_det_i3,random,reward00,3,,,,,,,,,0.3125,15.0,33.0,0.0,0.0,0.0,8.0,58.284,7.01055,67.6079,49.1556,14.2352,113.881,0.00116793,15,,1.0,58.284
eval_probe,,prb_h_duracion_r08_n048_est_i1,cbaa,reward00,1,,,,,,,,,0.354167,17.0,31.0,0.0,0.0,0.0,8.0,29.9837,32.5101,72.3708,0.0,9.41182,75.2945,0.00121958,19,,0.894737,29.9837
eval_probe,,prb_h_duracion_r08_n048_est_i1,cbaa,reward00,2,,,,,,,,,0.270833,13.0,35.0,0.0,0.0,0.0,8.0,26.8361,30.6627,63.5157,0.0,9.61912,76.953,0.00127051,17,,0.764706,26.8361
eval_probe,,prb_h_duracion_r08_n048_est_i1,cbaa,reward00,3,,,,,,,,,0.229167,11.0,37.0,0.0,0.0,0.0,8.0,23.4112,29.87,62.7142,0.0,8.15855,65.2684,0.00114617,16,,0.6875,23.4112
eval_probe,,prb_h_duracion_r08_n048_est_i1,cbba,reward00,1,,,,,,,,,0.583333,28.0,20.0,0.0,0.0,0.0,8.0,57.1262,5.48113,65.7813,51.4057,16.1501,129.2,0.0129327,37,,0.756757,57.1262
eval_probe,,prb_h_duracion_r08_n048_est_i1,cbba,reward00,2,,,,,,,,,0.625,30.0,18.0,0.0,0.0,0.0,8.0,55.527,6.89737,68.171,48.2474,17.7824,142.26,0.0203709,38,,0.789474,55.527
eval_probe,,prb_h_duracion_r08_n048_est_i1,cbba,reward00,3,,,,,,,,,0.583333,28.0,20.0,0.0,0.0,0.0,8.0,56.3344,7.24193,67.7041,47.2466,16.9872,135.898,0.0126871,34,,0.823529,56.3344
eval_probe,,prb_h_duracion_r08_n048_est_i1,dec-mcts-v4-g9999,reward00,1,,,,,,,,,0.458333,22.0,26.0,0.0,0.0,0.0,8.0,58.2865,9.57307,73.6805,46.9056,15.4786,123.829,16.3036,24,,0.916667,58.2865
eval_probe,,prb_h_duracion_r08_n048_est_i1,dec-mcts-v4-g9999,reward00,2,,,,,,,,,0.541667,26.0,22.0,0.0,0.0,0.0,8.0,56.1007,5.0391,64.708,49.8635,16.768,134.144,20.6057,31,,0.83871,56.1007
eval_probe,,prb_h_duracion_r08_n048_est_i1,dec-mcts-v4-g9999,reward00,3,,,,,,,,,0.5,24.0,24.0,0.0,0.0,0.0,8.0,59.9098,7.453,70.985,50.1223,18.5292,148.234,19.6871,32,,0.75,59.9098
eval_probe,,prb_h_duracion_r08_n048_est_i1,greedy,reward00,1,,,,,,,,,0.354167,17.0,31.0,0.0,0.0,0.0,8.0,55.3272,8.49721,75.2492,48.4686,11.3706,90.9652,0.00073956,20,,0.85,55.3272
eval_probe,,prb_h_duracion_r08_n048_est_i1,greedy,reward00,2,,,,,,,,,0.375,18.0,30.0,0.0,0.0,0.0,8.0,54.3863,8.8649,68.872,47.2797,13.0314,104.251,0.000944253,21,,0.857143,54.3863
eval_probe,,prb_h_duracion_r08_n048_est_i1,greedy,reward00,3,,,,,,,,,0.208333,10.0,38.0,0.0,0.0,0.0,8.0,58.8014,4.53956,67.4801,52.9133,7.42155,59.3724,0.000764399,15,,0.666667,58.8014
eval_probe,,prb_h_duracion_r08_n048_est_i1,random,reward00,1,,,,,,,,,0.3125,15.0,33.0,0.0,0.0,0.0,8.0,56.5566,6.11982,69.2458,50.9765,18.2737,146.19,0.000673373,16,,0.9375,56.5566
eval_probe,,prb_h_duracion_r08_n048_est_i1,random,reward00,2,,,,,,,,,0.25,12.0,36.0,0.0,0.0,0.0,8.0,57.7691,7.98004,76.1037,51.2397,16.2249,129.8,0.000687316,15,,0.8,57.7691
eval_probe,,prb_h_duracion_r08_n048_est_i1,random,reward00,3,,,,,,,,,0.3125,15.0,33.0,0.0,0.0,0.0,8.0,58.6183,8.8118,71.0323,49.6831,19.4078,155.262,0.000745056,20,,0.75,58.6183
eval_probe,,prb_h_duracion_r08_n048_est_i2,cbaa,reward00,1,,,,,,,,,0.354167,17.0,31.0,0.0,0.0,0.0,8.0,38.2209,30.3026,69.7455,0.0,9.6316,77.0528,0.00164292,24,,0.708333,38.2209
eval_probe,,prb_h_duracion_r08_n048_est_i2,cbaa,reward00,2,,,,,,,,,0.395833,19.0,29.0,0.0,0.0,0.0,8.0,39.859,31.4996,66.9149,0.0,11.0998,88.7986,0.00242031,26,,0.730769,39.859
eval_probe,,prb_h_duracion_r08_n048_est_i2,cbaa,reward00,3,,,,,,,,,0.5,24.0,24.0,0.0,0.0,0.0,8.0,37.0653,29.2097,64.2039,0.0,11.2637,90.1094,0.00263873,29,,0.827586,37.0653
eval_probe,,prb_h_duracion_r08_n048_est_i2,cbba,reward00,1,,,,,,,,,0.645833,31.0,17.0,0.0,0.0,0.0,8.0,55.2475,7.09566,71.2836,46.487,19.5617,156.494,0.0237431,42,,0.738095,55.2475
eval_probe,,prb_h_duracion_r08_n048_est_i2,cbba,reward00,2,,,,,,,,,0.5625,27.0,21.0,0.0,0.0,0.0,8.0,63.6555,10.1225,77.5326,52.0139,16.9592,135.673,0.0141287,33,,0.818182,63.6555
eval_probe,,prb_h_duracion_r08_n048_est_i2,cbba,reward00,3,,,,,,,,,0.645833,31.0,17.0,0.0,0.0,0.0,8.0,57.5649,9.07511,71.7107,42.7922,14.984,119.872,0.0275173,41,,0.756098,57.5649
eval_probe,,prb_h_duracion_r08_n048_est_i2,dec-mcts-v4-g9999,reward00,1,,,,,,,,,0.541667,26.0,22.0,0.0,0.0,0.0,8.0,55.1171,7.72177,64.2803,47.1997,21.0152,168.121,24.1153,34,,0.764706,55.1171
eval_probe,,prb_h_duracion_r08_n048_est_i2,dec-mcts-v4-g9999,reward00,2,,,,,,,,,0.5,24.0,24.0,0.0,0.0,0.0,8.0,54.1551,11.0271,76.246,44.342,18.298,146.384,24.0724,31,,0.774194,54.1551
eval_probe,,prb_h_duracion_r08_n048_est_i2,dec-mcts-v4-g9999,reward00,3,,,,,,,,,0.541667,26.0,22.0,0.0,0.0,0.0,8.0,51.7405,4.92684,57.2255,43.5103,23.2496,185.997,22.5156,34,,0.764706,51.7405
eval_probe,,prb_h_duracion_r08_n048_est_i2,greedy,reward00,1,,,,,,,,,0.354167,17.0,31.0,0.0,0.0,0.0,8.0,52.78,9.22591,72.8432,43.0044,11.1515,89.2118,0.00138973,26,,0.653846,52.78
eval_probe,,prb_h_duracion_r08_n048_est_i2,greedy,reward00,2,,,,,,,,,0.375,18.0,30.0,0.0,0.0,0.0,8.0,61.8538,12.3737,82.7865,47.0556,11.7935,94.348,0.00158541,21,,0.857143,61.8538
eval_probe,,prb_h_duracion_r08_n048_est_i2,greedy,reward00,3,,,,,,,,,0.3125,15.0,33.0,0.0,0.0,0.0,8.0,56.5056,7.79332,68.6487,49.3282,11.0395,88.316,0.00110711,22,,0.681818,56.5056
eval_probe,,prb_h_duracion_r08_n048_est_i2,random,reward00,1,,,,,,,,,0.270833,13.0,35.0,0.0,0.0,0.0,8.0,61.7862,9.85448,75.2811,50.4397,19.9706,159.765,0.00167253,20,,0.65,61.7862
eval_probe,,prb_h_duracion_r08_n048_est_i2,random,reward00,2,,,,,,,,,0.229167,11.0,37.0,0.0,0.0,0.0,8.0,52.8533,5.11188,62.7627,47.9433,15.8233,126.586,0.00239139,15,,0.733333,52.8534
eval_probe,,prb_h_duracion_r08_n048_est_i2,random,reward00,3,,,,,,,,,0.354167,17.0,31.0,0.0,0.0,0.0,8.0,53.0768,4.65387,63.3235,49.3314,22.4736,179.789,0.00149057,22,,0.772727,53.0768
eval_probe,,prb_h_duracion_r08_n048_est_i3,cbaa,reward00,1,,,,,,,,,0.375,18.0,30.0,0.0,0.0,0.0,8.0,28.7767,31.5729,66.9076,0.0,7.77362,62.189,0.00292058,23,,0.782609,28.7767
eval_probe,,prb_h_duracion_r08_n048_est_i3,cbaa,reward00,2,,,,,,,,,0.395833,19.0,29.0,0.0,0.0,0.0,8.0,28.591,31.19,71.3711,0.0,8.90199,71.2159,0.00250911,23,,0.826087,28.591
eval_probe,,prb_h_duracion_r08_n048_est_i3,cbaa,reward00,3,,,,,,,,,0.354167,17.0,31.0,0.0,0.0,0.0,8.0,31.5376,33.9451,71.8729,0.0,8.11898,64.9519,0.00224989,18,,0.944444,31.5375
eval_probe,,prb_h_duracion_r08_n048_est_i3,cbba,reward00,1,,,,,,,,,0.541667,26.0,22.0,0.0,0.0,0.0,8.0,49.6034,7.55947,62.2344,40.8105,21.638,173.104,0.0226515,38,,0.684211,49.6034
eval_probe,,prb_h_duracion_r08_n048_est_i3,cbba,reward00,2,,,,,,,,,0.479167,23.0,25.0,0.0,0.0,0.0,8.0,52.1698,9.66124,71.6275,42.2373,17.1435,137.148,0.0192926,33,,0.69697,52.1698
eval_probe,,prb_h_duracion_r08_n048_est_i3,cbba,reward00,3,,,,,,,,,0.625,30.0,18.0,0.0,0.0,0.0,8.0,58.3348,9.44897,76.4596,46.5286,19.3018,154.415,0.031472,36,,0.833333,58.3348
eval_probe,,prb_h_duracion_r08_n048_est_i3,dec-mcts-v4-g9999,reward00,1,,,,,,,,,0.479167,23.0,25.0,0.0,0.0,0.0,8.0,54.6258,6.95219,66.4012,46.4722,17.7027,141.621,25.3527,30,,0.766667,54.6258
eval_probe,,prb_h_duracion_r08_n048_est_i3,dec-mcts-v4-g9999,reward00,2,,,,,,,,,0.4375,21.0,27.0,0.0,0.0,0.0,8.0,53.5139,8.99776,71.4672,41.0,20.0315,160.252,22.6213,32,,0.65625,53.5139
eval_probe,,prb_h_duracion_r08_n048_est_i3,dec-mcts-v4-g9999,reward00,3,,,,,,,,,0.541667,26.0,22.0,0.0,0.0,0.0,8.0,54.6076,5.83808,66.886,49.3737,15.6888,125.51,23.3423,29,,0.896552,54.6076
eval_probe,,prb_h_duracion_r08_n048_est_i3,greedy,reward00,1,,,,,,,,,0.395833,19.0,29.0,0.0,0.0,0.0,8.0,54.9484,6.15217,62.9354,47.208,11.4058,91.2462,0.00216975,25,,0.76,54.9484
eval_probe,,prb_h_duracion_r08_n048_est_i3,greedy,reward00,2,,,,,,,,,0.416667,20.0,28.0,0.0,0.0,0.0,8.0,58.2014,6.98622,69.3806,48.6065,11.4237,91.3893,0.00179406,24,,0.833333,58.2013
eval_probe,,prb_h_duracion_r08_n048_est_i3,greedy,reward00,3,,,,,,,,,0.416667,20.0,28.0,0.0,0.0,0.0,8.0,54.8639,5.94785,61.7035,46.0947,11.8686,94.9485,0.00176595,24,,0.833333,54.8639
eval_probe,,prb_h_duracion_r08_n048_est_i3,random,reward00,1,,,,,,,,,0.354167,17.0,31.0,0.0,0.0,0.0,8.0,52.7238,3.01228,58.8907,49.1461,20.2138,161.71,0.00153588,17,,1.0,52.7238
eval_probe,,prb_h_duracion_r08_n048_est_i3,random,reward00,2,,,,,,,,,0.354167,17.0,31.0,0.0,0.0,0.0,8.0,52.9419,9.18808,69.5026,43.5833,18.9771,151.817,0.00176572,21,,0.809524,52.9419
eval_probe,,prb_h_duracion_r08_n048_est_i3,random,reward00,3,,,,,,,,,0.291667,14.0,34.0,0.0,0.0,0.0,8.0,54.1494,4.87251,61.39,48.6031,22.1619,177.295,0.001468,20,,0.7,54.1493
eval_probe,,prb_w_ancha_r04_n024_det_i1,cbaa,reward00,1,,,,,,,,,0.791667,19.0,5.0,0.0,0.0,0.0,4.0,59.1862,5.45755,62.0722,51.0069,11.6862,46.7449,0.000607453,19,,1.0,59.1863
eval_probe,,prb_w_ancha_r04_n024_det_i1,cbaa,reward00,2,,,,,,,,,0.833333,20.0,4.0,0.0,0.0,0.0,4.0,61.8329,0.276269,62.0722,61.5937,11.8329,47.3317,0.000870776,20,,1.0,61.8329
eval_probe,,prb_w_ancha_r04_n024_det_i1,cbaa,reward00,3,,,,,,,,,0.791667,19.0,5.0,0.0,0.0,0.0,4.0,59.1862,5.45755,62.0722,51.0069,11.6862,46.7449,0.00074019,19,,1.0,59.1863
eval_probe,,prb_w_ancha_r04_n024_det_i1,cbba,reward00,1,,,,,,,,,0.833333,20.0,4.0,0.0,0.0,0.0,4.0,61.8329,0.276269,62.0722,61.5937,11.8329,47.3317,0.000920622,20,,1.0,61.8329
eval_probe,,prb_w_ancha_r04_n024_det_i1,cbba,reward00,2,,,,,,,,,0.833333,20.0,4.0,0.0,0.0,0.0,4.0,61.8329,0.276269,62.0722,61.5937,11.8329,47.3317,0.000940567,20,,1.0,61.8329
eval_probe,,prb_w_ancha_r04_n024_det_i1,cbba,reward00,3,,,,,,,,,0.833333,20.0,4.0,0.0,0.0,0.0,4.0,61.8329,0.276269,62.0722,61.5937,11.8329,47.3317,0.000929997,20,,1.0,61.8329
eval_probe,,prb_w_ancha_r04_n024_det_i1,dec-mcts-v4-g9999,reward00,1,,,,,,,,,0.791667,19.0,5.0,0.0,0.0,0.0,4.0,63.2886,3.38868,67.5332,59.2712,15.7886,63.1543,3.55492,19,,1.0,63.2886
eval_probe,,prb_w_ancha_r04_n024_det_i1,dec-mcts-v4-g9999,reward00,2,,,,,,,,,0.75,18.0,6.0,0.0,0.0,0.0,4.0,61.3315,6.46044,67.5739,55.7337,16.3315,65.3259,5.53665,18,,1.0,61.3314
eval_probe,,prb_w_ancha_r04_n024_det_i1,dec-mcts-v4-g9999,reward00,3,,,,,,,,,0.791667,19.0,5.0,0.0,0.0,0.0,4.0,63.3228,5.12371,67.4168,56.61,15.8228,63.2913,5.25306,19,,1.0,63.3228
eval_probe,,prb_w_ancha_r04_n024_det_i1,greedy,reward00,1,,,,,,,,,0.75,18.0,6.0,0.0,0.0,0.0,4.0,59.5957,2.99441,61.5937,55.2598,14.999,59.996,0.000670049,18,,1.0,59.5957
eval_probe,,prb_w_ancha_r04_n024_det_i1,greedy,reward00,2,,,,,,,,,0.75,18.0,6.0,0.0,0.0,0.0,4.0,59.5957,2.99441,61.5937,55.2598,15.1632,60.6528,0.000732185,18,,1.0,59.5957
eval_probe,,prb_w_ancha_r04_n024_det_i1,greedy,reward00,3,,,,,,,,,0.75,18.0,6.0,0.0,0.0,0.0,4.0,59.5957,2.99441,61.5937,55.2598,15.1632,60.6528,0.000729701,18,,1.0,59.5957
eval_probe,,prb_w_ancha_r04_n024_det_i1,random,reward00,1,,,,,,,,,0.583333,14.0,10.0,0.0,0.0,0.0,4.0,58.7592,4.64817,62.9565,53.8265,28.1707,112.683,0.000820545,14,,1.0,58.7592
eval_probe,,prb_w_ancha_r04_n024_det_i1,random,reward00,2,,,,,,,,,0.666667,16.0,8.0,0.0,0.0,0.0,4.0,62.4727,4.98357,68.7316,56.881,23.5413,94.1652,0.000604838,16,,1.0,62.4727
eval_probe,,prb_w_ancha_r04_n024_det_i1,random,reward00,3,,,,,,,,,0.583333,14.0,10.0,0.0,0.0,0.0,4.0,61.0658,4.248,64.7325,55.5156,30.4611,121.844,0.000588927,14,,1.0,61.0658
eval_probe,,prb_w_ancha_r04_n024_det_i2,cbaa,reward00,1,,,,,,,,,0.833333,20.0,4.0,0.0,0.0,0.0,4.0,61.8233,0.265633,62.0722,61.5937,11.8233,47.2932,0.00115456,20,,1.0,61.8233
eval_probe,,prb_w_ancha_r04_n024_det_i2,cbaa,reward00,2,,,,,,,,,0.833333,20.0,4.0,0.0,0.0,0.0,4.0,61.8233,0.265633,62.0722,61.5937,11.8233,47.2932,0.0010251,20,,1.0,61.8233
eval_probe,,prb_w_ancha_r04_n024_det_i2,cbaa,reward00,3,,,,,,,,,0.833333,20.0,4.0,0.0,0.0,0.0,4.0,61.8233,0.265633,62.0722,61.5937,11.8233,47.2932,0.00104289,20,,1.0,61.8233
eval_probe,,prb_w_ancha_r04_n024_det_i2,cbba,reward00,1,,,,,,,,,0.833333,20.0,4.0,0.0,0.0,0.0,4.0,61.7714,0.3616,62.0722,61.3474,11.7714,47.0854,0.00191705,20,,1.0,61.7714
eval_probe,,prb_w_ancha_r04_n024_det_i2,cbba,reward00,2,,,,,,,,,0.833333,20.0,4.0,0.0,0.0,0.0,4.0,61.7714,0.3616,62.0722,61.3474,11.7714,47.0854,0.00249406,20,,1.0,61.7714
eval_probe,,prb_w_ancha_r04_n024_det_i2,cbba,reward00,3,,,,,,,,,0.833333,20.0,4.0,0.0,0.0,0.0,4.0,61.7714,0.3616,62.0722,61.3474,11.7714,47.0854,0.00138553,20,,1.0,61.7714
eval_probe,,prb_w_ancha_r04_n024_det_i2,dec-mcts-v4-g9999,reward00,1,,,,,,,,,0.791667,19.0,5.0,0.0,0.0,0.0,4.0,61.081,3.72494,64.9106,55.9913,13.581,54.3241,4.87121,19,,1.0,61.081
eval_probe,,prb_w_ancha_r04_n024_det_i2,dec-mcts-v4-g9999,reward00,2,,,,,,,,,0.791667,19.0,5.0,0.0,0.0,0.0,4.0,63.6853,2.47027,65.7692,60.61,16.1853,64.7414,5.17141,19,,1.0,63.6853
eval_probe,,prb_w_ancha_r04_n024_det_i2,dec-mcts-v4-g9999,reward00,3,,,,,,,,,0.791667,19.0,5.0,0.0,0.0,0.0,4.0,61.5456,4.39718,66.2981,55.7317,14.0456,56.1825,4.97531,19,,1.0,61.5457
eval_probe,,prb_w_ancha_r04_n024_det_i2,greedy,reward00,1,,,,,,,,,0.75,18.0,6.0,0.0,0.0,0.0,4.0,58.1757,3.3919,61.5937,55.2598,14.4428,57.7713,0.00092974,18,,1.0,58.1758
eval_probe,,prb_w_ancha_r04_n024_det_i2,greedy,reward00,2,,,,,,,,,0.75,18.0,6.0,0.0,0.0,0.0,4.0,58.1757,3.3919,61.5937,55.2598,14.4428,57.7713,0.000943318,18,,1.0,58.1758
eval_probe,,prb_w_ancha_r04_n024_det_i2,greedy,reward00,3,,,,,,,,,0.75,18.0,6.0,0.0,0.0,0.0,4.0,58.1757,3.3919,61.5937,55.2598,14.4428,57.7713,0.00118119,18,,1.0,58.1758
eval_probe,,prb_w_ancha_r04_n024_det_i2,random,reward00,1,,,,,,,,,0.5,12.0,12.0,0.0,0.0,0.0,4.0,56.6069,1.48546,58.7056,55.2431,34.6604,138.642,0.000503309,12,,1.0,56.6068
eval_probe,,prb_w_ancha_r04_n024_det_i2,random,reward00,2,,,,,,,,,0.541667,13.0,11.0,0.0,0.0,0.0,4.0,56.7443,3.54367,61.6543,53.8397,30.8255,123.302,0.000631092,13,,1.0,56.7443
eval_probe,,prb_w_ancha_r04_n024_det_i2,random,reward00,3,,,,,,,,,0.541667,13.0,11.0,0.0,0.0,0.0,4.0,57.5418,3.24233,62.164,54.75,31.1435,124.574,0.00050019,13,,1.0,57.5418
eval_probe,,prb_w_ancha_r04_n024_det_i3,cbaa,reward00,1,,,,,,,,,0.833333,20.0,4.0,0.0,0.0,0.0,4.0,61.8329,0.276269,62.0722,61.5937,11.8329,47.3317,0.00106133,20,,1.0,61.8329
eval_probe,,prb_w_ancha_r04_n024_det_i3,cbaa,reward00,2,,,,,,,,,0.833333,20.0,4.0,0.0,0.0,0.0,4.0,61.8329,0.276269,62.0722,61.5937,11.8329,47.3317,0.00116616,20,,1.0,61.8329
eval_probe,,prb_w_ancha_r04_n024_det_i3,cbaa,reward00,3,,,,,,,,,0.833333,20.0,4.0,0.0,0.0,0.0,4.0,61.8329,0.276269,62.0722,61.5937,11.8329,47.3317,0.000759576,20,,1.0,61.8329
eval_probe,,prb_w_ancha_r04_n024_det_i3,cbba,reward00,1,,,,,,,,,0.833333,20.0,4.0,0.0,0.0,0.0,4.0,61.8329,0.276269,62.0722,61.5937,11.8329,47.3317,0.0014773,20,,1.0,61.8329
eval_probe,,prb_w_ancha_r04_n024_det_i3,cbba,reward00,2,,,,,,,,,0.833333,20.0,4.0,0.0,0.0,0.0,4.0,61.8329,0.276269,62.0722,61.5937,11.8329,47.3317,0.00232893,20,,1.0,61.8329
eval_probe,,prb_w_ancha_r04_n024_det_i3,cbba,reward00,3,,,,,,,,,0.833333,20.0,4.0,0.0,0.0,0.0,4.0,61.8329,0.276269,62.0722,61.5937,11.8329,47.3317,0.0022652,20,,1.0,61.8329
eval_probe,,prb_w_ancha_r04_n024_det_i3,dec-mcts-v4-g9999,reward00,1,,,,,,,,,0.833333,20.0,4.0,0.0,0.0,0.0,4.0,65.3715,3.01066,68.3463,62.7469,15.3715,61.4859,4.83682,20,,1.0,65.3715
eval_probe,,prb_w_ancha_r04_n024_det_i3,dec-mcts-v4-g9999,reward00,2,,,,,,,,,0.833333,20.0,4.0,0.0,0.0,0.0,4.0,65.686,2.04315,67.6508,63.0722,15.686,62.7441,5.18444,20,,1.0,65.686
eval_probe,,prb_w_ancha_r04_n024_det_i3,dec-mcts-v4-g9999,reward00,3,,,,,,,,,0.75,18.0,6.0,0.0,0.0,0.0,4.0,63.6219,2.32517,65.5205,60.6903,18.6219,74.4876,4.97573,18,,1.0,63.6219
eval_probe,,prb_w_ancha_r04_n024_det_i3,greedy,reward00,1,,,,,,,,,0.791667,19.0,5.0,0.0,0.0,0.0,4.0,62.4255,4.45003,68.579,57.9356,15.8288,63.3152,0.00109249,19,,1.0,62.4255
eval_probe,,prb_w_ancha_r04_n024_det_i3,greedy,reward00,2,,,,,,,,,0.791667,19.0,5.0,0.0,0.0,0.0,4.0,62.4255,4.45003,68.579,57.9356,15.8288,63.3152,0.000952372,19,,1.0,62.4255
eval_probe,,prb_w_ancha_r04_n024_det_i3,greedy,reward00,3,,,,,,,,,0.75,18.0,6.0,0.0,0.0,0.0,4.0,60.0432,1.84724,61.5937,57.9356,16.2026,64.8103,0.000952848,18,,1.0,60.0432
eval_probe,,prb_w_ancha_r04_n024_det_i3,random,reward00,1,,,,,,,,,0.625,15.0,9.0,0.0,0.0,0.0,4.0,62.0112,4.19409,64.6602,55.75,27.3184,109.273,0.000808979,15,,1.0,62.0112
eval_probe,,prb_w_ancha_r04_n024_det_i3,random,reward00,2,,,,,,,,,0.583333,14.0,10.0,0.0,0.0,0.0,4.0,60.8774,3.24894,65.599,58.47,32.0466,128.187,0.000881764,14,,1.0,60.8774
eval_probe,,prb_w_ancha_r04_n024_det_i3,random,reward00,3,,,,,,,,,0.625,15.0,9.0,0.0,0.0,0.0,4.0,59.6764,1.97983,62.1271,57.9356,26.0772,104.309,0.000864073,15,,1.0,59.6764
eval_probe,,prb_w_ancha_r04_n024_est_i1,cbaa,reward00,1,,,,,,,,,0.666667,16.0,8.0,0.0,0.0,0.0,4.0,47.5139,11.9108,55.3723,30.094,13.6217,54.4869,0.000853757,23,,0.695652,47.5138
eval_probe,,prb_w_ancha_r04_n024_est_i1,cbaa,reward00,2,,,,,,,,,0.75,18.0,6.0,0.0,0.0,0.0,4.0,62.9696,9.45766,73.6065,51.0859,13.1954,52.7817,0.00096943,24,,0.75,62.9696
eval_probe,,prb_w_ancha_r04_n024_est_i1,cbaa,reward00,3,,,,,,,,,0.625,15.0,9.0,0.0,0.0,0.0,4.0,54.5789,22.8984,72.0283,21.078,13.0091,52.0364,0.00102732,21,,0.714286,54.5789
eval_probe,,prb_w_ancha_r04_n024_est_i1,cbba,reward00,1,,,,,,,,,0.791667,19.0,5.0,0.0,0.0,0.0,4.0,62.0161,11.8568,74.1271,51.6629,15.272,61.0881,0.00270716,24,,0.791667,62.0161
eval_probe,,prb_w_ancha_r04_n024_est_i1,cbba,reward00,2,,,,,,,,,0.708333,17.0,7.0,0.0,0.0,0.0,4.0,61.0266,11.9078,71.1676,44.6968,15.1947,60.7787,0.00188234,23,,0.73913,61.0266
eval_probe,,prb_w_ancha_r04_n024_est_i1,cbba,reward00,3,,,,,,,,,0.791667,19.0,5.0,0.0,0.0,0.0,4.0,57.5472,7.89348,68.676,51.596,14.0601,56.2404,0.00181594,24,,0.791667,57.5472
eval_probe,,prb_w_ancha_r04_n024_est_i1,dec-mcts-v4-g9999,reward00,1,,,,,,,,,0.666667,16.0,8.0,0.0,0.0,0.0,4.0,64.3025,8.48095,75.4721,55.8507,22.3025,89.2101,6.14633,21,,0.761905,64.3025
eval_probe,,prb_w_ancha_r04_n024_est_i1,dec-mcts-v4-g9999,reward00,2,,,,,,,,,0.708333,17.0,7.0,0.0,0.0,0.0,4.0,63.907,14.1228,84.8551,54.3177,25.3126,101.25,5.68542,23,,0.73913,63.907
eval_probe,,prb_w_ancha_r04_n024_est_i1,dec-mcts-v4-g9999,reward00,3,,,,,,,,,0.625,15.0,9.0,0.0,0.0,0.0,4.0,74.3598,8.18794,83.5178,64.1623,21.0918,84.3673,6.23988,22,,0.681818,74.3599
eval_probe,,prb_w_ancha_r04_n024_est_i1,greedy,reward00,1,,,,,,,,,0.833333,20.0,4.0,0.0,0.0,0.0,4.0,53.8433,5.21589,59.6874,47.2588,19.36,77.44,0.000795984,24,,0.833333,53.8434
eval_probe,,prb_w_ancha_r04_n024_est_i1,greedy,reward00,2,,,,,,,,,0.791667,19.0,5.0,0.0,0.0,0.0,4.0,60.2229,7.37776,67.2725,52.824,20.1135,80.4542,0.0008405,23,,0.826087,60.2228
eval_probe,,prb_w_ancha_r04_n024_est_i1,greedy,reward00,3,,,,,,,,,0.708333,17.0,7.0,0.0,0.0,0.0,4.0,51.2172,10.3881,65.7961,41.4825,17.8199,71.2795,0.000761113,24,,0.708333,51.2172
eval_probe,,prb_w_ancha_r04_n024_est_i1,random,reward00,1,,,,,,,,,0.666667,16.0,8.0,0.0,0.0,0.0,4.0,59.1425,1.13482,60.2086,57.8633,33.1793,132.717,0.00112382,20,,0.8,59.1425
eval_probe,,prb_w_ancha_r04_n024_est_i1,random,reward00,2,,,,,,,,,0.541667,13.0,11.0,0.0,0.0,0.0,4.0,64.7252,6.30304,73.6065,58.9016,30.2391,120.957,0.000961379,22,,0.590909,64.7252
eval_probe,,prb_w_ancha_r04_n024_est_i1,random,reward00,3,,,,,,,,,0.625,15.0,9.0,0.0,0.0,0.0,4.0,68.7224,6.3095,75.0163,60.0031,26.7063,106.825,0.000907849,18,,0.833333,68.7224
eval_probe,,prb_w_ancha_r04_n024_est_i2,cbaa,reward00,1,,,,,,,,,0.458333,11.0,11.0,2.0,0.0,0.0,4.0,38.024,20.2053,55.543,16.6643,11.2025,44.8099,0.000547924,20,,0.55,38.024
eval_probe,,prb_w_ancha_r04_n024_est_i2,cbaa,reward00,2,,,,,,,,,0.625,15.0,9.0,0.0,0.0,0.0,4.0,53.0849,13.3577,61.0716,33.1139,13.6464,54.5858,0.000582384,22,,0.681818,53.0849
eval_probe,,prb_w_ancha_r04_n024_est_i2,cbaa,reward00,3,,,,,,,,,0.666667,16.0,8.0,0.0,0.0,0.0,4.0,62.6363,9.3117,72.072,49.9638,14.4623,57.8491,0.000635338,24,,0.666667,62.6363
eval_probe,,prb_w_ancha_r04_n024_est_i2,cbba,reward00,1,,,,,,,,,0.791667,19.0,5.0,0.0,0.0,0.0,4.0,60.1599,9.76395,72.3478,48.6394,13.425,53.7,0.0011419,23,,0.826087,60.1599
eval_probe,,prb_w_ancha_r04_n024_est_i2,cbba,reward00,2,,,,,,,,,0.666667,16.0,8.0,0.0,0.0,0.0,4.0,55.8099,8.46006,64.5833,45.7515,16.2809,65.1238,0.00119637,24,,0.666667,55.8099
eval_probe,,prb_w_ancha_r04_n024_est_i2,cbba,reward00,3,,,,,,,,,0.708333,17.0,7.0,0.0,0.0,0.0,4.0,54.903,12.337,72.5258,45.5297,15.003,60.0121,0.00184266,24,,0.708333,54.903
eval_probe,,prb_w_ancha_r04_n024_est_i2,dec-mcts-v4-g9999,reward00,1,,,,,,,,,0.541667,13.0,11.0,0.0,0.0,0.0,4.0,60.6999,3.08352,63.5358,57.6556,25.9415,103.766,3.78705,21,,0.619048,60.6999
eval_probe,,prb_w_ancha_r04_n024_est_i2,dec-mcts-v4-g9999,reward00,2,,,,,,,,,0.666667,16.0,8.0,0.0,0.0,0.0,4.0,60.5327,7.81103,71.0168,53.272,17.6854,70.7416,3.80637,19,,0.842105,60.5327
eval_probe,,prb_w_ancha_r04_n024_est_i2,dec-mcts-v4-g9999,reward00,3,,,,,,,,,0.666667,16.0,8.0,0.0,0.0,0.0,4.0,60.2055,11.3208,76.9546,52.723,22.3851,89.5406,3.47419,21,,0.761905,60.2055
eval_probe,,prb_w_ancha_r04_n024_est_i2,greedy,reward00,1,,,,,,,,,0.75,18.0,6.0,0.0,0.0,0.0,4.0,63.4502,6.80374,71.4331,54.8365,17.6037,70.4146,0.000519784,21,,0.857143,63.4502
eval_probe,,prb_w_ancha_r04_n024_est_i2,greedy,reward00,2,,,,,,,,,0.541667,13.0,11.0,0.0,0.0,0.0,4.0,57.6688,1.96991,59.9793,55.6026,15.8776,63.5105,0.000522939,21,,0.619048,57.6688
eval_probe,,prb_w_ancha_r04_n024_est_i2,greedy,reward00,3,,,,,,,,,0.625,15.0,9.0,0.0,0.0,0.0,4.0,58.8058,3.39576,63.7957,56.5557,15.4703,61.8811,0.00046493,19,,0.789474,58.8058
eval_probe,,prb_w_ancha_r04_n024_est_i2,random,reward00,1,,,,,,,,,0.541667,13.0,11.0,0.0,0.0,0.0,4.0,64.9149,9.29751,76.9781,56.5456,32.251,129.004,0.000507485,20,,0.65,64.9149
eval_probe,,prb_w_ancha_r04_n024_est_i2,random,reward00,2,,,,,,,,,0.5,12.0,12.0,0.0,0.0,0.0,4.0,62.699,9.26031,71.365,54.44,35.3456,141.382,0.00043638,19,,0.631579,62.699
eval_probe,,prb_w_ancha_r04_n024_est_i2,random,reward00,3,,,,,,,,,0.541667,13.0,11.0,0.0,0.0,0.0,4.0,62.186,10.357,77.3477,55.3697,28.4557,113.823,0.000399592,16,,0.8125,62.186
eval_probe,,prb_w_ancha_r04_n024_est_i3,cbaa,reward00,1,,,,,,,,,0.541667,13.0,11.0,0.0,0.0,0.0,4.0,41.3256,19.6084,60.8002,23.0744,11.3851,45.5405,0.000597909,20,,0.65,41.3256
eval_probe,,prb_w_ancha_r04_n024_est_i3,cbaa,reward00,2,,,,,,,,,0.833333,20.0,4.0,0.0,0.0,0.0,4.0,61.3131,11.683,77.8496,50.9316,11.8349,47.3396,0.000661923,22,,0.909091,61.3131
eval_probe,,prb_w_ancha_r04_n024_est_i3,cbaa,reward00,3,,,,,,,,,0.458333,11.0,13.0,0.0,0.0,0.0,4.0,48.4973,21.6256,73.0573,26.7702,11.9542,47.8167,0.000675501,23,,0.478261,48.4973
eval_probe,,prb_w_ancha_r04_n024_est_i3,cbba,reward00,1,,,,,,,,,0.625,15.0,9.0,0.0,0.0,0.0,4.0,62.2603,11.2211,78.8261,54.2993,12.2811,49.1245,0.00125759,21,,0.714286,62.2602
eval_probe,,prb_w_ancha_r04_n024_est_i3,cbba,reward00,2,,,,,,,,,0.75,18.0,6.0,0.0,0.0,0.0,4.0,61.2239,9.77285,75.6762,54.2277,11.5057,46.0228,0.00113798,18,,1.0,61.2239
eval_probe,,prb_w_ancha_r04_n024_est_i3,cbba,reward00,3,,,,,,,,,0.75,18.0,6.0,0.0,0.0,0.0,4.0,60.4834,2.20382,61.9347,57.2,12.4078,49.6311,0.00121436,20,,0.9,60.4834
eval_probe,,prb_w_ancha_r04_n024_est_i3,dec-mcts-v4-g9999,reward00,1,,,,,,,,,0.583333,14.0,10.0,0.0,0.0,0.0,4.0,57.7915,2.18757,59.8665,54.7369,18.2754,73.1018,4.22046,19,,0.736842,57.7915
eval_probe,,prb_w_ancha_r04_n024_est_i3,dec-mcts-v4-g9999,reward00,2,,,,,,,,,0.583333,14.0,10.0,0.0,0.0,0.0,4.0,61.8713,10.813,73.5385,52.093,22.2085,88.8339,3.70989,22,,0.636364,61.8713
eval_probe,,prb_w_ancha_r04_n024_est_i3,dec-mcts-v4-g9999,reward00,3,,,,,,,,,0.666667,16.0,8.0,0.0,0.0,0.0,4.0,63.1992,7.31288,70.8128,53.8556,21.2415,84.9659,3.66722,20,,0.8,63.1992
eval_probe,,prb_w_ancha_r04_n024_est_i3,greedy,reward00,1,,,,,,,,,0.75,18.0,6.0,0.0,0.0,0.0,4.0,49.1519,6.97046,58.1918,41.8641,14.3705,57.482,0.000595858,24,,0.75,49.1519
eval_probe,,prb_w_ancha_r04_n024_est_i3,greedy,reward00,2,,,,,,,,,0.625,15.0,9.0,0.0,0.0,0.0,4.0,63.0663,11.5101,80.2438,55.8903,18.6078,74.4312,0.000550091,21,,0.714286,63.0663
eval_probe,,prb_w_ancha_r04_n024_est_i3,greedy,reward00,3,,,,,,,,,0.541667,13.0,11.0,0.0,0.0,0.0,4.0,59.9249,3.29955,64.674,57.4397,14.9412,59.7648,0.000569617,17,,0.764706,59.9249
eval_probe,,prb_w_ancha_r04_n024_est_i3,random,reward00,1,,,,,,,,,0.5,12.0,12.0,0.0,0.0,0.0,4.0,61.7342,4.73786,68.0152,56.66,32.302,129.208,0.000468771,17,,0.705882,61.7342
eval_probe,,prb_w_ancha_r04_n024_est_i3,random,reward00,2,,,,,,,,,0.541667,13.0,11.0,0.0,0.0,0.0,4.0,60.0162,3.93302,65.3144,55.8303,32.2537,129.015,0.00045056,15,,0.866667,60.0162
eval_probe,,prb_w_ancha_r04_n024_est_i3,random,reward00,3,,,,,,,,,0.458333,11.0,13.0,0.0,0.0,0.0,4.0,61.7128,2.72002,64.2797,58.2265,26.2002,104.801,0.000420253,14,,0.785714,61.7128
eval_probe,,prb_w_ancha_r08_n048_det_i1,cbaa,reward00,1,,,,,,,,,0.416667,20.0,27.0,1.0,0.0,0.0,8.0,29.8282,31.8877,59.6565,0.0,4.82823,38.6258,0.0026489,20,,1.0,29.8283
eval_probe,,prb_w_ancha_r08_n048_det_i1,cbaa,reward00,2,,,,,,,,,0.416667,20.0,27.0,1.0,0.0,0.0,8.0,29.8282,31.8877,59.6565,0.0,4.82823,38.6258,0.00212986,20,,1.0,29.8283
eval_probe,,prb_w_ancha_r08_n048_det_i1,cbaa,reward00,3,,,,,,,,,0.416667,20.0,27.0,1.0,0.0,0.0,8.0,29.8282,31.8877,59.6565,0.0,4.82823,38.6258,0.002161,20,,1.0,29.8283
eval_probe,,prb_w_ancha_r08_n048_det_i1,cbba,reward00,1,,,,,,,,,0.833333,40.0,8.0,0.0,0.0,0.0,8.0,60.1468,0.462297,60.7296,59.6565,10.1468,81.1743,0.0161336,40,,1.0,60.1468
eval_probe,,prb_w_ancha_r08_n048_det_i1,cbba,reward00,2,,,,,,,,,0.833333,40.0,8.0,0.0,0.0,0.0,8.0,60.1468,0.462297,60.7296,59.6565,10.1468,81.1743,0.0152108,40,,1.0,60.1468
eval_probe,,prb_w_ancha_r08_n048_det_i1,cbba,reward00,3,,,,,,,,,0.833333,40.0,8.0,0.0,0.0,0.0,8.0,60.1468,0.462297,60.7296,59.6565,10.1468,81.1743,0.0185137,40,,1.0,60.1468
eval_probe,,prb_w_ancha_r08_n048_det_i1,dec-mcts-v4-g9999,reward00,1,,,,,,,,,0.833333,40.0,8.0,0.0,0.0,0.0,8.0,65.1666,2.77058,68.8177,61.0586,15.1666,121.333,37.4812,40,,1.0,65.1666
eval_probe,,prb_w_ancha_r08_n048_det_i1,dec-mcts-v4-g9999,reward00,2,,,,,,,,,0.833333,40.0,8.0,0.0,0.0,0.0,8.0,65.8285,3.22651,70.9531,61.9318,15.8285,126.628,39.104,40,,1.0,65.8285
eval_probe,,prb_w_ancha_r08_n048_det_i1,dec-mcts-v4-g9999,reward00,3,,,,,,,,,0.833333,40.0,8.0,0.0,0.0,0.0,8.0,64.5657,3.16092,70.0859,61.2731,14.5657,116.526,36.6647,40,,1.0,64.5657
eval_probe,,prb_w_ancha_r08_n048_det_i1,greedy,reward00,1,,,,,,,,,0.791667,38.0,10.0,0.0,0.0,0.0,8.0,60.8115,4.57829,67.5332,54.2365,15.3922,123.138,0.00188794,38,,1.0,60.8115
eval_probe,,prb_w_ancha_r08_n048_det_i1,greedy,reward00,2,,,,,,,,,0.791667,38.0,10.0,0.0,0.0,0.0,8.0,60.8115,4.57829,67.5332,54.2365,15.3922,123.138,0.00223469,38,,1.0,60.8115
eval_probe,,prb_w_ancha_r08_n048_det_i1,greedy,reward00,3,,,,,,,,,0.791667,38.0,10.0,0.0,0.0,0.0,8.0,60.8115,4.57829,67.5332,54.2365,15.3922,123.138,0.00213238,38,,1.0,60.8115
eval_probe,,prb_w_ancha_r08_n048_det_i1,random,reward00,1,,,,,,,,,0.645833,31.0,17.0,0.0,0.0,0.0,8.0,63.3585,4.68708,68.4503,56.1065,27.9977,223.982,0.0012755,31,,1.0,63.3585
eval_probe,,prb_w_ancha_r08_n048_det_i1,random,reward00,2,,,,,,,,,0.666667,32.0,16.0,0.0,0.0,0.0,8.0,65.6927,3.82807,69.3542,59.8831,28.3459,226.767,0.00213918,32,,1.0,65.6927
eval_probe,,prb_w_ancha_r08_n048_det_i1,random,reward00,3,,,,,,,,,0.645833,31.0,17.0,0.0,0.0,0.0,8.0,61.9649,3.50071,66.3902,56.5597,26.9592,215.674,0.00151042,31,,1.0,61.965
eval_probe,,prb_w_ancha_r08_n048_det_i2,cbaa,reward00,1,,,,,,,,,0.416667,20.0,28.0,0.0,0.0,0.0,8.0,29.8282,31.8877,59.6565,0.0,4.82823,38.6258,0.00228535,20,,1.0,29.8283
eval_probe,,prb_w_ancha_r08_n048_det_i2,cbaa,reward00,2,,,,,,,,,0.416667,20.0,28.0,0.0,0.0,0.0,8.0,29.8282,31.8877,59.6565,0.0,4.82823,38.6258,0.00230264,20,,1.0,29.8283
eval_probe,,prb_w_ancha_r08_n048_det_i2,cbaa,reward00,3,,,,,,,,,0.416667,20.0,28.0,0.0,0.0,0.0,8.0,29.8282,31.8877,59.6565,0.0,4.82823,38.6258,0.00227743,20,,1.0,29.8283
eval_probe,,prb_w_ancha_r08_n048_det_i2,cbba,reward00,1,,,,,,,,,0.833333,40.0,8.0,0.0,0.0,0.0,8.0,59.9008,0.261163,60.145,59.6565,9.90075,79.206,0.0164702,40,,1.0,59.9008
eval_probe,,prb_w_ancha_r08_n048_det_i2,cbba,reward00,2,,,,,,,,,0.833333,40.0,8.0,0.0,0.0,0.0,8.0,59.9008,0.261163,60.145,59.6565,9.90075,79.206,0.0166142,40,,1.0,59.9008
eval_probe,,prb_w_ancha_r08_n048_det_i2,cbba,reward00,3,,,,,,,,,0.833333,40.0,8.0,0.0,0.0,0.0,8.0,59.9008,0.261163,60.145,59.6565,9.90075,79.206,0.0111131,40,,1.0,59.9008
eval_probe,,prb_w_ancha_r08_n048_det_i2,dec-mcts-v4-g9999,reward00,1,,,,,,,,,0.833333,40.0,8.0,0.0,0.0,0.0,8.0,65.3938,3.02293,69.5669,60.3396,15.3938,123.15,30.1854,40,,1.0,65.3938
eval_probe,,prb_w_ancha_r08_n048_det_i2,dec-mcts-v4-g9999,reward00,2,,,,,,,,,0.8125,39.0,9.0,0.0,0.0,0.0,8.0,64.1361,3.49491,68.3842,56.8812,15.3861,123.089,29.4463,39,,1.0,64.1361
eval_probe,,prb_w_ancha_r08_n048_det_i2,dec-mcts-v4-g9999,reward00,3,,,,,,,,,0.833333,40.0,8.0,0.0,0.0,0.0,8.0,63.9001,1.47429,66.2038,62.2605,13.9001,111.201,30.6365,40,,1.0,63.9002
eval_probe,,prb_w_ancha_r08_n048_det_i2,greedy,reward00,1,,,,,,,,,0.8125,39.0,9.0,0.0,0.0,0.0,8.0,62.1659,4.01046,67.5332,55.5831,15.6706,125.365,0.00247017,39,,1.0,62.1659
eval_probe,,prb_w_ancha_r08_n048_det_i2,greedy,reward00,2,,,,,,,,,0.8125,39.0,9.0,0.0,0.0,0.0,8.0,62.1659,4.01046,67.5332,55.5831,15.6706,125.365,0.00263924,39,,1.0,62.1659
eval_probe,,prb_w_ancha_r08_n048_det_i2,greedy,reward00,3,,,,,,,,,0.8125,39.0,9.0,0.0,0.0,0.0,8.0,62.1659,4.01046,67.5332,55.5831,15.6706,125.365,0.0018216,39,,1.0,62.1659
eval_probe,,prb_w_ancha_r08_n048_det_i2,random,reward00,1,,,,,,,,,0.625,30.0,18.0,0.0,0.0,0.0,8.0,61.5259,3.96825,67.0371,56.2525,28.9728,231.782,0.0019641,30,,1.0,61.5259
eval_probe,,prb_w_ancha_r08_n048_det_i2,random,reward00,2,,,,,,,,,0.645833,31.0,17.0,0.0,0.0,0.0,8.0,62.1936,4.879,69.3146,55.6697,26.0892,208.713,0.00203577,31,,1.0,62.1936
eval_probe,,prb_w_ancha_r08_n048_det_i2,random,reward00,3,,,,,,,,,0.625,30.0,18.0,0.0,0.0,0.0,8.0,63.3819,3.77496,69.6054,57.3797,27.6376,221.101,0.00196068,30,,1.0,63.3819
eval_probe,,prb_w_ancha_r08_n048_det_i3,cbaa,reward00,1,,,,,,,,,0.416667,20.0,26.0,2.0,0.0,0.0,8.0,29.8282,31.8877,59.6565,0.0,4.82823,38.6258,0.00234269,20,,1.0,29.8283
eval_probe,,prb_w_ancha_r08_n048_det_i3,cbaa,reward00,2,,,,,,,,,0.416667,20.0,26.0,2.0,0.0,0.0,8.0,29.8282,31.8877,59.6565,0.0,4.82823,38.6258,0.00230185,20,,1.0,29.8283
eval_probe,,prb_w_ancha_r08_n048_det_i3,cbaa,reward00,3,,,,,,,,,0.416667,20.0,26.0,2.0,0.0,0.0,8.0,29.8282,31.8877,59.6565,0.0,4.82823,38.6258,0.00222508,20,,1.0,29.8283
eval_probe,,prb_w_ancha_r08_n048_det_i3,cbba,reward00,1,,,,,,,,,0.833333,40.0,8.0,0.0,0.0,0.0,8.0,59.9008,0.261163,60.145,59.6565,9.90075,79.206,0.0156424,40,,1.0,59.9008
eval_probe,,prb_w_ancha_r08_n048_det_i3,cbba,reward00,2,,,,,,,,,0.833333,40.0,8.0,0.0,0.0,0.0,8.0,59.9008,0.261163,60.145,59.6565,9.90075,79.206,0.0129977,40,,1.0,59.9008
eval_probe,,prb_w_ancha_r08_n048_det_i3,cbba,reward00,3,,,,,,,,,0.833333,40.0,8.0,0.0,0.0,0.0,8.0,59.9008,0.261163,60.145,59.6565,9.90075,79.206,0.0123766,40,,1.0,59.9008
eval_probe,,prb_w_ancha_r08_n048_det_i3,dec-mcts-v4-g9999,reward00,1,,,,,,,,,0.833333,40.0,8.0,0.0,0.0,0.0,8.0,64.2751,2.48208,67.2286,61.494,14.2751,114.201,33.5098,40,,1.0,64.2751
eval_probe,,prb_w_ancha_r08_n048_det_i3,dec-mcts-v4-g9999,reward00,2,,,,,,,,,0.8125,39.0,9.0,0.0,0.0,0.0,8.0,65.9054,3.06821,70.0043,61.6464,17.1554,137.243,33.9286,39,,1.0,65.9054
eval_probe,,prb_w_ancha_r08_n048_det_i3,dec-mcts-v4-g9999,reward00,3,,,,,,,,,0.833333,40.0,8.0,0.0,0.0,0.0,8.0,64.0803,2.16339,67.2523,60.5523,14.0803,112.642,38.6364,40,,1.0,64.0803
eval_probe,,prb_w_ancha_r08_n048_det_i3,greedy,reward00,1,,,,,,,,,0.8125,39.0,9.0,0.0,0.0,0.0,8.0,62.5382,4.11157,66.7793,54.8265,15.2205,121.764,0.0180584,39,,1.0,62.5382
eval_probe,,prb_w_ancha_r08_n048_det_i3,greedy,reward00,2,,,,,,,,,0.8125,39.0,9.0,0.0,0.0,0.0,8.0,62.5382,4.11157,66.7793,54.8265,15.2205,121.764,0.00262844,39,,1.0,62.5382
eval_probe,,prb_w_ancha_r08_n048_det_i3,greedy,reward00,3,,,,,,,,,0.8125,39.0,9.0,0.0,0.0,0.0,8.0,62.5382,4.11157,66.7793,54.8265,15.2205,121.764,0.00262185,39,,1.0,62.5382
eval_probe,,prb_w_ancha_r08_n048_det_i3,random,reward00,1,,,,,,,,,0.583333,28.0,20.0,0.0,0.0,0.0,8.0,59.3485,3.48361,64.0951,55.4097,25.8778,207.023,0.00158893,28,,1.0,59.3485
eval_probe,,prb_w_ancha_r08_n048_det_i3,random,reward00,2,,,,,,,,,0.604167,29.0,19.0,0.0,0.0,0.0,8.0,61.9751,3.91247,67.6268,56.9865,31.4621,251.697,0.00152047,29,,1.0,61.9751
eval_probe,,prb_w_ancha_r08_n048_det_i3,random,reward00,3,,,,,,,,,0.604167,29.0,19.0,0.0,0.0,0.0,8.0,60.0771,2.64936,63.9501,57.04,26.5786,212.629,0.00140586,29,,1.0,60.0771
eval_probe,,prb_w_ancha_r08_n048_est_i1,cbaa,reward00,1,,,,,,,,,0.333333,16.0,32.0,0.0,0.0,0.0,8.0,30.4018,32.5817,66.0011,0.0,4.819,38.552,0.00238842,21,,0.761905,30.4018
eval_probe,,prb_w_ancha_r08_n048_est_i1,cbaa,reward00,2,,,,,,,,,0.395833,19.0,29.0,0.0,0.0,0.0,8.0,32.5374,34.9768,70.8349,0.0,5.14155,41.1324,0.00251646,23,,0.826087,32.5374
eval_probe,,prb_w_ancha_r08_n048_est_i1,cbaa,reward00,3,,,,,,,,,0.5,24.0,24.0,0.0,0.0,0.0,8.0,33.829,36.263,73.2687,0.0,5.2884,42.3072,0.00309595,28,,0.857143,33.829
eval_probe,,prb_w_ancha_r08_n048_est_i1,cbba,reward00,1,,,,,,,,,0.854167,41.0,7.0,0.0,0.0,0.0,8.0,63.6281,5.95686,69.5965,54.8455,11.1295,89.0358,0.0183051,44,,0.931818,63.6281
eval_probe,,prb_w_ancha_r08_n048_est_i1,cbba,reward00,2,,,,,,,,,0.625,30.0,18.0,0.0,0.0,0.0,8.0,63.8626,11.5474,85.7963,50.8405,9.9637,79.7096,0.0130976,39,,0.769231,63.8626
eval_probe,,prb_w_ancha_r08_n048_est_i1,cbba,reward00,3,,,,,,,,,0.791667,38.0,10.0,0.0,0.0,0.0,8.0,65.5449,7.63595,80.8878,56.0094,10.7064,85.6514,0.012009,44,,0.863636,65.5449
eval_probe,,prb_w_ancha_r08_n048_est_i1,dec-mcts-v4-g9999,reward00,1,,,,,,,,,0.645833,31.0,17.0,0.0,0.0,0.0,8.0,64.9058,6.44189,73.515,56.6566,18.597,148.776,37.5875,36,,0.861111,64.9058
eval_probe,,prb_w_ancha_r08_n048_est_i1,dec-mcts-v4-g9999,reward00,2,,,,,,,,,0.6875,33.0,15.0,0.0,0.0,0.0,8.0,65.3879,11.5517,87.658,53.3636,23.073,184.584,36.9316,44,,0.75,65.3879
eval_probe,,prb_w_ancha_r08_n048_est_i1,dec-mcts-v4-g9999,reward00,3,,,,,,,,,0.625,30.0,18.0,0.0,0.0,0.0,8.0,60.6744,5.86739,73.9253,54.5976,23.3725,186.98,38.4488,39,,0.769231,60.6744
eval_probe,,prb_w_ancha_r08_n048_est_i1,greedy,reward00,1,,,,,,,,,0.729167,35.0,13.0,0.0,0.0,0.0,8.0,61.9233,6.21993,74.6685,54.0528,14.4646,115.717,0.00194584,44,,0.795455,61.9233
eval_probe,,prb_w_ancha_r08_n048_est_i1,greedy,reward00,2,,,,,,,,,0.729167,35.0,13.0,0.0,0.0,0.0,8.0,63.3606,8.86716,81.6868,55.2355,14.1895,113.516,0.00259941,42,,0.833333,63.3606
eval_probe,,prb_w_ancha_r08_n048_est_i1,greedy,reward00,3,,,,,,,,,0.708333,34.0,14.0,0.0,0.0,0.0,8.0,57.9171,6.62975,67.8051,51.7233,15.6646,125.317,0.00199315,44,,0.772727,57.9171
eval_probe,,prb_w_ancha_r08_n048_est_i1,random,reward00,1,,,,,,,,,0.541667,26.0,22.0,0.0,0.0,0.0,8.0,59.123,3.21173,64.2081,56.2765,33.1957,265.565,0.00169841,37,,0.702703,59.123
eval_probe,,prb_w_ancha_r08_n048_est_i1,random,reward00,2,,,,,,,,,0.458333,22.0,26.0,0.0,0.0,1.0,7.0,60.8141,8.13738,75.5704,50.6727,32.3467,258.774,0.00240303,36,,0.611111,62.2629
eval_probe,,prb_w_ancha_r08_n048_est_i1,random,reward00,3,,,,,,,,,0.583333,28.0,20.0,0.0,0.0,0.0,8.0,68.3037,12.0195,88.52,56.8697,30.2329,241.863,0.00164252,35,,0.8,68.3037
eval_probe,,prb_w_ancha_r08_n048_est_i2,cbaa,reward00,1,,,,,,,,,0.458333,22.0,26.0,0.0,0.0,0.0,8.0,33.722,37.0578,86.4043,0.0,7.33443,58.6754,0.00203885,39,,0.564103,33.7219
eval_probe,,prb_w_ancha_r08_n048_est_i2,cbaa,reward00,2,,,,,,,,,0.458333,22.0,26.0,0.0,0.0,0.0,8.0,36.7085,39.9501,89.5263,0.0,6.8541,54.8328,0.00187581,27,,0.814815,36.7084
eval_probe,,prb_w_ancha_r08_n048_est_i2,cbaa,reward00,3,,,,,,,,,0.375,18.0,30.0,0.0,0.0,0.0,8.0,33.1734,35.7403,71.6911,0.0,5.39987,43.1989,0.00168079,27,,0.666667,33.1734
eval_probe,,prb_w_ancha_r08_n048_est_i2,cbba,reward00,1,,,,,,,,,0.770833,37.0,11.0,0.0,0.0,0.0,8.0,56.8222,10.3095,69.7003,37.9235,12.2759,98.207,0.0128487,47,,0.787234,56.8222
eval_probe,,prb_w_ancha_r08_n048_est_i2,cbba,reward00,2,,,,,,,,,0.75,36.0,12.0,0.0,0.0,0.0,8.0,61.5687,11.4554,83.8888,50.1916,10.4717,83.7734,0.0172423,47,,0.765957,61.5687
eval_probe,,prb_w_ancha_r08_n048_est_i2,cbba,reward00,3,,,,,,,,,0.666667,32.0,16.0,0.0,0.0,0.0,8.0,56.8899,6.12154,70.9339,50.2708,11.3949,91.1596,0.0205101,46,,0.695652,56.8899
eval_probe,,prb_w_ancha_r08_n048_est_i2,dec-mcts-v4-g9999,reward00,1,,,,,,,,,0.6875,33.0,15.0,0.0,0.0,0.0,8.0,61.1228,5.1687,68.9506,55.7166,20.1482,161.185,26.0467,40,,0.825,61.1228
eval_probe,,prb_w_ancha_r08_n048_est_i2,dec-mcts-v4-g9999,reward00,2,,,,,,,,,0.541667,26.0,22.0,0.0,0.0,0.0,8.0,60.2086,6.07693,73.0098,53.1585,21.3009,170.407,24.3247,38,,0.684211,60.2086
eval_probe,,prb_w_ancha_r08_n048_est_i2,dec-mcts-v4-g9999,reward00,3,,,,,,,,,0.666667,32.0,16.0,0.0,0.0,0.0,8.0,61.1675,7.23271,75.5325,50.5286,21.6344,173.075,22.9888,42,,0.761905,61.1675
eval_probe,,prb_w_ancha_r08_n048_est_i2,greedy,reward00,1,,,,,,,,,0.75,36.0,12.0,0.0,0.0,0.0,8.0,63.6775,8.61768,75.6707,54.7833,16.6321,133.057,0.00158589,44,,0.818182,63.6775
eval_probe,,prb_w_ancha_r08_n048_est_i2,greedy,reward00,2,,,,,,,,,0.770833,37.0,11.0,0.0,0.0,0.0,8.0,59.1604,8.33012,75.0,51.8275,14.4389,115.511,0.00191443,48,,0.770833,59.1604
eval_probe,,prb_w_ancha_r08_n048_est_i2,greedy,reward00,3,,,,,,,,,0.729167,35.0,13.0,0.0,0.0,0.0,8.0,66.8934,9.87269,86.7066,56.3865,14.3715,114.972,0.001677,44,,0.795455,66.8934
eval_probe,,prb_w_ancha_r08_n048_est_i2,random,reward00,1,,,,,,,,,0.583333,28.0,20.0,0.0,0.0,0.0,8.0,67.0683,8.02452,83.2662,60.06,28.2097,225.678,0.0011904,33,,0.848485,67.0683
eval_probe,,prb_w_ancha_r08_n048_est_i2,random,reward00,2,,,,,,,,,0.583333,28.0,20.0,0.0,0.0,0.0,8.0,61.1241,7.11139,74.2006,54.9433,27.4565,219.652,0.00145712,36,,0.777778,61.124
eval_probe,,prb_w_ancha_r08_n048_est_i2,random,reward00,3,,,,,,,,,0.604167,29.0,19.0,0.0,0.0,0.0,8.0,64.1167,10.6198,86.318,55.67,26.1166,208.933,0.00131226,34,,0.852941,64.1167
eval_probe,,prb_w_ancha_r08_n048_est_i3,cbaa,reward00,1,,,,,,,,,0.416667,20.0,28.0,0.0,0.0,0.0,8.0,32.8283,36.7287,90.2299,0.0,6.27862,50.229,0.00275672,30,,0.666667,32.8283
eval_probe,,prb_w_ancha_r08_n048_est_i3,cbaa,reward00,2,,,,,,,,,0.354167,17.0,31.0,0.0,0.0,0.0,8.0,31.3306,33.8104,71.7941,0.0,5.30711,42.4569,0.00249928,25,,0.68,31.3306
eval_probe,,prb_w_ancha_r08_n048_est_i3,cbaa,reward00,3,,,,,,,,,0.354167,17.0,31.0,0.0,0.0,0.0,8.0,31.1256,33.3692,67.4589,0.0,5.41039,43.2831,0.00236011,24,,0.708333,31.1256
eval_probe,,prb_w_ancha_r08_n048_est_i3,cbba,reward00,1,,,,,,,,,0.6875,33.0,15.0,0.0,0.0,0.0,8.0,56.4995,4.24655,64.326,51.3421,11.9145,95.3159,0.0175395,47,,0.702128,56.4995
eval_probe,,prb_w_ancha_r08_n048_est_i3,cbba,reward00,2,,,,,,,,,0.708333,34.0,14.0,0.0,0.0,0.0,8.0,61.3007,8.34161,73.5297,51.8165,11.5719,92.5749,0.0188415,45,,0.755556,61.3007
eval_probe,,prb_w_ancha_r08_n048_est_i3,cbba,reward00,3,,,,,,,,,0.708333,34.0,14.0,0.0,0.0,0.0,8.0,55.652,6.89126,66.0527,43.6995,12.4216,99.3729,0.018844,48,,0.708333,55.652
eval_probe,,prb_w_ancha_r08_n048_est_i3,dec-mcts-v4-g9999,reward00,1,,,,,,,,,0.604167,29.0,19.0,0.0,0.0,0.0,8.0,63.3397,8.30675,77.3021,55.3667,23.5206,188.165,35.2419,41,,0.707317,63.3397
eval_probe,,prb_w_ancha_r08_n048_est_i3,dec-mcts-v4-g9999,reward00,2,,,,,,,,,0.645833,31.0,17.0,0.0,0.0,0.0,8.0,64.8471,7.82681,75.4656,54.3769,22.7685,182.148,31.1833,41,,0.756098,64.847
eval_probe,,prb_w_ancha_r08_n048_est_i3,dec-mcts-v4-g9999,reward00,3,,,,,,,,,0.625,30.0,18.0,0.0,0.0,0.0,8.0,57.8415,5.98876,71.0682,51.2541,24.9349,199.479,23.3431,40,,0.75,57.8415
eval_probe,,prb_w_ancha_r08_n048_est_i3,greedy,reward00,1,,,,,,,,,0.708333,34.0,14.0,0.0,0.0,1.0,7.0,59.2946,7.39912,70.1047,47.9768,15.3467,122.774,0.00232911,46,,0.73913,60.9114
eval_probe,,prb_w_ancha_r08_n048_est_i3,greedy,reward00,2,,,,,,,,,0.770833,37.0,11.0,0.0,0.0,0.0,8.0,63.2539,11.6106,83.5964,50.1133,15.5899,124.719,0.00277932,47,,0.787234,63.2539
eval_probe,,prb_w_ancha_r08_n048_est_i3,greedy,reward00,3,,,,,,,,,0.604167,29.0,19.0,0.0,0.0,0.0,8.0,60.841,6.28756,74.1231,55.2196,15.9599,127.679,0.00264402,44,,0.659091,60.841
eval_probe,,prb_w_ancha_r08_n048_est_i3,random,reward00,1,,,,,,,,,0.5,24.0,24.0,0.0,0.0,0.0,8.0,62.2803,7.64488,79.0684,57.4633,31.3402,250.721,0.00202438,33,,0.727273,62.2803
eval_probe,,prb_w_ancha_r08_n048_est_i3,random,reward00,2,,,,,,,,,0.520833,25.0,23.0,0.0,0.0,0.0,8.0,64.4533,8.74928,81.5924,57.6065,30.2667,242.134,0.00202278,27,,0.925926,64.4533
eval_probe,,prb_w_ancha_r08_n048_est_i3,random,reward00,3,,,,,,,,,0.520833,25.0,23.0,0.0,0.0,0.0,8.0,69.3203,11.7709,82.88,57.9231,28.8766,231.013,0.00207829,31,,0.806452,69.3203
eval_probe,,prb_w_base_r04_n024_det_i1,cbaa,reward00,1,,,,,,,,,0.583333,14.0,10.0,0.0,0.0,0.0,4.0,51.4962,5.3632,57.864,44.8928,11.8194,47.2777,0.000911606,14,,1.0,51.4962
eval_probe,,prb_w_base_r04_n024_det_i1,cbaa,reward00,2,,,,,,,,,0.583333,14.0,10.0,0.0,0.0,0.0,4.0,51.4962,5.3632,57.864,44.8928,11.8194,47.2777,0.000965983,14,,1.0,51.4962
eval_probe,,prb_w_base_r04_n024_det_i1,cbaa,reward00,3,,,,,,,,,0.583333,14.0,10.0,0.0,0.0,0.0,4.0,51.4962,5.3632,57.864,44.8928,11.8194,47.2777,0.000916578,14,,1.0,51.4962
eval_probe,,prb_w_base_r04_n024_det_i1,cbba,reward00,1,,,,,,,,,0.625,15.0,9.0,0.0,0.0,0.0,4.0,56.3142,7.44891,64.5456,46.6331,16.7928,67.1713,0.00181795,15,,1.0,56.3143
eval_probe,,prb_w_base_r04_n024_det_i1,cbba,reward00,2,,,,,,,,,0.625,15.0,9.0,0.0,0.0,0.0,4.0,56.3142,7.44891,64.5456,46.6331,16.7928,67.1713,0.00191757,15,,1.0,56.3143
eval_probe,,prb_w_base_r04_n024_det_i1,cbba,reward00,3,,,,,,,,,0.625,15.0,9.0,0.0,0.0,0.0,4.0,56.3142,7.44891,64.5456,46.6331,16.7928,67.1713,0.0019611,15,,1.0,56.3143
eval_probe,,prb_w_base_r04_n024_det_i1,dec-mcts-v4-g9999,reward00,1,,,,,,,,,0.625,15.0,9.0,0.0,0.0,0.0,4.0,58.2404,5.01465,64.6422,52.4066,17.7875,71.1499,2.94893,15,,1.0,58.2404
eval_probe,,prb_w_base_r04_n024_det_i1,dec-mcts-v4-g9999,reward00,2,,,,,,,,,0.625,15.0,9.0,0.0,0.0,0.0,4.0,57.1737,2.57024,60.4901,54.5806,16.7708,67.0832,3.05647,15,,1.0,57.1737
eval_probe,,prb_w_base_r04_n024_det_i1,dec-mcts-v4-g9999,reward00,3,,,,,,,,,0.625,15.0,9.0,0.0,0.0,0.0,4.0,58.3665,2.35465,61.6603,56.2402,17.0336,68.1344,3.17089,15,,1.0,58.3665
eval_probe,,prb_w_base_r04_n024_det_i1,greedy,reward00,1,,,,,,,,,0.458333,11.0,13.0,0.0,0.0,0.0,4.0,54.1109,5.39858,61.734,49.9997,12.2567,49.0267,0.000575498,11,,1.0,54.1109
eval_probe,,prb_w_base_r04_n024_det_i1,greedy,reward00,2,,,,,,,,,0.458333,11.0,13.0,0.0,0.0,0.0,4.0,54.1109,5.39858,61.734,49.9997,12.2567,49.0267,0.000704762,11,,1.0,54.1109
eval_probe,,prb_w_base_r04_n024_det_i1,greedy,reward00,3,,,,,,,,,0.458333,11.0,13.0,0.0,0.0,0.0,4.0,54.1109,5.39858,61.734,49.9997,12.2567,49.0267,0.000528218,11,,1.0,54.1109
eval_probe,,prb_w_base_r04_n024_det_i1,random,reward00,1,,,,,,,,,0.333333,8.0,16.0,0.0,0.0,0.0,4.0,56.5227,4.40393,61.584,52.1697,12.8652,51.4607,0.000668576,8,,1.0,56.5227
eval_probe,,prb_w_base_r04_n024_det_i1,random,reward00,2,,,,,,,,,0.333333,8.0,16.0,0.0,0.0,0.0,4.0,54.4634,3.51016,58.5833,49.9997,18.1506,72.6025,0.000466138,8,,1.0,54.4634
eval_probe,,prb_w_base_r04_n024_det_i1,random,reward00,3,,,,,,,,,0.333333,8.0,16.0,0.0,0.0,0.0,4.0,56.1818,3.67421,61.6134,53.764,17.4904,69.9614,0.000721207,8,,1.0,56.1818
eval_probe,,prb_w_base_r04_n024_det_i2,cbaa,reward00,1,,,,,,,,,0.541667,13.0,11.0,0.0,0.0,0.0,4.0,44.4982,16.9178,54.3694,19.1667,11.5406,46.1625,0.000832829,13,,1.0,44.4982
eval_probe,,prb_w_base_r04_n024_det_i2,cbaa,reward00,2,,,,,,,,,0.541667,13.0,11.0,0.0,0.0,0.0,4.0,44.4982,16.9178,54.3694,19.1667,11.5406,46.1625,0.000869388,13,,1.0,44.4982
eval_probe,,prb_w_base_r04_n024_det_i2,cbaa,reward00,3,,,,,,,,,0.541667,13.0,11.0,0.0,0.0,0.0,4.0,44.4982,16.9178,54.3694,19.1667,11.5406,46.1625,0.000554693,13,,1.0,44.4982
eval_probe,,prb_w_base_r04_n024_det_i2,cbba,reward00,1,,,,,,,,,0.625,15.0,9.0,0.0,0.0,0.0,4.0,51.4148,3.21693,54.3694,46.8333,13.4573,53.8291,0.00105284,15,,1.0,51.4149
eval_probe,,prb_w_base_r04_n024_det_i2,cbba,reward00,2,,,,,,,,,0.625,15.0,9.0,0.0,0.0,0.0,4.0,51.4148,3.21693,54.3694,46.8333,13.4573,53.8291,0.00102398,15,,1.0,51.4149
eval_probe,,prb_w_base_r04_n024_det_i2,cbba,reward00,3,,,,,,,,,0.625,15.0,9.0,0.0,0.0,0.0,4.0,51.4148,3.21693,54.3694,46.8333,13.4573,53.8291,0.00164024,15,,1.0,51.4149
eval_probe,,prb_w_base_r04_n024_det_i2,dec-mcts-v4-g9999,reward00,1,,,,,,,,,0.625,15.0,9.0,0.0,0.0,0.0,4.0,54.0774,1.97178,56.0768,52.1697,14.2913,57.1653,3.12481,15,,1.0,54.0774
eval_probe,,prb_w_base_r04_n024_det_i2,dec-mcts-v4-g9999,reward00,2,,,,,,,,,0.625,15.0,9.0,0.0,0.0,0.0,4.0,54.7715,3.846,59.9631,51.1265,14.0378,56.1511,3.2061,15,,1.0,54.7715
eval_probe,,prb_w_base_r04_n024_det_i2,dec-mcts-v4-g9999,reward00,3,,,,,,,,,0.625,15.0,9.0,0.0,0.0,0.0,4.0,57.6215,2.24365,59.6168,54.4929,18.9699,75.8797,3.31571,15,,1.0,57.6215
eval_probe,,prb_w_base_r04_n024_det_i2,greedy,reward00,1,,,,,,,,,0.333333,8.0,16.0,0.0,0.0,0.0,4.0,53.8222,3.41169,58.9025,51.6065,7.90786,31.6314,0.000473629,8,,1.0,53.8222
eval_probe,,prb_w_base_r04_n024_det_i2,greedy,reward00,2,,,,,,,,,0.333333,8.0,16.0,0.0,0.0,0.0,4.0,53.8222,3.41169,58.9025,51.6065,7.90786,31.6314,0.00041195,8,,1.0,53.8222
eval_probe,,prb_w_base_r04_n024_det_i2,greedy,reward00,3,,,,,,,,,0.333333,8.0,16.0,0.0,0.0,0.0,4.0,53.8222,3.41169,58.9025,51.6065,7.90786,31.6314,0.000359325,8,,1.0,53.8222
eval_probe,,prb_w_base_r04_n024_det_i2,random,reward00,1,,,,,,,,,0.333333,8.0,16.0,0.0,0.0,0.0,4.0,52.2461,2.67553,56.1791,50.3033,16.9988,67.9953,0.000395262,8,,1.0,52.2461
eval_probe,,prb_w_base_r04_n024_det_i2,random,reward00,2,,,,,,,,,0.291667,7.0,17.0,0.0,0.0,0.0,4.0,55.2473,4.3323,61.6065,52.1697,12.9143,51.6572,0.000437086,7,,1.0,55.2473
eval_probe,,prb_w_base_r04_n024_det_i2,random,reward00,3,,,,,,,,,0.25,6.0,18.0,0.0,0.0,0.0,4.0,53.0328,4.14485,58.8919,49.1231,13.3361,53.3443,0.000357905,6,,1.0,53.0328
eval_probe,,prb_w_base_r04_n024_det_i3,cbaa,reward00,1,,,,,,,,,0.5,12.0,12.0,0.0,0.0,0.0,4.0,44.5719,17.3777,59.4742,20.0,12.4379,49.7514,0.000564978,12,,1.0,44.5719
eval_probe,,prb_w_base_r04_n024_det_i3,cbaa,reward00,2,,,,,,,,,0.5,12.0,12.0,0.0,0.0,0.0,4.0,44.5719,17.3777,59.4742,20.0,12.4379,49.7514,0.000520174,12,,1.0,44.5719
eval_probe,,prb_w_base_r04_n024_det_i3,cbaa,reward00,3,,,,,,,,,0.5,12.0,12.0,0.0,0.0,0.0,4.0,44.5719,17.3777,59.4742,20.0,12.4379,49.7514,0.000485121,12,,1.0,44.5719
eval_probe,,prb_w_base_r04_n024_det_i3,cbba,reward00,1,,,,,,,,,0.625,15.0,9.0,0.0,0.0,0.0,4.0,54.7186,6.99598,60.5868,45.3233,15.0845,60.3382,0.00106248,15,,1.0,54.7186
eval_probe,,prb_w_base_r04_n024_det_i3,cbba,reward00,2,,,,,,,,,0.625,15.0,9.0,0.0,0.0,0.0,4.0,54.7186,6.99598,60.5868,45.3233,15.0845,60.3382,0.00103058,15,,1.0,54.7186
eval_probe,,prb_w_base_r04_n024_det_i3,cbba,reward00,3,,,,,,,,,0.625,15.0,9.0,0.0,0.0,0.0,4.0,54.7186,6.99598,60.5868,45.3233,15.0845,60.3382,0.00107678,15,,1.0,54.7186
eval_probe,,prb_w_base_r04_n024_det_i3,dec-mcts-v4-g9999,reward00,1,,,,,,,,,0.625,15.0,9.0,0.0,0.0,0.0,4.0,54.8894,6.40377,63.3196,47.8185,14.8334,59.3337,2.24851,15,,1.0,54.8894
eval_probe,,prb_w_base_r04_n024_det_i3,dec-mcts-v4-g9999,reward00,2,,,,,,,,,0.583333,14.0,10.0,0.0,0.0,0.0,4.0,55.1764,3.4311,59.4742,51.1265,14.7074,58.8294,2.19911,14,,1.0,55.1763
eval_probe,,prb_w_base_r04_n024_det_i3,dec-mcts-v4-g9999,reward00,3,,,,,,,,,0.583333,14.0,10.0,0.0,0.0,0.0,4.0,54.5732,3.89222,59.6603,50.3338,15.3629,61.4518,2.23628,14,,1.0,54.5731
eval_probe,,prb_w_base_r04_n024_det_i3,greedy,reward00,1,,,,,,,,,0.333333,8.0,16.0,0.0,0.0,0.0,4.0,51.0275,5.51738,58.9602,47.0,10.902,43.6078,0.000429579,8,,1.0,51.0275
eval_probe,,prb_w_base_r04_n024_det_i3,greedy,reward00,2,,,,,,,,,0.333333,8.0,16.0,0.0,0.0,0.0,4.0,51.0275,5.51738,58.9602,47.0,10.902,43.6078,0.000945103,8,,1.0,51.0275
eval_probe,,prb_w_base_r04_n024_det_i3,greedy,reward00,3,,,,,,,,,0.333333,8.0,16.0,0.0,0.0,0.0,4.0,51.0275,5.51738,58.9602,47.0,10.902,43.6078,0.00178632,8,,1.0,51.0275
eval_probe,,prb_w_base_r04_n024_det_i3,random,reward00,1,,,,,,,,,0.333333,8.0,16.0,0.0,0.0,0.0,4.0,51.9528,6.69835,59.5649,46.0497,11.315,45.2598,0.000413847,8,,1.0,51.9528
eval_probe,,prb_w_base_r04_n024_det_i3,random,reward00,2,,,,,,,,,0.375,9.0,15.0,0.0,0.0,0.0,4.0,50.5451,2.37601,54.1033,49.2634,16.2183,64.8734,0.000391437,9,,1.0,50.5451
eval_probe,,prb_w_base_r04_n024_det_i3,random,reward00,3,,,,,,,,,0.333333,8.0,16.0,0.0,0.0,0.0,4.0,52.4309,6.89728,60.8833,46.6065,16.8304,67.3214,0.000404198,8,,1.0,52.4309
eval_probe,,prb_w_base_r04_n024_est_i1,cbaa,reward00,1,,,,,,,,,0.166667,4.0,14.0,6.0,0.0,0.0,4.0,12.3775,24.755,49.5101,0.0,4.0605,16.242,0.000204637,4,,1.0,12.3775
eval_probe,,prb_w_base_r04_n024_est_i1,cbaa,reward00,2,,,,,,,,,0.208333,5.0,19.0,0.0,0.0,0.0,4.0,15.7788,31.5576,63.1152,0.0,4.57781,18.3112,0.000190313,5,,1.0,15.7788
eval_probe,,prb_w_base_r04_n024_est_i1,cbaa,reward00,3,,,,,,,,,0.0833333,2.0,17.0,5.0,0.0,0.0,4.0,12.2195,24.4389,48.8779,0.0,3.81339,15.2536,0.000227622,5,,0.4,12.2195
eval_probe,,prb_w_base_r04_n024_est_i1,cbba,reward00,1,,,,,,,,,0.458333,11.0,13.0,0.0,0.0,0.0,4.0,51.2654,10.4327,66.8916,45.3568,14.7046,58.8182,0.000899957,19,,0.578947,51.2655
eval_probe,,prb_w_base_r04_n024_est_i1,cbba,reward00,2,,,,,,,,,0.416667,10.0,14.0,0.0,0.0,0.0,4.0,59.0772,8.57577,70.906,50.9796,15.8681,63.4725,0.000941282,16,,0.625,59.0772
eval_probe,,prb_w_base_r04_n024_est_i1,cbba,reward00,3,,,,,,,,,0.708333,17.0,7.0,0.0,0.0,0.0,4.0,57.5383,3.5134,62.3463,54.5831,14.3894,57.5575,0.000899864,18,,0.944444,57.5382
eval_probe,,prb_w_base_r04_n024_est_i1,dec-mcts-v4-g9999,reward00,1,,,,,,,,,0.416667,10.0,14.0,0.0,0.0,0.0,4.0,58.6315,9.63547,72.7401,51.2323,15.6115,62.4461,1.78862,16,,0.625,58.6315
eval_probe,,prb_w_base_r04_n024_est_i1,dec-mcts-v4-g9999,reward00,2,,,,,,,,,0.416667,10.0,14.0,0.0,0.0,0.0,4.0,56.8572,4.46627,62.377,51.5359,19.8039,79.2156,1.83961,19,,0.526316,56.8572
eval_probe,,prb_w_base_r04_n024_est_i1,dec-mcts-v4-g9999,reward00,3,,,,,,,,,0.5,12.0,12.0,0.0,0.0,0.0,4.0,57.304,5.27022,62.5164,50.5349,17.4512,69.8048,1.90436,13,,0.923077,57.304
eval_probe,,prb_w_base_r04_n024_est_i1,greedy,reward00,1,,,,,,,,,0.208333,5.0,19.0,0.0,0.0,0.0,4.0,55.3968,3.36714,58.8307,52.4108,8.38281,33.5312,0.000212414,6,,0.833333,55.3968
eval_probe,,prb_w_base_r04_n024_est_i1,greedy,reward00,2,,,,,,,,,0.291667,7.0,17.0,0.0,0.0,0.0,4.0,53.3313,6.44525,62.9922,49.7764,10.3233,41.2934,0.000240496,8,,0.875,53.3312
eval_probe,,prb_w_base_r04_n024_est_i1,greedy,reward00,3,,,,,,,,,0.375,9.0,15.0,0.0,0.0,0.0,4.0,60.2744,5.75701,66.4101,52.8133,12.5108,50.0432,0.000253373,10,,0.9,60.2744
eval_probe,,prb_w_base_r04_n024_est_i1,random,reward00,1,,,,,,,,,0.25,6.0,18.0,0.0,0.0,0.0,4.0,54.0793,3.40495,58.0632,50.8633,19.0061,76.0242,0.000312003,10,,0.6,54.0793
eval_probe,,prb_w_base_r04_n024_est_i1,random,reward00,2,,,,,,,,,0.208333,5.0,19.0,0.0,0.0,0.0,4.0,53.597,3.64135,58.9268,50.8633,18.4705,73.8818,0.000266711,7,,0.714286,53.597
eval_probe,,prb_w_base_r04_n024_est_i1,random,reward00,3,,,,,,,,,0.25,6.0,18.0,0.0,0.0,0.0,4.0,52.4653,0.346366,52.8133,51.9857,23.0817,92.327,0.000295289,9,,0.666667,52.4652
eval_probe,,prb_w_base_r04_n024_est_i2,cbaa,reward00,1,,,,,,,,,0.458333,11.0,13.0,0.0,0.0,0.0,4.0,57.8774,19.4818,73.0709,29.9084,12.546,50.1841,0.000990732,13,,0.846154,57.8774
eval_probe,,prb_w_base_r04_n024_est_i2,cbaa,reward00,2,,,,,,,,,0.458333,11.0,13.0,0.0,0.0,0.0,4.0,52.3175,15.9887,63.1903,28.5977,13.2282,52.9128,0.00175058,11,,1.0,52.3175
eval_probe,,prb_w_base_r04_n024_est_i2,cbaa,reward00,3,,,,,,,,,0.5,12.0,11.0,1.0,0.0,0.0,4.0,40.1963,14.8789,54.4329,26.2516,13.9287,55.7149,0.00100501,16,,0.75,40.1963
eval_probe,,prb_w_base_r04_n024_est_i2,cbba,reward00,1,,,,,,,,,0.583333,14.0,10.0,0.0,0.0,0.0,4.0,56.6996,3.74637,59.8411,51.3465,16.5404,66.1617,0.00210577,18,,0.777778,56.6996
eval_probe,,prb_w_base_r04_n024_est_i2,cbba,reward00,2,,,,,,,,,0.541667,13.0,11.0,0.0,0.0,0.0,4.0,55.4506,7.8567,65.0932,46.5685,14.6722,58.6888,0.00214491,15,,0.866667,55.4505
eval_probe,,prb_w_base_r04_n024_est_i2,cbba,reward00,3,,,,,,,,,0.416667,10.0,14.0,0.0,0.0,0.0,4.0,51.3723,3.81774,55.5687,46.4611,14.0108,56.0433,0.00200202,19,,0.526316,51.3723
eval_probe,,prb_w_base_r04_n024_est_i2,dec-mcts-v4-g9999,reward00,1,,,,,,,,,0.5,12.0,12.0,0.0,0.0,0.0,4.0,65.2974,8.1476,72.993,53.781,22.0134,88.0538,3.69475,19,,0.631579,65.2974
eval_probe,,prb_w_base_r04_n024_est_i2,dec-mcts-v4-g9999,reward00,2,,,,,,,,,0.5,12.0,12.0,0.0,0.0,0.0,4.0,47.7589,5.80775,53.9051,41.1697,20.6928,82.7711,3.21077,19,,0.631579,47.7589
eval_probe,,prb_w_base_r04_n024_est_i2,dec-mcts-v4-g9999,reward00,3,,,,,,,,,0.416667,10.0,14.0,0.0,0.0,0.0,4.0,48.0427,1.37587,50.0963,47.1787,19.3187,77.2747,3.8409,16,,0.625,48.0427
eval_probe,,prb_w_base_r04_n024_est_i2,greedy,reward00,1,,,,,,,,,0.291667,7.0,17.0,0.0,0.0,0.0,4.0,46.5527,3.94466,52.2533,43.1697,10.9307,43.7229,0.0017184,13,,0.538462,46.5527
eval_probe,,prb_w_base_r04_n024_est_i2,greedy,reward00,2,,,,,,,,,0.333333,8.0,16.0,0.0,0.0,0.0,4.0,59.764,16.4324,83.9882,47.9956,13.9555,55.822,0.000762234,12,,0.666667,59.764
eval_probe,,prb_w_base_r04_n024_est_i2,greedy,reward00,3,,,,,,,,,0.375,9.0,15.0,0.0,0.0,0.0,4.0,47.2251,0.801812,47.9956,46.5152,12.7391,50.9564,0.00121355,11,,0.818182,47.2251
eval_probe,,prb_w_base_r04_n024_est_i2,random,reward00,1,,,,,,,,,0.25,6.0,18.0,0.0,0.0,0.0,4.0,56.5785,4.59787,61.0624,51.928,20.2887,81.1548,0.0007704,8,,0.75,56.5785
eval_probe,,prb_w_base_r04_n024_est_i2,random,reward00,2,,,,,,,,,0.291667,7.0,17.0,0.0,0.0,0.0,4.0,62.2118,10.3159,76.4863,54.2424,14.3451,57.3803,0.000648018,9,,0.777778,62.2118
eval_probe,,prb_w_base_r04_n024_est_i2,random,reward00,3,,,,,,,,,0.333333,8.0,16.0,0.0,0.0,0.0,4.0,59.3393,8.53759,67.7742,50.212,20.8123,83.2493,0.00096403,8,,1.0,59.3393
eval_probe,,prb_w_base_r04_n024_est_i3,cbaa,reward00,1,,,,,,,,,0.208333,5.0,19.0,0.0,0.0,0.0,4.0,30.6146,35.3911,63.2995,0.0,8.78327,35.1331,0.000491402,9,,0.555556,30.6146
eval_probe,,prb_w_base_r04_n024_est_i3,cbaa,reward00,2,,,,,,,,,0.25,6.0,17.0,1.0,0.0,0.0,4.0,26.2628,30.3393,53.6363,0.0,7.04178,28.1671,0.000425739,9,,0.666667,26.2629
eval_probe,,prb_w_base_r04_n024_est_i3,cbaa,reward00,3,,,,,,,,,0.208333,5.0,19.0,0.0,0.0,0.0,4.0,27.2841,31.5052,54.7389,0.0,6.82036,27.2814,0.000640535,7,,0.714286,27.2841
eval_probe,,prb_w_base_r04_n024_est_i3,cbba,reward00,1,,,,,,,,,0.541667,13.0,11.0,0.0,0.0,0.0,4.0,59.2697,9.66788,73.7343,53.4773,16.7699,67.0796,0.00207633,17,,0.764706,59.2697
eval_probe,,prb_w_base_r04_n024_est_i3,cbba,reward00,2,,,,,,,,,0.5,12.0,12.0,0.0,0.0,0.0,4.0,56.7417,4.24608,60.0465,50.5149,17.5799,70.3198,0.00164102,18,,0.666667,56.7417
eval_probe,,prb_w_base_r04_n024_est_i3,cbba,reward00,3,,,,,,,,,0.458333,11.0,13.0,0.0,0.0,0.0,4.0,59.5986,2.55825,63.1101,57.3819,21.0248,84.099,0.00230366,19,,0.578947,59.5986
eval_probe,,prb_w_base_r04_n024_est_i3,dec-mcts-v4-g9999,reward00,1,,,,,,,,,0.541667,13.0,11.0,0.0,0.0,0.0,4.0,54.1366,4.07155,58.7961,49.0382,17.6163,70.4653,4.11132,16,,0.8125,54.1366
eval_probe,,prb_w_base_r04_n024_est_i3,dec-mcts-v4-g9999,reward00,2,,,,,,,,,0.583333,14.0,10.0,0.0,0.0,0.0,4.0,54.8989,8.46615,67.5975,50.6016,19.725,78.8998,4.03475,19,,0.736842,54.8989
eval_probe,,prb_w_base_r04_n024_est_i3,dec-mcts-v4-g9999,reward00,3,,,,,,,,,0.541667,13.0,11.0,0.0,0.0,0.0,4.0,60.267,4.66861,65.4399,54.2556,20.1404,80.5618,4.00735,18,,0.722222,60.267
eval_probe,,prb_w_base_r04_n024_est_i3,greedy,reward00,1,,,,,,,,,0.333333,8.0,16.0,0.0,0.0,0.0,4.0,57.0406,1.68069,59.4853,55.6513,9.89972,39.5989,0.00070937,8,,1.0,57.0406
eval_probe,,prb_w_base_r04_n024_est_i3,greedy,reward00,2,,,,,,,,,0.208333,5.0,19.0,0.0,0.0,0.0,4.0,62.7399,8.99553,75.2903,56.0077,8.8272,35.3088,0.000565285,6,,0.833333,62.7399
eval_probe,,prb_w_base_r04_n024_est_i3,greedy,reward00,3,,,,,,,,,0.291667,7.0,17.0,0.0,0.0,0.0,4.0,59.7538,5.52363,65.8468,52.9242,13.8245,55.2981,0.000608583,12,,0.583333,59.7538
eval_probe,,prb_w_base_r04_n024_est_i3,random,reward00,1,,,,,,,,,0.375,9.0,15.0,0.0,0.0,0.0,4.0,56.7578,6.74622,66.197,51.84,23.7445,94.9781,0.000493519,11,,0.818182,56.7578
eval_probe,,prb_w_base_r04_n024_est_i3,random,reward00,2,,,,,,,,,0.208333,5.0,19.0,0.0,0.0,0.0,4.0,56.503,11.0906,72.6769,48.7465,11.6115,46.4458,0.000484433,5,,1.0,56.503
eval_probe,,prb_w_base_r04_n024_est_i3,random,reward00,3,,,,,,,,,0.458333,11.0,13.0,0.0,0.0,0.0,4.0,56.6212,5.11349,62.2689,50.2017,19.2677,77.071,0.000634562,12,,0.916667,56.6213
eval_probe,,prb_w_base_r08_n048_det_i1,cbaa,reward00,1,,,,,,,,,0.5625,27.0,21.0,0.0,0.0,0.0,8.0,44.2751,17.5096,62.0069,16.0,10.4517,83.6133,0.00245087,27,,1.0,44.2751
eval_probe,,prb_w_base_r08_n048_det_i1,cbaa,reward00,2,,,,,,,,,0.5625,27.0,21.0,0.0,0.0,0.0,8.0,44.2751,17.5096,62.0069,16.0,10.4517,83.6133,0.00246466,27,,1.0,44.2751
eval_probe,,prb_w_base_r08_n048_det_i1,cbaa,reward00,3,,,,,,,,,0.5625,27.0,21.0,0.0,0.0,0.0,8.0,44.2751,17.5096,62.0069,16.0,10.4517,83.6133,0.00232242,27,,1.0,44.2751
eval_probe,,prb_w_base_r08_n048_det_i1,cbba,reward00,1,,,,,,,,,0.708333,34.0,14.0,0.0,0.0,0.0,8.0,56.5835,6.40585,64.7687,46.113,14.01,112.08,0.0126037,34,,1.0,56.5835
eval_probe,,prb_w_base_r08_n048_det_i1,cbba,reward00,2,,,,,,,,,0.708333,34.0,14.0,0.0,0.0,0.0,8.0,56.5835,6.40585,64.7687,46.113,14.01,112.08,0.0127177,34,,1.0,56.5835
eval_probe,,prb_w_base_r08_n048_det_i1,cbba,reward00,3,,,,,,,,,0.708333,34.0,14.0,0.0,0.0,0.0,8.0,56.6342,6.37826,64.7687,46.113,14.0607,112.486,0.011387,34,,1.0,56.6342
eval_probe,,prb_w_base_r08_n048_det_i1,dec-mcts-v4-g9999,reward00,1,,,,,,,,,0.6875,33.0,15.0,0.0,0.0,0.0,8.0,57.93,3.94473,64.0622,54.0016,16.1369,129.095,18.3086,33,,1.0,57.93
eval_probe,,prb_w_base_r08_n048_det_i1,dec-mcts-v4-g9999,reward00,2,,,,,,,,,0.6875,33.0,15.0,0.0,0.0,0.0,8.0,58.3815,5.54108,67.5968,52.5166,16.3688,130.951,18.9324,33,,1.0,58.3815
eval_probe,,prb_w_base_r08_n048_det_i1,dec-mcts-v4-g9999,reward00,3,,,,,,,,,0.6875,33.0,15.0,0.0,0.0,0.0,8.0,58.5245,5.30682,67.0024,52.5166,15.3018,122.415,18.5925,33,,1.0,58.5245
eval_probe,,prb_w_base_r08_n048_det_i1,greedy,reward00,1,,,,,,,,,0.375,18.0,30.0,0.0,0.0,0.0,8.0,52.1705,6.36432,61.4965,46.0,9.62611,77.0089,0.00106223,18,,1.0,52.1705
eval_probe,,prb_w_base_r08_n048_det_i1,greedy,reward00,2,,,,,,,,,0.375,18.0,30.0,0.0,0.0,0.0,8.0,52.1705,6.36432,61.4965,46.0,9.62611,77.0089,0.00192245,18,,1.0,52.1705
eval_probe,,prb_w_base_r08_n048_det_i1,greedy,reward00,3,,,,,,,,,0.375,18.0,30.0,0.0,0.0,0.0,8.0,52.1705,6.36432,61.4965,46.0,9.62611,77.0089,0.00133798,18,,1.0,52.1705
eval_probe,,prb_w_base_r08_n048_det_i1,random,reward00,1,,,,,,,,,0.3125,15.0,33.0,0.0,0.0,0.0,8.0,51.7504,5.44617,59.9352,46.0065,15.115,120.92,0.00135013,15,,1.0,51.7504
eval_probe,,prb_w_base_r08_n048_det_i1,random,reward00,2,,,,,,,,,0.375,18.0,30.0,0.0,0.0,0.0,8.0,52.6223,4.90737,59.1682,47.2533,14.1582,113.266,0.0013985,18,,1.0,52.6223
eval_probe,,prb_w_base_r08_n048_det_i1,random,reward00,3,,,,,,,,,0.458333,22.0,26.0,0.0,0.0,0.0,8.0,54.9146,6.34684,64.2527,46.0,18.9867,151.894,0.000992887,22,,1.0,54.9146
eval_probe,,prb_w_base_r08_n048_det_i2,cbaa,reward00,1,,,,,,,,,0.479167,23.0,25.0,0.0,0.0,0.0,8.0,36.7824,31.4775,64.8555,0.0,7.67276,61.3821,0.00161303,23,,1.0,36.7824
eval_probe,,prb_w_base_r08_n048_det_i2,cbaa,reward00,2,,,,,,,,,0.479167,23.0,25.0,0.0,0.0,0.0,8.0,36.7824,31.4775,64.8555,0.0,7.67276,61.3821,0.0015953,23,,1.0,36.7824
eval_probe,,prb_w_base_r08_n048_det_i2,cbaa,reward00,3,,,,,,,,,0.479167,23.0,25.0,0.0,0.0,0.0,8.0,36.7824,31.4775,64.8555,0.0,7.67276,61.3821,0.00146841,23,,1.0,36.7824
eval_probe,,prb_w_base_r08_n048_det_i2,cbba,reward00,1,,,,,,,,,0.6875,33.0,15.0,0.0,0.0,0.0,8.0,54.8443,5.90685,63.649,45.1034,11.2609,90.0875,0.00982888,33,,1.0,54.8443
eval_probe,,prb_w_base_r08_n048_det_i2,cbba,reward00,2,,,,,,,,,0.6875,33.0,15.0,0.0,0.0,0.0,8.0,54.8443,5.90685,63.649,45.1034,11.2609,90.0875,0.0108305,33,,1.0,54.8443
eval_probe,,prb_w_base_r08_n048_det_i2,cbba,reward00,3,,,,,,,,,0.6875,33.0,15.0,0.0,0.0,0.0,8.0,54.8443,5.90685,63.649,45.1034,11.2609,90.0875,0.00727626,33,,1.0,54.8443
eval_probe,,prb_w_base_r08_n048_det_i2,dec-mcts-v4-g9999,reward00,1,,,,,,,,,0.6875,33.0,15.0,0.0,0.0,0.0,8.0,58.5452,3.47513,62.7734,52.919,15.2866,122.292,15.3182,33,,1.0,58.5452
eval_probe,,prb_w_base_r08_n048_det_i2,dec-mcts-v4-g9999,reward00,2,,,,,,,,,0.708333,34.0,14.0,0.0,0.0,0.0,8.0,58.9426,3.89049,65.6506,55.4225,14.2385,113.908,20.2999,34,,1.0,58.9426
eval_probe,,prb_w_base_r08_n048_det_i2,dec-mcts-v4-g9999,reward00,3,,,,,,,,,0.708333,34.0,14.0,0.0,0.0,0.0,8.0,59.1545,4.72638,65.8718,52.6964,14.401,115.208,19.5197,34,,1.0,59.1544
eval_probe,,prb_w_base_r08_n048_det_i2,greedy,reward00,1,,,,,,,,,0.333333,16.0,32.0,0.0,0.0,0.0,8.0,56.2189,3.61597,60.1969,52.1697,10.3726,82.9811,0.000745886,16,,1.0,56.2189
eval_probe,,prb_w_base_r08_n048_det_i2,greedy,reward00,2,,,,,,,,,0.333333,16.0,32.0,0.0,0.0,0.0,8.0,56.2189,3.61597,60.1969,52.1697,10.3726,82.9811,0.000867472,16,,1.0,56.2189
eval_probe,,prb_w_base_r08_n048_det_i2,greedy,reward00,3,,,,,,,,,0.333333,16.0,32.0,0.0,0.0,0.0,8.0,56.2189,3.61597,60.1969,52.1697,10.3726,82.9811,0.000951117,16,,1.0,56.2189
eval_probe,,prb_w_base_r08_n048_det_i2,random,reward00,1,,,,,,,,,0.395833,19.0,29.0,0.0,0.0,0.0,8.0,56.0845,5.11866,64.7761,50.0156,19.0652,152.521,0.00109463,19,,1.0,56.0845
eval_probe,,prb_w_base_r08_n048_det_i2,random,reward00,2,,,,,,,,,0.333333,16.0,32.0,0.0,0.0,0.0,8.0,53.7761,2.95292,58.8663,49.08,16.6874,133.499,0.00087273,16,,1.0,53.7761
eval_probe,,prb_w_base_r08_n048_det_i2,random,reward00,3,,,,,,,,,0.354167,17.0,31.0,0.0,0.0,0.0,8.0,56.2706,5.19577,64.8469,51.3433,15.3673,122.939,0.000879428,17,,1.0,56.2706
eval_probe,,prb_w_base_r08_n048_det_i3,cbaa,reward00,1,,,,,,,,,0.375,18.0,30.0,0.0,0.0,0.0,8.0,28.5274,30.7221,62.0131,0.0,5.97096,47.7677,0.00131864,18,,1.0,28.5274
eval_probe,,prb_w_base_r08_n048_det_i3,cbaa,reward00,2,,,,,,,,,0.375,18.0,30.0,0.0,0.0,0.0,8.0,28.5274,30.7221,62.0131,0.0,5.97096,47.7677,0.00216373,18,,1.0,28.5274
eval_probe,,prb_w_base_r08_n048_det_i3,cbaa,reward00,3,,,,,,,,,0.375,18.0,30.0,0.0,0.0,0.0,8.0,28.5274,30.7221,62.0131,0.0,5.97096,47.7677,0.00224164,18,,1.0,28.5274
eval_probe,,prb_w_base_r08_n048_det_i3,cbba,reward00,1,,,,,,,,,0.666667,32.0,16.0,0.0,0.0,0.0,8.0,55.8118,3.87033,60.9468,50.2731,13.1232,104.985,0.00934961,32,,1.0,55.8118
eval_probe,,prb_w_base_r08_n048_det_i3,cbba,reward00,2,,,,,,,,,0.666667,32.0,16.0,0.0,0.0,0.0,8.0,55.8118,3.87033,60.9468,50.2731,13.1232,104.985,0.00936971,32,,1.0,55.8118
eval_probe,,prb_w_base_r08_n048_det_i3,cbba,reward00,3,,,,,,,,,0.666667,32.0,16.0,0.0,0.0,0.0,8.0,55.8118,3.87033,60.9468,50.2731,13.1232,104.985,0.00894791,32,,1.0,55.8118
eval_probe,,prb_w_base_r08_n048_det_i3,dec-mcts-v4-g9999,reward00,1,,,,,,,,,0.645833,31.0,17.0,0.0,0.0,0.0,8.0,57.1515,4.28244,64.8606,52.5481,15.7485,125.988,18.0448,31,,1.0,57.1515
eval_probe,,prb_w_base_r08_n048_det_i3,dec-mcts-v4-g9999,reward00,2,,,,,,,,,0.6875,33.0,15.0,0.0,0.0,0.0,8.0,58.955,3.6929,64.2459,53.3893,15.9816,127.853,18.0027,33,,1.0,58.955
eval_probe,,prb_w_base_r08_n048_det_i3,dec-mcts-v4-g9999,reward00,3,,,,,,,,,0.6875,33.0,15.0,0.0,0.0,0.0,8.0,59.3537,3.68039,64.8956,54.1991,15.5795,124.636,18.0925,33,,1.0,59.3537
eval_probe,,prb_w_base_r08_n048_det_i3,greedy,reward00,1,,,,,,,,,0.3125,15.0,33.0,0.0,0.0,0.0,8.0,53.8481,5.07657,59.8956,48.0,8.71666,69.7333,0.00118585,15,,1.0,53.8481
eval_probe,,prb_w_base_r08_n048_det_i3,greedy,reward00,2,,,,,,,,,0.3125,15.0,33.0,0.0,0.0,0.0,8.0,53.8481,5.07657,59.8956,48.0,8.71666,69.7333,0.000883589,15,,1.0,53.8481
eval_probe,,prb_w_base_r08_n048_det_i3,greedy,reward00,3,,,,,,,,,0.3125,15.0,33.0,0.0,0.0,0.0,8.0,53.8481,5.07657,59.8956,48.0,8.71666,69.7333,0.00104348,15,,1.0,53.8481
eval_probe,,prb_w_base_r08_n048_det_i3,random,reward00,1,,,,,,,,,0.375,18.0,30.0,0.0,0.0,0.0,8.0,54.3281,4.26482,62.1076,49.9097,14.4982,115.985,0.00127123,18,,1.0,54.3281
eval_probe,,prb_w_base_r08_n048_det_i3,random,reward00,2,,,,,,,,,0.375,18.0,30.0,0.0,0.0,0.0,8.0,55.4048,2.71177,59.3533,52.1231,18.2294,145.835,0.00140487,18,,1.0,55.4048
eval_probe,,prb_w_base_r08_n048_det_i3,random,reward00,3,,,,,,,,,0.354167,17.0,31.0,0.0,0.0,0.0,8.0,56.9087,3.74841,62.2713,52.1231,17.2346,137.877,0.000910763,17,,1.0,56.9087
eval_probe,,prb_w_base_r08_n048_est_i1,cbaa,reward00,1,,,,,,,,,0.333333,16.0,32.0,0.0,0.0,0.0,8.0,28.1198,30.2129,62.6872,0.0,8.8624,70.8992,0.00221699,22,,0.727273,28.1198
eval_probe,,prb_w_base_r08_n048_est_i1,cbaa,reward00,2,,,,,,,,,0.354167,17.0,31.0,0.0,0.0,0.0,8.0,29.499,32.2241,70.1808,0.0,6.87544,55.0035,0.00229334,22,,0.772727,29.499
eval_probe,,prb_w_base_r08_n048_est_i1,cbaa,reward00,3,,,,,,,,,0.3125,15.0,33.0,0.0,0.0,0.0,8.0,26.6122,28.4691,54.7987,0.0,9.99187,79.935,0.00285248,32,,0.46875,26.6122
eval_probe,,prb_w_base_r08_n048_est_i1,cbba,reward00,1,,,,,,,,,0.583333,28.0,20.0,0.0,0.0,0.0,8.0,57.7687,9.11414,75.4192,49.8803,14.9753,119.802,0.0158556,37,,0.756757,57.7687
eval_probe,,prb_w_base_r08_n048_est_i1,cbba,reward00,2,,,,,,,,,0.625,30.0,18.0,0.0,0.0,0.0,8.0,62.5153,7.69545,78.7062,53.1945,14.407,115.256,0.0155027,36,,0.833333,62.5153
eval_probe,,prb_w_base_r08_n048_est_i1,cbba,reward00,3,,,,,,,,,0.5625,27.0,21.0,0.0,0.0,0.0,8.0,64.1319,9.23545,79.5264,53.7943,15.7386,125.909,0.016113,36,,0.75,64.1319
eval_probe,,prb_w_base_r08_n048_est_i1,dec-mcts-v4-g9999,reward00,1,,,,,,,,,0.416667,20.0,28.0,0.0,0.0,0.0,8.0,53.965,4.05333,60.828,49.5158,17.0385,136.308,23.333,27,,0.740741,53.965
eval_probe,,prb_w_base_r08_n048_est_i1,dec-mcts-v4-g9999,reward00,2,,,,,,,,,0.479167,23.0,25.0,0.0,0.0,0.0,8.0,61.3,8.92184,78.8297,53.2089,14.3642,114.914,24.0028,27,,0.851852,61.3
eval_probe,,prb_w_base_r08_n048_est_i1,dec-mcts-v4-g9999,reward00,3,,,,,,,,,0.479167,23.0,25.0,0.0,0.0,0.0,8.0,52.0013,5.03453,60.8576,46.8265,21.3815,171.052,21.8023,36,,0.638889,52.0013
eval_probe,,prb_w_base_r08_n048_est_i1,greedy,reward00,1,,,,,,,,,0.291667,14.0,34.0,0.0,0.0,0.0,8.0,52.8525,5.12574,63.9003,48.8287,10.617,84.9357,0.00100588,21,,0.666667,52.8525
eval_probe,,prb_w_base_r08_n048_est_i1,greedy,reward00,2,,,,,,,,,0.270833,13.0,35.0,0.0,0.0,0.0,8.0,54.0524,6.32923,62.6618,47.2797,12.4124,99.2994,0.00158374,21,,0.619048,54.0523
eval_probe,,prb_w_base_r08_n048_est_i1,greedy,reward00,3,,,,,,,,,0.270833,13.0,35.0,0.0,0.0,0.0,8.0,52.7915,6.91804,67.1614,46.5822,10.3273,82.6188,0.00155231,22,,0.590909,52.7915
eval_probe,,prb_w_base_r08_n048_est_i1,random,reward00,1,,,,,,,,,0.333333,16.0,32.0,0.0,0.0,0.0,8.0,58.7643,7.48526,73.471,51.7856,19.0138,152.11,0.00145974,20,,0.8,58.7643
eval_probe,,prb_w_base_r08_n048_est_i1,random,reward00,2,,,,,,,,,0.270833,13.0,35.0,0.0,0.0,0.0,8.0,55.7902,6.55755,70.398,50.6531,16.9045,135.236,0.000842993,16,,0.8125,55.7902
eval_probe,,prb_w_base_r08_n048_est_i1,random,reward00,3,,,,,,,,,0.229167,11.0,37.0,0.0,0.0,0.0,8.0,53.8549,4.18311,59.743,49.6831,17.0663,136.53,0.000802057,15,,0.733333,53.8549
eval_probe,,prb_w_base_r08_n048_est_i2,cbaa,reward00,1,,,,,,,,,0.458333,22.0,26.0,0.0,0.0,0.0,8.0,33.6572,28.1238,61.3788,0.0,8.89333,71.1466,0.0025068,27,,0.814815,33.6572
eval_probe,,prb_w_base_r08_n048_est_i2,cbaa,reward00,2,,,,,,,,,0.354167,17.0,31.0,0.0,0.0,0.0,8.0,31.9644,29.4288,65.6257,0.0,7.81365,62.5092,0.00141476,22,,0.772727,31.9644
eval_probe,,prb_w_base_r08_n048_est_i2,cbaa,reward00,3,,,,,,,,,0.395833,19.0,29.0,0.0,0.0,0.0,8.0,32.5343,27.3742,58.4503,0.0,10.2848,82.2782,0.00184325,27,,0.703704,32.5343
eval_probe,,prb_w_base_r08_n048_est_i2,cbba,reward00,1,,,,,,,,,0.5625,27.0,21.0,0.0,0.0,0.0,8.0,60.0764,10.9239,77.8619,47.3005,13.1663,105.33,0.0101049,35,,0.771429,60.0764
eval_probe,,prb_w_base_r08_n048_est_i2,cbba,reward00,2,,,,,,,,,0.625,30.0,18.0,0.0,0.0,0.0,8.0,59.3495,10.1941,74.6701,45.84,14.2126,113.701,0.0163633,42,,0.714286,59.3495
eval_probe,,prb_w_base_r08_n048_est_i2,cbba,reward00,3,,,,,,,,,0.625,30.0,18.0,0.0,0.0,0.0,8.0,59.3,6.2545,69.5206,53.5555,14.4542,115.634,0.0131355,37,,0.810811,59.2999
eval_probe,,prb_w_base_r08_n048_est_i2,dec-mcts-v4-g9999,reward00,1,,,,,,,,,0.604167,29.0,19.0,0.0,0.0,0.0,8.0,57.0679,7.38532,69.997,46.3649,19.6341,157.073,22.8693,35,,0.828571,57.0679
eval_probe,,prb_w_base_r08_n048_est_i2,dec-mcts-v4-g9999,reward00,2,,,,,,,,,0.583333,28.0,20.0,0.0,0.0,0.0,8.0,59.712,11.0832,75.0047,48.3529,23.1859,185.487,21.7253,37,,0.756757,59.7119
eval_probe,,prb_w_base_r08_n048_est_i2,dec-mcts-v4-g9999,reward00,3,,,,,,,,,0.4375,21.0,27.0,0.0,0.0,0.0,8.0,59.2809,6.5746,67.2324,48.7007,19.1065,152.852,23.2439,30,,0.7,59.2809
eval_probe,,prb_w_base_r08_n048_est_i2,greedy,reward00,1,,,,,,,,,0.291667,14.0,34.0,0.0,0.0,0.0,8.0,54.7111,6.18537,65.8143,48.109,10.3582,82.8656,0.00142504,19,,0.736842,54.7112
eval_probe,,prb_w_base_r08_n048_est_i2,greedy,reward00,2,,,,,,,,,0.354167,17.0,31.0,0.0,0.0,0.0,8.0,59.3861,6.25145,68.12,50.2665,10.4926,83.9409,0.00163187,20,,0.85,59.3861
eval_probe,,prb_w_base_r08_n048_est_i2,greedy,reward00,3,,,,,,,,,0.3125,15.0,33.0,0.0,0.0,0.0,8.0,57.2327,6.64542,66.1869,47.0556,11.0595,88.4756,0.00158937,21,,0.714286,57.2327
eval_probe,,prb_w_base_r08_n048_est_i2,random,reward00,1,,,,,,,,,0.25,12.0,36.0,0.0,0.0,0.0,8.0,53.0871,5.88713,64.4867,47.06,18.6494,149.195,0.00138942,17,,0.705882,53.0871
eval_probe,,prb_w_base_r08_n048_est_i2,random,reward00,2,,,,,,,,,0.333333,16.0,32.0,0.0,0.0,0.0,8.0,55.4737,4.36602,64.6583,50.2665,18.4456,147.565,0.000993205,19,,0.842105,55.4737
eval_probe,,prb_w_base_r08_n048_est_i2,random,reward00,3,,,,,,,,,0.270833,13.0,35.0,0.0,0.0,0.0,8.0,54.6359,5.37469,65.2096,49.9765,21.0829,168.663,0.00149692,17,,0.764706,54.6359
eval_probe,,prb_w_base_r08_n048_est_i3,cbaa,reward00,1,,,,,,,,,0.5625,27.0,21.0,0.0,0.0,0.0,8.0,56.4308,12.4486,69.4195,30.0207,16.0793,128.634,0.00304708,40,,0.675,56.4308
eval_probe,,prb_w_base_r08_n048_est_i3,cbaa,reward00,2,,,,,,,,,0.5625,27.0,21.0,0.0,0.0,0.0,8.0,54.3,19.6146,69.5386,8.24621,14.7559,118.047,0.00266052,37,,0.72973,54.3
eval_probe,,prb_w_base_r08_n048_est_i3,cbaa,reward00,3,,,,,,,,,0.541667,26.0,22.0,0.0,0.0,0.0,8.0,54.3987,21.5602,77.8635,6.0,13.5807,108.645,0.00269988,34,,0.764706,54.3987
eval_probe,,prb_w_base_r08_n048_est_i3,cbba,reward00,1,,,,,,,,,0.625,30.0,18.0,0.0,0.0,0.0,8.0,55.4864,4.09148,62.0333,48.8153,17.1918,137.535,0.0152592,40,,0.75,55.4864
eval_probe,,prb_w_base_r08_n048_est_i3,cbba,reward00,2,,,,,,,,,0.666667,32.0,16.0,0.0,0.0,0.0,8.0,54.7866,7.75721,63.6836,41.8727,14.8144,118.515,0.013888,40,,0.8,54.7865
eval_probe,,prb_w_base_r08_n048_est_i3,cbba,reward00,3,,,,,,,,,0.625,30.0,18.0,0.0,0.0,0.0,8.0,51.3524,2.60845,56.6098,49.0582,13.5833,108.666,0.0118964,35,,0.857143,51.3524
eval_probe,,prb_w_base_r08_n048_est_i3,dec-mcts-v4-g9999,reward00,1,,,,,,,,,0.541667,26.0,22.0,0.0,0.0,0.0,8.0,58.5476,9.36446,76.7331,47.6242,17.8876,143.101,25.5928,32,,0.8125,58.5476
eval_probe,,prb_w_base_r08_n048_est_i3,dec-mcts-v4-g9999,reward00,2,,,,,,,,,0.5,24.0,24.0,0.0,0.0,0.0,8.0,59.4479,9.24115,74.0943,51.0394,18.0253,144.203,25.0882,31,,0.774194,59.4479
eval_probe,,prb_w_base_r08_n048_est_i3,dec-mcts-v4-g9999,reward00,3,,,,,,,,,0.479167,23.0,25.0,0.0,0.0,0.0,8.0,59.1145,7.64986,71.8467,48.4745,16.5275,132.22,24.8773,26,,0.884615,59.1145
eval_probe,,prb_w_base_r08_n048_est_i3,greedy,reward00,1,,,,,,,,,0.395833,19.0,29.0,0.0,0.0,0.0,8.0,56.6009,6.73786,67.0945,46.1056,11.4221,91.3769,0.00162902,23,,0.826087,56.6009
eval_probe,,prb_w_base_r08_n048_est_i3,greedy,reward00,2,,,,,,,,,0.375,18.0,30.0,0.0,0.0,0.0,8.0,52.7129,9.42067,68.935,41.7965,12.0222,96.1777,0.00188281,27,,0.666667,52.7129
eval_probe,,prb_w_base_r08_n048_est_i3,greedy,reward00,3,,,,,,,,,0.395833,19.0,29.0,0.0,0.0,0.0,8.0,53.691,6.18829,63.2488,47.441,10.8648,86.9186,0.0017006,24,,0.791667,53.691
eval_probe,,prb_w_base_r08_n048_est_i3,random,reward00,1,,,,,,,,,0.270833,13.0,35.0,0.0,0.0,0.0,8.0,54.3086,6.19822,66.7368,48.58,17.6699,141.359,0.00134231,16,,0.8125,54.3086
eval_probe,,prb_w_base_r08_n048_est_i3,random,reward00,2,,,,,,,,,0.3125,15.0,33.0,0.0,0.0,0.0,8.0,61.6109,8.41108,74.151,51.096,16.8783,135.027,0.000986286,20,,0.75,61.6109
eval_probe,,prb_w_base_r08_n048_est_i3,random,reward00,3,,,,,,,,,0.25,12.0,36.0,0.0,0.0,0.0,8.0,52.0752,4.08216,58.9778,48.6031,19.1183,152.946,0.000981999,18,,0.666667,52.0752
eval_probe,,prb_w_dura_r04_n024_det_i1,cbaa,reward00,1,,,,,,,,,0.541667,13.0,11.0,0.0,0.0,0.0,4.0,49.1434,2.67678,52.6412,46.1482,14.4919,57.9677,0.00119361,13,,1.0,49.1434
eval_probe,,prb_w_dura_r04_n024_det_i1,cbaa,reward00,2,,,,,,,,,0.541667,13.0,11.0,0.0,0.0,0.0,4.0,49.1434,2.67678,52.6412,46.1482,14.4919,57.9677,0.00067221,13,,1.0,49.1434
eval_probe,,prb_w_dura_r04_n024_det_i1,cbaa,reward00,3,,,,,,,,,0.541667,13.0,11.0,0.0,0.0,0.0,4.0,49.1434,2.67678,52.6412,46.1482,14.4919,57.9677,0.000571924,13,,1.0,49.1434
eval_probe,,prb_w_dura_r04_n024_det_i1,cbba,reward00,1,,,,,,,,,0.541667,13.0,11.0,0.0,0.0,0.0,4.0,49.1434,2.67678,52.6412,46.1482,14.4919,57.9677,0.00106514,13,,1.0,49.1434
eval_probe,,prb_w_dura_r04_n024_det_i1,cbba,reward00,2,,,,,,,,,0.541667,13.0,11.0,0.0,0.0,0.0,4.0,49.1434,2.67678,52.6412,46.1482,14.4919,57.9677,0.00103929,13,,1.0,49.1434
eval_probe,,prb_w_dura_r04_n024_det_i1,cbba,reward00,3,,,,,,,,,0.541667,13.0,11.0,0.0,0.0,0.0,4.0,49.1434,2.67678,52.6412,46.1482,14.4919,57.9677,0.00109814,13,,1.0,49.1434
eval_probe,,prb_w_dura_r04_n024_det_i1,dec-mcts-v4-g9999,reward00,1,,,,,,,,,0.541667,13.0,11.0,0.0,0.0,0.0,4.0,52.3369,2.30735,54.1231,49.0,14.4212,57.6849,2.94977,13,,1.0,52.3369
eval_probe,,prb_w_dura_r04_n024_det_i1,dec-mcts-v4-g9999,reward00,2,,,,,,,,,0.541667,13.0,11.0,0.0,0.0,0.0,4.0,54.0453,1.4795,56.0704,52.6412,15.1004,60.4015,2.91985,13,,1.0,54.0453
eval_probe,,prb_w_dura_r04_n024_det_i1,dec-mcts-v4-g9999,reward00,3,,,,,,,,,0.583333,14.0,10.0,0.0,0.0,0.0,4.0,54.7231,1.94003,57.3283,52.6412,15.0193,60.0771,2.65589,14,,1.0,54.7231
eval_probe,,prb_w_dura_r04_n024_det_i1,greedy,reward00,1,,,,,,,,,0.375,9.0,15.0,0.0,0.0,0.0,4.0,52.1352,3.4797,55.9662,48.6065,13.805,55.2198,0.00104042,9,,1.0,52.1352
eval_probe,,prb_w_dura_r04_n024_det_i1,greedy,reward00,2,,,,,,,,,0.375,9.0,15.0,0.0,0.0,0.0,4.0,52.1352,3.4797,55.9662,48.6065,13.805,55.2198,0.000677762,9,,1.0,52.1352
eval_probe,,prb_w_dura_r04_n024_det_i1,greedy,reward00,3,,,,,,,,,0.375,9.0,15.0,0.0,0.0,0.0,4.0,52.1352,3.4797,55.9662,48.6065,13.805,55.2198,0.000999471,9,,1.0,52.1352
eval_probe,,prb_w_dura_r04_n024_det_i1,random,reward00,1,,,,,,,,,0.25,6.0,18.0,0.0,0.0,0.0,4.0,50.5228,3.72113,55.0,47.3381,13.7594,55.0374,0.000567705,6,,1.0,50.5228
eval_probe,,prb_w_dura_r04_n024_det_i1,random,reward00,2,,,,,,,,,0.25,6.0,18.0,0.0,0.0,0.0,4.0,51.1262,3.7354,55.0,47.3381,12.5184,50.0737,0.00179331,6,,1.0,51.1262
eval_probe,,prb_w_dura_r04_n024_det_i1,random,reward00,3,,,,,,,,,0.291667,7.0,17.0,0.0,0.0,0.0,4.0,53.08,3.00374,55.0,48.6065,13.1834,52.7336,0.000499508,7,,1.0,53.0799
eval_probe,,prb_w_dura_r04_n024_det_i2,cbaa,reward00,1,,,,,,,,,0.375,9.0,15.0,0.0,0.0,0.0,4.0,33.1964,17.2125,52.6134,18.2462,10.0748,40.2994,0.00058758,9,,1.0,33.1964
eval_probe,,prb_w_dura_r04_n024_det_i2,cbaa,reward00,2,,,,,,,,,0.375,9.0,15.0,0.0,0.0,0.0,4.0,33.1964,17.2125,52.6134,18.2462,10.0748,40.2994,0.000743299,9,,1.0,33.1964
eval_probe,,prb_w_dura_r04_n024_det_i2,cbaa,reward00,3,,,,,,,,,0.375,9.0,15.0,0.0,0.0,0.0,4.0,33.1964,17.2125,52.6134,18.2462,10.0748,40.2994,0.000503195,9,,1.0,33.1964
eval_probe,,prb_w_dura_r04_n024_det_i2,cbba,reward00,1,,,,,,,,,0.541667,13.0,11.0,0.0,0.0,0.0,4.0,47.9056,4.1124,52.6134,42.7595,12.9807,51.9229,0.000945936,13,,1.0,47.9056
eval_probe,,prb_w_dura_r04_n024_det_i2,cbba,reward00,2,,,,,,,,,0.541667,13.0,11.0,0.0,0.0,0.0,4.0,47.9056,4.1124,52.6134,42.7595,12.9807,51.9229,0.00139518,13,,1.0,47.9056
eval_probe,,prb_w_dura_r04_n024_det_i2,cbba,reward00,3,,,,,,,,,0.541667,13.0,11.0,0.0,0.0,0.0,4.0,47.9056,4.1124,52.6134,42.7595,12.9807,51.9229,0.00151453,13,,1.0,47.9056
eval_probe,,prb_w_dura_r04_n024_det_i2,dec-mcts-v4-g9999,reward00,1,,,,,,,,,0.5,12.0,12.0,0.0,0.0,0.0,4.0,49.5597,3.65552,52.9025,44.6065,16.3109,65.2434,2.65283,12,,1.0,49.5596
eval_probe,,prb_w_dura_r04_n024_det_i2,dec-mcts-v4-g9999,reward00,2,,,,,,,,,0.5,12.0,12.0,0.0,0.0,0.0,4.0,51.5181,1.68432,52.9025,49.1231,16.6934,66.7737,2.64531,12,,1.0,51.5181
eval_probe,,prb_w_dura_r04_n024_det_i2,dec-mcts-v4-g9999,reward00,3,,,,,,,,,0.541667,13.0,11.0,0.0,0.0,0.0,4.0,52.877,1.54015,54.8726,51.1265,16.1975,64.79,2.64969,13,,1.0,52.877
eval_probe,,prb_w_dura_r04_n024_det_i2,greedy,reward00,1,,,,,,,,,0.291667,7.0,17.0,0.0,0.0,0.0,4.0,51.305,3.02062,54.3174,47.1265,7.89073,31.5629,0.000872379,7,,1.0,51.305
eval_probe,,prb_w_dura_r04_n024_det_i2,greedy,reward00,2,,,,,,,,,0.291667,7.0,17.0,0.0,0.0,0.0,4.0,51.305,3.02062,54.3174,47.1265,7.89073,31.5629,0.000557272,7,,1.0,51.305
eval_probe,,prb_w_dura_r04_n024_det_i2,greedy,reward00,3,,,,,,,,,0.291667,7.0,17.0,0.0,0.0,0.0,4.0,51.305,3.02062,54.3174,47.1265,7.89073,31.5629,0.000377623,7,,1.0,51.305
eval_probe,,prb_w_dura_r04_n024_det_i2,random,reward00,1,,,,,,,,,0.208333,5.0,19.0,0.0,0.0,0.0,4.0,49.3081,3.09768,52.8956,46.6647,12.0667,48.2667,0.000528752,5,,1.0,49.3081
eval_probe,,prb_w_dura_r04_n024_det_i2,random,reward00,2,,,,,,,,,0.25,6.0,18.0,0.0,0.0,0.0,4.0,49.3617,2.92937,52.1697,46.6706,16.5492,66.1967,0.000548574,6,,1.0,49.3617
eval_probe,,prb_w_dura_r04_n024_det_i2,random,reward00,3,,,,,,,,,0.291667,7.0,17.0,0.0,0.0,0.0,4.0,49.3354,2.8997,52.0704,46.6647,15.4378,61.7514,0.000565764,7,,1.0,49.3354
eval_probe,,prb_w_dura_r04_n024_det_i3,cbaa,reward00,1,,,,,,,,,0.5,12.0,12.0,0.0,0.0,0.0,4.0,46.2034,3.453,50.734,42.3268,13.0432,52.1728,0.00096487,12,,1.0,46.2034
eval_probe,,prb_w_dura_r04_n024_det_i3,cbaa,reward00,2,,,,,,,,,0.5,12.0,12.0,0.0,0.0,0.0,4.0,46.2034,3.453,50.734,42.3268,13.0432,52.1728,0.000807518,12,,1.0,46.2034
eval_probe,,prb_w_dura_r04_n024_det_i3,cbaa,reward00,3,,,,,,,,,0.5,12.0,12.0,0.0,0.0,0.0,4.0,46.2034,3.453,50.734,42.3268,13.0432,52.1728,0.000591019,12,,1.0,46.2034
eval_probe,,prb_w_dura_r04_n024_det_i3,cbba,reward00,1,,,,,,,,,0.5,12.0,12.0,0.0,0.0,0.0,4.0,47.9157,6.65877,57.5833,42.3268,13.4405,53.7621,0.000948876,12,,1.0,47.9157
eval_probe,,prb_w_dura_r04_n024_det_i3,cbba,reward00,2,,,,,,,,,0.5,12.0,12.0,0.0,0.0,0.0,4.0,47.9157,6.65877,57.5833,42.3268,13.4405,53.7621,0.000918514,12,,1.0,47.9157
eval_probe,,prb_w_dura_r04_n024_det_i3,cbba,reward00,3,,,,,,,,,0.5,12.0,12.0,0.0,0.0,0.0,4.0,47.9157,6.65877,57.5833,42.3268,13.4405,53.7621,0.00903915,12,,1.0,47.9157
eval_probe,,prb_w_dura_r04_n024_det_i3,dec-mcts-v4-g9999,reward00,1,,,,,,,,,0.5,12.0,12.0,0.0,0.0,0.0,4.0,50.2216,6.14765,57.5833,45.1231,15.3047,61.2186,2.60885,12,,1.0,50.2216
eval_probe,,prb_w_dura_r04_n024_det_i3,dec-mcts-v4-g9999,reward00,2,,,,,,,,,0.5,12.0,12.0,0.0,0.0,0.0,4.0,47.8336,4.9074,55.1776,45.1231,14.0738,56.2951,2.55794,12,,1.0,47.8336
eval_probe,,prb_w_dura_r04_n024_det_i3,dec-mcts-v4-g9999,reward00,3,,,,,,,,,0.5,12.0,12.0,0.0,0.0,0.0,4.0,50.0398,4.18878,55.1776,45.8956,15.4842,61.9366,2.67417,12,,1.0,50.0399
eval_probe,,prb_w_dura_r04_n024_det_i3,greedy,reward00,1,,,,,,,,,0.291667,7.0,17.0,0.0,0.0,0.0,4.0,47.589,4.47348,54.0633,44.1697,9.92743,39.7097,0.000604959,7,,1.0,47.589
eval_probe,,prb_w_dura_r04_n024_det_i3,greedy,reward00,2,,,,,,,,,0.291667,7.0,17.0,0.0,0.0,0.0,4.0,47.589,4.47348,54.0633,44.1697,9.92743,39.7097,0.000589881,7,,1.0,47.589
eval_probe,,prb_w_dura_r04_n024_det_i3,greedy,reward00,3,,,,,,,,,0.291667,7.0,17.0,0.0,0.0,0.0,4.0,47.589,4.47348,54.0633,44.1697,9.92743,39.7097,0.000585871,7,,1.0,47.589
eval_probe,,prb_w_dura_r04_n024_det_i3,random,reward00,1,,,,,,,,,0.25,6.0,18.0,0.0,0.0,0.0,4.0,48.0908,6.13569,57.0704,44.1231,10.5163,42.0651,0.000610297,6,,1.0,48.0908
eval_probe,,prb_w_dura_r04_n024_det_i3,random,reward00,2,,,,,,,,,0.416667,10.0,14.0,0.0,0.0,0.0,4.0,48.1926,4.64001,54.0633,43.8956,18.2611,73.0446,0.000715411,10,,1.0,48.1926
eval_probe,,prb_w_dura_r04_n024_det_i3,random,reward00,3,,,,,,,,,0.291667,7.0,17.0,0.0,0.0,0.0,4.0,47.9591,5.22531,55.5902,44.1231,11.0095,44.0382,0.00056476,7,,1.0,47.9591
eval_probe,,prb_w_dura_r04_n024_est_i1,cbaa,reward00,1,,,,,,,,,0.208333,5.0,18.0,1.0,0.0,0.0,4.0,22.0826,25.5691,46.4873,0.0,5.92002,23.6801,0.000256675,6,,0.833333,22.0825
eval_probe,,prb_w_dura_r04_n024_est_i1,cbaa,reward00,2,,,,,,,,,0.25,6.0,18.0,0.0,0.0,0.0,4.0,26.9828,31.3466,58.1812,0.0,7.04075,28.163,0.000257708,8,,0.75,26.9828
eval_probe,,prb_w_dura_r04_n024_est_i1,cbaa,reward00,3,,,,,,,,,0.333333,8.0,16.0,0.0,0.0,0.0,4.0,23.4044,27.0289,47.3664,0.0,10.8902,43.5609,0.000331231,11,,0.727273,23.4044
eval_probe,,prb_w_dura_r04_n024_est_i1,cbba,reward00,1,,,,,,,,,0.458333,11.0,13.0,0.0,0.0,0.0,4.0,52.2543,5.2865,58.5642,46.4606,12.4548,49.8193,0.000751441,12,,0.916667,52.2544
eval_probe,,prb_w_dura_r04_n024_est_i1,cbba,reward00,2,,,,,,,,,0.416667,10.0,14.0,0.0,0.0,0.0,4.0,44.9288,3.244,49.2592,41.7562,16.7267,66.9066,0.000862028,16,,0.625,44.9288
eval_probe,,prb_w_dura_r04_n024_est_i1,cbba,reward00,3,,,,,,,,,0.416667,10.0,14.0,0.0,0.0,0.0,4.0,56.5599,10.7404,67.8004,42.5112,11.6556,46.6225,0.000748211,13,,0.769231,56.5598
eval_probe,,prb_w_dura_r04_n024_est_i1,dec-mcts-v4-g9999,reward00,1,,,,,,,,,0.458333,11.0,13.0,0.0,0.0,0.0,4.0,53.4068,9.37958,65.6997,43.0135,15.85,63.4,1.52436,13,,0.846154,53.4068
eval_probe,,prb_w_dura_r04_n024_est_i1,dec-mcts-v4-g9999,reward00,2,,,,,,,,,0.416667,10.0,14.0,0.0,0.0,0.0,4.0,59.2047,6.57277,66.7747,50.7566,14.7214,58.8855,1.53479,12,,0.833333,59.2047
eval_probe,,prb_w_dura_r04_n024_est_i1,dec-mcts-v4-g9999,reward00,3,,,,,,,,,0.416667,10.0,14.0,0.0,0.0,0.0,4.0,51.6826,11.2191,63.5351,41.4742,17.3298,69.3191,1.48241,14,,0.714286,51.6826
eval_probe,,prb_w_dura_r04_n024_est_i1,greedy,reward00,1,,,,,,,,,0.25,6.0,18.0,0.0,0.0,0.0,4.0,54.123,10.4081,67.7023,45.9633,9.84485,39.3794,0.000246024,8,,0.75,54.123
eval_probe,,prb_w_dura_r04_n024_est_i1,greedy,reward00,2,,,,,,,,,0.166667,4.0,20.0,0.0,0.0,0.0,4.0,50.2194,4.81709,57.1642,46.6467,10.6496,42.5986,0.000216518,9,,0.444444,50.2194
eval_probe,,prb_w_dura_r04_n024_est_i1,greedy,reward00,3,,,,,,,,,0.208333,5.0,19.0,0.0,0.0,0.0,4.0,53.0802,5.08115,60.2202,48.1983,10.0731,40.2923,0.000274989,8,,0.625,53.0802
eval_probe,,prb_w_dura_r04_n024_est_i1,random,reward00,1,,,,,,,,,0.25,6.0,18.0,0.0,0.0,0.0,4.0,51.4734,7.14013,61.1009,45.1631,15.7439,62.9757,0.000313147,8,,0.75,51.4734
eval_probe,,prb_w_dura_r04_n024_est_i1,random,reward00,2,,,,,,,,,0.166667,4.0,20.0,0.0,0.0,0.0,4.0,45.6124,3.75773,51.2167,43.2397,19.9589,79.8357,0.000251808,7,,0.571429,45.6124
eval_probe,,prb_w_dura_r04_n024_est_i1,random,reward00,3,,,,,,,,,0.208333,5.0,19.0,0.0,0.0,0.0,4.0,47.8561,3.98938,53.7861,45.1631,17.7137,70.8548,0.000218309,6,,0.833333,47.8561
eval_probe,,prb_w_dura_r04_n024_est_i2,cbaa,reward00,1,,,,,,,,,0.416667,10.0,14.0,0.0,0.0,0.0,4.0,44.339,19.7659,68.2225,27.5248,12.0124,48.0497,0.000839046,11,,0.909091,44.339
eval_probe,,prb_w_dura_r04_n024_est_i2,cbaa,reward00,2,,,,,,,,,0.5,12.0,12.0,0.0,0.0,0.0,4.0,46.4361,8.676,58.4051,38.247,15.7677,63.071,0.00109467,18,,0.666667,46.4361
eval_probe,,prb_w_dura_r04_n024_est_i2,cbaa,reward00,3,,,,,,,,,0.375,9.0,15.0,0.0,0.0,0.0,4.0,43.8582,16.5631,56.9621,19.7592,17.5261,70.1045,0.00101338,16,,0.5625,43.8582
eval_probe,,prb_w_dura_r04_n024_est_i2,cbba,reward00,1,,,,,,,,,0.458333,11.0,13.0,0.0,0.0,0.0,4.0,61.6624,8.4552,70.5582,50.8072,13.8762,55.5049,0.00174114,13,,0.846154,61.6624
eval_probe,,prb_w_dura_r04_n024_est_i2,cbba,reward00,2,,,,,,,,,0.458333,11.0,13.0,0.0,0.0,0.0,4.0,51.4157,1.95093,53.7426,49.4653,15.1029,60.4117,0.00201323,14,,0.785714,51.4157
eval_probe,,prb_w_dura_r04_n024_est_i2,cbba,reward00,3,,,,,,,,,0.5,12.0,12.0,0.0,0.0,0.0,4.0,45.9362,6.57652,55.4631,41.1697,16.7481,66.9925,0.00219249,19,,0.631579,45.9362
eval_probe,,prb_w_dura_r04_n024_est_i2,dec-mcts-v4-g9999,reward00,1,,,,,,,,,0.333333,8.0,16.0,0.0,0.0,0.0,4.0,44.4414,5.08322,51.9179,40.8956,18.3757,73.5026,3.53977,16,,0.5,44.4414
eval_probe,,prb_w_dura_r04_n024_est_i2,dec-mcts-v4-g9999,reward00,2,,,,,,,,,0.5,12.0,12.0,0.0,0.0,0.0,4.0,53.6862,6.13373,61.2992,47.2681,16.5664,66.2656,3.63937,13,,0.923077,53.6862
eval_probe,,prb_w_dura_r04_n024_est_i2,dec-mcts-v4-g9999,reward00,3,,,,,,,,,0.333333,8.0,16.0,0.0,0.0,0.0,4.0,48.0966,6.38092,56.5042,41.1697,14.4447,57.7788,3.65433,13,,0.615385,48.0966
eval_probe,,prb_w_dura_r04_n024_est_i2,greedy,reward00,1,,,,,,,,,0.166667,4.0,20.0,0.0,0.0,0.0,4.0,45.9885,0.867161,47.2697,45.3904,11.4584,45.8334,0.000685228,9,,0.444444,45.9886
eval_probe,,prb_w_dura_r04_n024_est_i2,greedy,reward00,2,,,,,,,,,0.291667,7.0,17.0,0.0,0.0,0.0,4.0,50.1321,8.90628,62.7023,43.1697,10.5128,42.0514,0.0007718,10,,0.7,50.1321
eval_probe,,prb_w_dura_r04_n024_est_i2,greedy,reward00,3,,,,,,,,,0.416667,10.0,14.0,0.0,0.0,0.0,4.0,49.7397,8.57339,61.2953,43.0151,11.9022,47.6087,0.00080443,12,,0.833333,49.7396
eval_probe,,prb_w_dura_r04_n024_est_i2,random,reward00,1,,,,,,,,,0.333333,8.0,16.0,0.0,0.0,0.0,4.0,58.9556,14.0445,74.5648,43.4456,16.6147,66.4589,0.000619898,9,,0.888889,58.9556
eval_probe,,prb_w_dura_r04_n024_est_i2,random,reward00,2,,,,,,,,,0.333333,8.0,16.0,0.0,0.0,0.0,4.0,47.2845,9.89462,62.0706,41.1697,13.8163,55.2652,0.000724685,11,,0.727273,47.2845
eval_probe,,prb_w_dura_r04_n024_est_i2,random,reward00,3,,,,,,,,,0.25,6.0,18.0,0.0,0.0,0.0,4.0,48.899,7.92191,60.3234,43.4456,16.0857,64.3429,0.000638108,7,,0.857143,48.8991
eval_probe,,prb_w_dura_r04_n024_est_i3,cbaa,reward00,1,,,,,,,,,0.416667,10.0,14.0,0.0,0.0,0.0,4.0,41.6123,21.2967,56.3696,10.0,16.6579,66.6314,0.000816623,15,,0.666667,41.6123
eval_probe,,prb_w_dura_r04_n024_est_i3,cbaa,reward00,2,,,,,,,,,0.541667,13.0,11.0,0.0,0.0,0.0,4.0,53.6239,3.95304,58.3179,49.191,15.7716,63.0865,0.00070131,15,,0.866667,53.624
eval_probe,,prb_w_dura_r04_n024_est_i3,cbaa,reward00,3,,,,,,,,,0.416667,10.0,14.0,0.0,0.0,0.0,4.0,51.8412,17.5668,64.0326,25.8444,15.7585,63.034,0.000689003,11,,0.909091,51.8413
eval_probe,,prb_w_dura_r04_n024_est_i3,cbba,reward00,1,,,,,,,,,0.583333,14.0,10.0,0.0,0.0,0.0,4.0,58.7751,11.0741,68.5291,47.8956,18.7594,75.0377,0.00173413,19,,0.736842,58.7751
eval_probe,,prb_w_dura_r04_n024_est_i3,cbba,reward00,2,,,,,,,,,0.5,12.0,12.0,0.0,0.0,0.0,4.0,55.6505,4.90538,61.5579,50.4376,14.1551,56.6202,0.00120636,15,,0.8,55.6505
eval_probe,,prb_w_dura_r04_n024_est_i3,cbba,reward00,3,,,,,,,,,0.416667,10.0,14.0,0.0,0.0,0.0,4.0,53.8379,5.21364,59.7904,47.9285,19.0659,76.2636,0.00194863,15,,0.666667,53.8379
eval_probe,,prb_w_dura_r04_n024_est_i3,dec-mcts-v4-g9999,reward00,1,,,,,,,,,0.375,9.0,15.0,0.0,0.0,0.0,4.0,51.4981,4.0262,57.1657,48.2394,14.2377,56.9508,3.64395,13,,0.692308,51.4981
eval_probe,,prb_w_dura_r04_n024_est_i3,dec-mcts-v4-g9999,reward00,2,,,,,,,,,0.333333,8.0,16.0,0.0,0.0,0.0,4.0,50.808,7.37914,61.814,46.0657,14.113,56.4519,3.5593,12,,0.666667,50.808
eval_probe,,prb_w_dura_r04_n024_est_i3,dec-mcts-v4-g9999,reward00,3,,,,,,,,,0.375,9.0,14.0,1.0,0.0,0.0,4.0,46.5901,2.22003,48.2099,43.3102,15.4099,61.6395,3.4574,14,,0.642857,46.5901
eval_probe,,prb_w_dura_r04_n024_est_i3,greedy,reward00,1,,,,,,,,,0.291667,7.0,17.0,0.0,0.0,0.0,4.0,52.1783,4.56749,59.0,49.3047,8.78213,35.1285,0.000630939,7,,1.0,52.1783
eval_probe,,prb_w_dura_r04_n024_est_i3,greedy,reward00,2,,,,,,,,,0.333333,8.0,16.0,0.0,0.0,0.0,4.0,59.245,9.57838,71.9208,49.3047,10.408,41.6321,0.000673054,8,,1.0,59.245
eval_probe,,prb_w_dura_r04_n024_est_i3,greedy,reward00,3,,,,,,,,,0.25,6.0,18.0,0.0,0.0,0.0,4.0,58.8526,6.50079,64.8352,50.9217,8.11052,32.4421,0.000464569,7,,0.857143,58.8526
eval_probe,,prb_w_dura_r04_n024_est_i3,random,reward00,1,,,,,,,,,0.333333,8.0,16.0,0.0,0.0,0.0,4.0,54.5661,10.0575,68.6015,45.1765,20.6695,82.6779,0.000673881,8,,1.0,54.566
eval_probe,,prb_w_dura_r04_n024_est_i3,random,reward00,2,,,,,,,,,0.291667,7.0,17.0,0.0,0.0,0.0,4.0,52.0692,11.2389,68.6764,43.83,19.8796,79.5183,0.000678515,8,,0.875,52.0692
eval_probe,,prb_w_dura_r04_n024_est_i3,random,reward00,3,,,,,,,,,0.125,3.0,21.0,0.0,0.0,0.0,4.0,50.3347,5.79368,58.6194,45.1765,17.9516,71.8064,0.000551835,5,,0.6,50.3347
eval_probe,,prb_w_dura_r08_n048_det_i1,cbaa,reward00,1,,,,,,,,,0.479167,23.0,25.0,0.0,0.0,0.0,8.0,38.6118,15.7323,53.1697,16.0,9.29351,74.348,0.00199466,23,,1.0,38.6118
eval_probe,,prb_w_dura_r08_n048_det_i1,cbaa,reward00,2,,,,,,,,,0.479167,23.0,25.0,0.0,0.0,0.0,8.0,38.6118,15.7323,53.1697,16.0,9.29351,74.348,0.00191059,23,,1.0,38.6118
eval_probe,,prb_w_dura_r08_n048_det_i1,cbaa,reward00,3,,,,,,,,,0.479167,23.0,25.0,0.0,0.0,0.0,8.0,38.6118,15.7323,53.1697,16.0,9.29351,74.348,0.00220456,23,,1.0,38.6118
eval_probe,,prb_w_dura_r08_n048_det_i1,cbba,reward00,1,,,,,,,,,0.583333,28.0,20.0,0.0,0.0,0.0,8.0,50.3231,7.20652,60.129,42.1697,14.9834,119.868,0.0111794,28,,1.0,50.3231
eval_probe,,prb_w_dura_r08_n048_det_i1,cbba,reward00,2,,,,,,,,,0.583333,28.0,20.0,0.0,0.0,0.0,8.0,50.3231,7.20652,60.129,42.1697,14.9834,119.868,0.0103721,28,,1.0,50.3231
eval_probe,,prb_w_dura_r08_n048_det_i1,cbba,reward00,3,,,,,,,,,0.583333,28.0,20.0,0.0,0.0,0.0,8.0,50.3231,7.20652,60.129,42.1697,14.9834,119.868,0.0101812,28,,1.0,50.3231
eval_probe,,prb_w_dura_r08_n048_det_i1,dec-mcts-v4-g9999,reward00,1,,,,,,,,,0.583333,28.0,20.0,0.0,0.0,0.0,8.0,51.5214,4.76949,59.5868,45.6065,14.9925,119.94,15.851,28,,1.0,51.5215
eval_probe,,prb_w_dura_r08_n048_det_i1,dec-mcts-v4-g9999,reward00,2,,,,,,,,,0.583333,28.0,20.0,0.0,0.0,0.0,8.0,50.5618,4.32804,59.5868,46.0,12.9475,103.58,15.1649,28,,1.0,50.5618
eval_probe,,prb_w_dura_r08_n048_det_i1,dec-mcts-v4-g9999,reward00,3,,,,,,,,,0.583333,28.0,20.0,0.0,0.0,0.0,8.0,51.5004,5.17123,59.5868,45.5833,14.4893,115.915,15.1093,28,,1.0,51.5004
eval_probe,,prb_w_dura_r08_n048_det_i1,greedy,reward00,1,,,,,,,,,0.3125,15.0,33.0,0.0,0.0,0.0,8.0,48.6592,3.90095,56.1776,45.6065,8.9496,71.5968,0.00145667,15,,1.0,48.6591
eval_probe,,prb_w_dura_r08_n048_det_i1,greedy,reward00,2,,,,,,,,,0.3125,15.0,33.0,0.0,0.0,0.0,8.0,48.6592,3.90095,56.1776,45.6065,8.9496,71.5968,0.00121871,15,,1.0,48.6591
eval_probe,,prb_w_dura_r08_n048_det_i1,greedy,reward00,3,,,,,,,,,0.3125,15.0,33.0,0.0,0.0,0.0,8.0,48.6592,3.90095,56.1776,45.6065,8.9496,71.5968,0.00152246,15,,1.0,48.6591
eval_probe,,prb_w_dura_r08_n048_det_i1,random,reward00,1,,,,,,,,,0.354167,17.0,31.0,0.0,0.0,0.0,8.0,49.0791,4.71543,57.1231,42.8956,15.2942,122.354,0.00128217,17,,1.0,49.0791
eval_probe,,prb_w_dura_r08_n048_det_i1,random,reward00,2,,,,,,,,,0.291667,14.0,34.0,0.0,0.0,0.0,8.0,47.5731,4.31076,53.5833,42.1697,14.2207,113.766,0.000999662,14,,1.0,47.5731
eval_probe,,prb_w_dura_r08_n048_det_i1,random,reward00,3,,,,,,,,,0.270833,13.0,35.0,0.0,0.0,0.0,8.0,48.7545,4.44207,58.6241,45.43,13.9277,111.422,0.00147616,13,,1.0,48.7545
eval_probe,,prb_w_dura_r08_n048_det_i2,cbaa,reward00,1,,,,,,,,,0.458333,22.0,26.0,0.0,0.0,0.0,8.0,38.3501,16.8214,54.6397,17.213,9.6941,77.5528,0.00229437,22,,1.0,38.3501
eval_probe,,prb_w_dura_r08_n048_det_i2,cbaa,reward00,2,,,,,,,,,0.458333,22.0,26.0,0.0,0.0,0.0,8.0,38.3501,16.8214,54.6397,17.213,9.6941,77.5528,0.00218364,22,,1.0,38.3501
eval_probe,,prb_w_dura_r08_n048_det_i2,cbaa,reward00,3,,,,,,,,,0.458333,22.0,26.0,0.0,0.0,0.0,8.0,38.3501,16.8214,54.6397,17.213,9.6941,77.5528,0.00218176,22,,1.0,38.3501
eval_probe,,prb_w_dura_r08_n048_det_i2,cbba,reward00,1,,,,,,,,,0.625,30.0,18.0,0.0,0.0,0.0,8.0,51.3523,4.46254,55.1697,42.5833,11.4771,91.8171,0.00980563,30,,1.0,51.3523
eval_probe,,prb_w_dura_r08_n048_det_i2,cbba,reward00,2,,,,,,,,,0.625,30.0,18.0,0.0,0.0,0.0,8.0,51.3523,4.46254,55.1697,42.5833,11.4771,91.8171,0.01083,30,,1.0,51.3523
eval_probe,,prb_w_dura_r08_n048_det_i2,cbba,reward00,3,,,,,,,,,0.625,30.0,18.0,0.0,0.0,0.0,8.0,51.3523,4.46254,55.1697,42.5833,11.4771,91.8171,0.0103673,30,,1.0,51.3523
eval_probe,,prb_w_dura_r08_n048_det_i2,dec-mcts-v4-g9999,reward00,1,,,,,,,,,0.645833,31.0,17.0,0.0,0.0,0.0,8.0,55.607,2.41263,59.7306,52.6929,14.9083,119.267,15.9039,31,,1.0,55.6069
eval_probe,,prb_w_dura_r08_n048_det_i2,dec-mcts-v4-g9999,reward00,2,,,,,,,,,0.625,30.0,18.0,0.0,0.0,0.0,8.0,54.3401,4.56946,59.3265,44.6065,14.2174,113.74,15.5893,30,,1.0,54.3401
eval_probe,,prb_w_dura_r08_n048_det_i2,dec-mcts-v4-g9999,reward00,3,,,,,,,,,0.604167,29.0,19.0,0.0,0.0,0.0,8.0,53.965,3.20956,56.8571,48.5489,13.6431,109.144,15.9489,29,,1.0,53.965
eval_probe,,prb_w_dura_r08_n048_det_i2,greedy,reward00,1,,,,,,,,,0.25,12.0,36.0,0.0,0.0,0.0,8.0,50.0698,3.15857,53.1697,46.0,10.2638,82.1104,0.00193927,12,,1.0,50.0698
eval_probe,,prb_w_dura_r08_n048_det_i2,greedy,reward00,2,,,,,,,,,0.25,12.0,36.0,0.0,0.0,0.0,8.0,50.0698,3.15857,53.1697,46.0,10.2638,82.1104,0.00113981,12,,1.0,50.0698
eval_probe,,prb_w_dura_r08_n048_det_i2,greedy,reward00,3,,,,,,,,,0.25,12.0,36.0,0.0,0.0,0.0,8.0,50.0698,3.15857,53.1697,46.0,10.2638,82.1104,0.0011633,12,,1.0,50.0698
eval_probe,,prb_w_dura_r08_n048_det_i2,random,reward00,1,,,,,,,,,0.291667,14.0,34.0,0.0,0.0,0.0,8.0,50.5502,4.50518,58.8087,46.04,13.9077,111.262,0.0013656,14,,1.0,50.5502
eval_probe,,prb_w_dura_r08_n048_det_i2,random,reward00,2,,,,,,,,,0.3125,15.0,33.0,0.0,0.0,0.0,8.0,49.988,4.6003,58.9141,46.04,17.5826,140.661,0.00134385,15,,1.0,49.9881
eval_probe,,prb_w_dura_r08_n048_det_i2,random,reward00,3,,,,,,,,,0.333333,16.0,32.0,0.0,0.0,0.0,8.0,52.4886,4.33422,59.6904,46.04,14.2385,113.908,0.00139739,16,,1.0,52.4886
eval_probe,,prb_w_dura_r08_n048_det_i3,cbaa,reward00,1,,,,,,,,,0.520833,25.0,23.0,0.0,0.0,0.0,8.0,47.4827,11.9326,59.0422,19.1667,12.243,97.9443,0.00146399,25,,1.0,47.4827
eval_probe,,prb_w_dura_r08_n048_det_i3,cbaa,reward00,2,,,,,,,,,0.520833,25.0,23.0,0.0,0.0,0.0,8.0,47.4827,11.9326,59.0422,19.1667,12.243,97.9443,0.00144311,25,,1.0,47.4827
eval_probe,,prb_w_dura_r08_n048_det_i3,cbaa,reward00,3,,,,,,,,,0.5625,27.0,21.0,0.0,0.0,0.0,8.0,51.2104,3.50536,59.0422,48.5833,13.4708,107.766,0.00213108,27,,1.0,51.2104
eval_probe,,prb_w_dura_r08_n048_det_i3,cbba,reward00,1,,,,,,,,,0.5625,27.0,21.0,0.0,0.0,0.0,8.0,50.3044,3.95036,58.29,45.1697,13.3532,106.826,0.00935988,27,,1.0,50.3044
eval_probe,,prb_w_dura_r08_n048_det_i3,cbba,reward00,2,,,,,,,,,0.5625,27.0,21.0,0.0,0.0,0.0,8.0,50.3044,3.95036,58.29,45.1697,13.3532,106.826,0.00669103,27,,1.0,50.3044
eval_probe,,prb_w_dura_r08_n048_det_i3,cbba,reward00,3,,,,,,,,,0.5625,27.0,21.0,0.0,0.0,0.0,8.0,50.3044,3.95036,58.29,45.1697,13.3532,106.826,0.00886979,27,,1.0,50.3044
eval_probe,,prb_w_dura_r08_n048_det_i3,dec-mcts-v4-g9999,reward00,1,,,,,,,,,0.5625,27.0,21.0,0.0,0.0,0.0,8.0,52.2723,4.55722,58.9025,45.239,15.2714,122.172,14.8973,27,,1.0,52.2723
eval_probe,,prb_w_dura_r08_n048_det_i3,dec-mcts-v4-g9999,reward00,2,,,,,,,,,0.5625,27.0,21.0,0.0,0.0,0.0,8.0,51.666,4.0764,58.2303,46.5833,15.1782,121.425,15.4241,27,,1.0,51.666
eval_probe,,prb_w_dura_r08_n048_det_i3,dec-mcts-v4-g9999,reward00,3,,,,,,,,,0.541667,26.0,22.0,0.0,0.0,0.0,8.0,51.9159,4.57575,59.8313,47.1667,15.1171,120.937,17.1001,26,,1.0,51.9159
eval_probe,,prb_w_dura_r08_n048_det_i3,greedy,reward00,1,,,,,,,,,0.291667,14.0,34.0,0.0,0.0,0.0,8.0,51.1789,4.17356,58.9025,46.0,7.84792,62.7834,0.00118399,14,,1.0,51.1789
eval_probe,,prb_w_dura_r08_n048_det_i3,greedy,reward00,2,,,,,,,,,0.291667,14.0,34.0,0.0,0.0,0.0,8.0,51.1789,4.17356,58.9025,46.0,7.84792,62.7834,0.000731123,14,,1.0,51.1789
eval_probe,,prb_w_dura_r08_n048_det_i3,greedy,reward00,3,,,,,,,,,0.291667,14.0,34.0,0.0,0.0,0.0,8.0,51.1789,4.17356,58.9025,46.0,7.84792,62.7834,0.000749411,14,,1.0,51.1789
eval_probe,,prb_w_dura_r08_n048_det_i3,random,reward00,1,,,,,,,,,0.270833,13.0,35.0,0.0,0.0,0.0,8.0,49.6997,3.35632,54.8956,45.1697,17.0604,136.483,0.000994911,13,,1.0,49.6998
eval_probe,,prb_w_dura_r08_n048_det_i3,random,reward00,2,,,,,,,,,0.229167,11.0,37.0,0.0,0.0,0.0,8.0,49.9536,2.75553,54.8956,46.4597,11.8188,94.5507,0.00067186,11,,1.0,49.9536
eval_probe,,prb_w_dura_r08_n048_det_i3,random,reward00,3,,,,,,,,,0.333333,16.0,32.0,0.0,0.0,0.0,8.0,49.7806,2.83077,54.8956,46.4597,13.6355,109.084,0.00123908,16,,1.0,49.7806
eval_probe,,prb_w_dura_r08_n048_est_i1,cbaa,reward00,1,,,,,,,,,0.541667,26.0,22.0,0.0,0.0,0.0,8.0,57.0408,8.47027,64.4982,44.45,13.6334,109.067,0.00136188,33,,0.787879,57.0408
eval_probe,,prb_w_dura_r08_n048_est_i1,cbaa,reward00,2,,,,,,,,,0.479167,23.0,25.0,0.0,0.0,0.0,8.0,46.1188,11.831,60.6946,30.4198,14.5311,116.249,0.00238509,33,,0.69697,46.1188
eval_probe,,prb_w_dura_r08_n048_est_i1,cbaa,reward00,3,,,,,,,,,0.520833,25.0,23.0,0.0,0.0,0.0,8.0,52.9651,7.62351,70.5857,44.6378,15.0327,120.262,0.00162695,31,,0.806452,52.9651
eval_probe,,prb_w_dura_r08_n048_est_i1,cbba,reward00,1,,,,,,,,,0.541667,26.0,22.0,0.0,0.0,0.0,8.0,51.221,5.00639,59.3039,46.5267,13.9654,111.723,0.0134243,34,,0.764706,51.221
eval_probe,,prb_w_dura_r08_n048_est_i1,cbba,reward00,2,,,,,,,,,0.458333,22.0,26.0,0.0,0.0,0.0,8.0,48.2302,2.66248,52.1269,45.1677,14.8303,118.643,0.0137133,34,,0.647059,48.2302
eval_probe,,prb_w_dura_r08_n048_est_i1,cbba,reward00,3,,,,,,,,,0.520833,25.0,23.0,0.0,0.0,0.0,8.0,53.2089,8.62647,65.987,44.1243,15.1265,121.012,0.0131835,34,,0.735294,53.2089
eval_probe,,prb_w_dura_r08_n048_est_i1,dec-mcts-v4-g9999,reward00,1,,,,,,,,,0.416667,20.0,28.0,0.0,0.0,0.0,8.0,56.6112,10.2509,72.9365,43.8497,14.8074,118.459,22.814,28,,0.714286,56.6112
eval_probe,,prb_w_dura_r08_n048_est_i1,dec-mcts-v4-g9999,reward00,2,,,,,,,,,0.333333,16.0,32.0,0.0,0.0,0.0,8.0,54.3789,8.68619,67.1069,45.9965,14.3569,114.855,24.6665,28,,0.571429,54.3789
eval_probe,,prb_w_dura_r08_n048_est_i1,dec-mcts-v4-g9999,reward00,3,,,,,,,,,0.416667,20.0,28.0,0.0,0.0,0.0,8.0,55.7288,8.22904,69.5927,44.46,14.547,116.376,27.0914,26,,0.769231,55.7288
eval_probe,,prb_w_dura_r08_n048_est_i1,greedy,reward00,1,,,,,,,,,0.208333,10.0,38.0,0.0,0.0,0.0,8.0,53.4445,11.0986,70.7874,43.9148,10.2523,82.0186,0.00100549,17,,0.588235,53.4445
eval_probe,,prb_w_dura_r08_n048_est_i1,greedy,reward00,2,,,,,,,,,0.229167,11.0,37.0,0.0,0.0,0.0,8.0,50.789,3.70017,57.9872,46.5871,9.26963,74.1571,0.0012946,15,,0.733333,50.789
eval_probe,,prb_w_dura_r08_n048_est_i1,greedy,reward00,3,,,,,,,,,0.208333,10.0,38.0,0.0,0.0,0.0,8.0,49.9146,3.25936,55.1601,46.1533,11.3083,90.4662,0.00133934,18,,0.555556,49.9146
eval_probe,,prb_w_dura_r08_n048_est_i1,random,reward00,1,,,,,,,,,0.270833,13.0,35.0,0.0,0.0,0.0,8.0,50.6813,6.15607,62.1094,45.7047,14.66,117.28,0.00124814,15,,0.866667,50.6813
eval_probe,,prb_w_dura_r08_n048_est_i1,random,reward00,2,,,,,,,,,0.25,12.0,36.0,0.0,0.0,0.0,8.0,50.7163,5.53294,59.781,45.7047,18.1565,145.252,0.000816999,14,,0.857143,50.7163
eval_probe,,prb_w_dura_r08_n048_est_i1,random,reward00,3,,,,,,,,,0.25,12.0,36.0,0.0,0.0,0.0,8.0,50.2721,5.50477,59.5566,45.4548,17.3061,138.449,0.000913303,19,,0.631579,50.2721
eval_probe,,prb_w_dura_r08_n048_est_i2,cbaa,reward00,1,,,,,,,,,0.5625,27.0,21.0,0.0,0.0,0.0,8.0,49.3166,6.46386,60.3443,41.8254,14.8378,118.702,0.0019719,35,,0.771429,49.3167
eval_probe,,prb_w_dura_r08_n048_est_i2,cbaa,reward00,2,,,,,,,,,0.5625,27.0,21.0,0.0,0.0,0.0,8.0,51.59,5.67516,58.3076,42.5064,14.0662,112.53,0.00182792,34,,0.794118,51.59
eval_probe,,prb_w_dura_r08_n048_est_i2,cbaa,reward00,3,,,,,,,,,0.583333,28.0,20.0,0.0,0.0,0.0,8.0,48.9524,8.39168,67.2295,43.3676,17.2322,137.858,0.0028644,39,,0.717949,48.9524
eval_probe,,prb_w_dura_r08_n048_est_i2,cbba,reward00,1,,,,,,,,,0.520833,25.0,23.0,0.0,0.0,0.0,8.0,57.2278,9.48144,70.7697,45.9537,17.3409,138.727,0.0125353,34,,0.735294,57.2278
eval_probe,,prb_w_dura_r08_n048_est_i2,cbba,reward00,2,,,,,,,,,0.708333,34.0,14.0,0.0,0.0,0.0,8.0,54.7017,7.66334,69.3937,44.2287,18.6806,149.445,0.0121523,45,,0.755556,54.7017
eval_probe,,prb_w_dura_r08_n048_est_i2,cbba,reward00,3,,,,,,,,,0.520833,25.0,23.0,0.0,0.0,0.0,8.0,48.2866,5.02874,57.3655,42.4956,13.8923,111.138,0.0119475,37,,0.675676,48.2866
eval_probe,,prb_w_dura_r08_n048_est_i2,dec-mcts-v4-g9999,reward00,1,,,,,,,,,0.4375,21.0,27.0,0.0,0.0,0.0,8.0,49.0458,5.81607,60.3329,40.6065,20.3598,162.879,20.941,32,,0.65625,49.0458
eval_probe,,prb_w_dura_r08_n048_est_i2,dec-mcts-v4-g9999,reward00,2,,,,,,,,,0.395833,19.0,29.0,0.0,0.0,0.0,8.0,54.3703,9.34789,74.3461,44.9249,18.2431,145.945,22.1979,26,,0.730769,54.3704
eval_probe,,prb_w_dura_r08_n048_est_i2,dec-mcts-v4-g9999,reward00,3,,,,,,,,,0.4375,21.0,27.0,0.0,0.0,0.0,8.0,49.1407,5.51203,60.1426,42.0,19.0227,152.181,22.9665,33,,0.636364,49.1407
eval_probe,,prb_w_dura_r08_n048_est_i2,greedy,reward00,1,,,,,,,,,0.354167,17.0,31.0,0.0,0.0,0.0,8.0,56.9358,9.65585,75.8822,44.8956,10.2447,81.9575,0.00171,20,,0.85,56.9358
eval_probe,,prb_w_dura_r08_n048_est_i2,greedy,reward00,2,,,,,,,,,0.25,12.0,36.0,0.0,0.0,0.0,8.0,50.2056,8.71411,63.6089,41.9756,11.1434,89.1475,0.00146109,18,,0.666667,50.2056
eval_probe,,prb_w_dura_r08_n048_est_i2,greedy,reward00,3,,,,,,,,,0.354167,17.0,31.0,0.0,0.0,0.0,8.0,55.8743,14.359,81.3314,43.7904,10.6032,84.8255,0.00101413,19,,0.894737,55.8743
eval_probe,,prb_w_dura_r08_n048_est_i2,random,reward00,1,,,,,,,,,0.270833,13.0,35.0,0.0,0.0,0.0,8.0,50.5807,6.33606,59.1171,44.7693,17.9026,143.221,0.0108254,19,,0.684211,50.5807
eval_probe,,prb_w_dura_r08_n048_est_i2,random,reward00,2,,,,,,,,,0.270833,13.0,35.0,0.0,0.0,0.0,8.0,54.1316,11.8977,78.3237,42.0,17.7152,141.721,0.0013312,19,,0.684211,54.1316
eval_probe,,prb_w_dura_r08_n048_est_i2,random,reward00,3,,,,,,,,,0.291667,14.0,34.0,0.0,0.0,0.0,8.0,48.7743,4.06533,55.8018,45.224,17.0234,136.187,0.000926314,16,,0.875,48.7743
eval_probe,,prb_w_dura_r08_n048_est_i3,cbaa,reward00,1,,,,,,,,,0.5625,27.0,21.0,0.0,0.0,0.0,8.0,52.451,8.73161,66.4172,41.4843,15.3512,122.81,0.00260986,34,,0.794118,52.4509
eval_probe,,prb_w_dura_r08_n048_est_i3,cbaa,reward00,2,,,,,,,,,0.604167,29.0,19.0,0.0,0.0,0.0,8.0,58.2806,11.7831,77.6888,47.8219,14.6539,117.231,0.00236647,32,,0.90625,58.2806
eval_probe,,prb_w_dura_r08_n048_est_i3,cbaa,reward00,3,,,,,,,,,0.479167,23.0,25.0,0.0,0.0,0.0,8.0,49.6403,8.54792,61.6189,34.2142,15.7747,126.198,0.00306927,31,,0.741935,49.6403
eval_probe,,prb_w_dura_r08_n048_est_i3,cbba,reward00,1,,,,,,,,,0.541667,26.0,22.0,0.0,0.0,0.0,8.0,51.0408,7.28679,63.8026,43.6709,16.5189,132.151,0.00952268,38,,0.684211,51.0408
eval_probe,,prb_w_dura_r08_n048_est_i3,cbba,reward00,2,,,,,,,,,0.541667,26.0,22.0,0.0,0.0,0.0,8.0,53.206,8.93946,67.6807,43.3835,15.6383,125.106,0.0118293,35,,0.742857,53.206
eval_probe,,prb_w_dura_r08_n048_est_i3,cbba,reward00,3,,,,,,,,,0.5,24.0,24.0,0.0,0.0,0.0,8.0,51.3369,7.29556,65.5922,42.0194,15.426,123.408,0.0123552,34,,0.705882,51.3369
eval_probe,,prb_w_dura_r08_n048_est_i3,dec-mcts-v4-g9999,reward00,1,,,,,,,,,0.416667,20.0,28.0,0.0,0.0,0.0,8.0,54.7097,6.41101,65.2537,46.3002,18.7834,150.267,19.108,27,,0.740741,54.7096
eval_probe,,prb_w_dura_r08_n048_est_i3,dec-mcts-v4-g9999,reward00,2,,,,,,,,,0.375,18.0,30.0,0.0,0.0,0.0,8.0,47.8697,7.50469,63.5901,42.8519,15.4317,123.454,18.6246,26,,0.692308,47.8696
eval_probe,,prb_w_dura_r08_n048_est_i3,dec-mcts-v4-g9999,reward00,3,,,,,,,,,0.375,18.0,30.0,0.0,0.0,0.0,8.0,48.2622,4.12625,54.7425,42.9917,16.26,130.08,18.4064,27,,0.666667,48.2622
eval_probe,,prb_w_dura_r08_n048_est_i3,greedy,reward00,1,,,,,,,,,0.3125,15.0,33.0,0.0,0.0,0.0,8.0,49.283,7.04147,60.5189,41.0,11.0897,88.7173,0.00139119,16,,0.9375,49.283
eval_probe,,prb_w_dura_r08_n048_est_i3,greedy,reward00,2,,,,,,,,,0.333333,16.0,32.0,0.0,0.0,0.0,8.0,51.7956,7.76957,69.2087,45.4992,10.2511,82.0087,0.00168392,20,,0.8,51.7956
eval_probe,,prb_w_dura_r08_n048_est_i3,greedy,reward00,3,,,,,,,,,0.395833,19.0,29.0,0.0,0.0,0.0,8.0,54.5488,6.92672,61.7048,44.5281,10.0557,80.4457,0.0021351,23,,0.826087,54.5488
eval_probe,,prb_w_dura_r08_n048_est_i3,random,reward00,1,,,,,,,,,0.333333,16.0,32.0,0.0,0.0,0.0,8.0,55.3734,10.4926,76.1527,43.839,18.0642,144.513,0.00101733,17,,0.941176,55.3734
eval_probe,,prb_w_dura_r08_n048_est_i3,random,reward00,2,,,,,,,,,0.166667,8.0,40.0,0.0,0.0,0.0,8.0,50.9531,10.4331,67.0872,41.6065,14.2578,114.063,0.000827051,12,,0.666667,50.9531
eval_probe,,prb_w_dura_r08_n048_est_i3,random,reward00,3,,,,,,,,,0.270833,13.0,35.0,0.0,0.0,0.0,8.0,49.6459,6.20357,62.9205,42.4643,18.5169,148.135,0.00128493,15,,0.866667,49.6459
eval_probe,,prb_w_escalon_r04_n024_det_i1,cbaa,reward00,1,,,,,,,,,0.458333,11.0,13.0,0.0,0.0,0.0,4.0,37.523,15.1218,51.0722,16.0,10.023,40.092,0.000528591,11,,1.0,37.523
eval_probe,,prb_w_escalon_r04_n024_det_i1,cbaa,reward00,2,,,,,,,,,0.458333,11.0,13.0,0.0,0.0,0.0,4.0,37.523,15.1218,51.0722,16.0,10.023,40.092,0.000400155,11,,1.0,37.523
eval_probe,,prb_w_escalon_r04_n024_det_i1,cbaa,reward00,3,,,,,,,,,0.458333,11.0,13.0,0.0,0.0,0.0,4.0,37.523,15.1218,51.0722,16.0,10.023,40.092,0.000511694,11,,1.0,37.523
eval_probe,,prb_w_escalon_r04_n024_det_i1,cbba,reward00,1,,,,,,,,,0.583333,14.0,10.0,0.0,0.0,0.0,4.0,50.3546,5.78937,57.5114,43.433,15.3546,61.4183,0.00103396,14,,1.0,50.3546
eval_probe,,prb_w_escalon_r04_n024_det_i1,cbba,reward00,2,,,,,,,,,0.583333,14.0,10.0,0.0,0.0,0.0,4.0,50.3546,5.78937,57.5114,43.433,15.3546,61.4183,0.000794474,14,,1.0,50.3546
eval_probe,,prb_w_escalon_r04_n024_det_i1,cbba,reward00,3,,,,,,,,,0.583333,14.0,10.0,0.0,0.0,0.0,4.0,50.3546,5.78937,57.5114,43.433,15.3546,61.4183,0.000983668,14,,1.0,50.3546
eval_probe,,prb_w_escalon_r04_n024_det_i1,dec-mcts-v4-g9999,reward00,1,,,,,,,,,0.583333,14.0,10.0,0.0,0.0,0.0,4.0,51.6592,7.33511,59.8744,43.3774,16.6592,66.637,2.20268,14,,1.0,51.6592
eval_probe,,prb_w_escalon_r04_n024_det_i1,dec-mcts-v4-g9999,reward00,2,,,,,,,,,0.583333,14.0,10.0,0.0,0.0,0.0,4.0,52.2515,6.26561,59.5453,44.7537,17.2515,69.0059,2.27354,14,,1.0,52.2515
eval_probe,,prb_w_escalon_r04_n024_det_i1,dec-mcts-v4-g9999,reward00,3,,,,,,,,,0.541667,13.0,11.0,0.0,0.0,0.0,4.0,51.438,5.7363,59.6834,46.4893,18.938,75.7521,2.13214,13,,1.0,51.438
eval_probe,,prb_w_escalon_r04_n024_det_i1,greedy,reward00,1,,,,,,,,,0.541667,13.0,11.0,0.0,0.0,0.0,4.0,46.6552,5.61131,54.9083,43.0031,16.5565,66.2261,0.000614177,13,,1.0,46.6552
eval_probe,,prb_w_escalon_r04_n024_det_i1,greedy,reward00,2,,,,,,,,,0.541667,13.0,11.0,0.0,0.0,0.0,4.0,47.1748,5.26474,53.719,41.1755,17.5161,70.0644,0.000532589,13,,1.0,47.1748
eval_probe,,prb_w_escalon_r04_n024_det_i1,greedy,reward00,3,,,,,,,,,0.541667,13.0,11.0,0.0,0.0,0.0,4.0,47.1748,5.26474,53.719,41.1755,17.5161,70.0644,0.000645997,13,,1.0,47.1748
eval_probe,,prb_w_escalon_r04_n024_det_i1,random,reward00,1,,,,,,,,,0.5,12.0,12.0,0.0,0.0,0.0,4.0,47.671,2.10394,50.6728,45.7522,18.1478,72.5911,0.000584565,12,,1.0,47.671
eval_probe,,prb_w_escalon_r04_n024_det_i1,random,reward00,2,,,,,,,,,0.458333,11.0,13.0,0.0,0.0,0.0,4.0,47.3119,4.29801,52.0218,43.0031,19.9637,79.8548,0.000309756,11,,1.0,47.3119
eval_probe,,prb_w_escalon_r04_n024_det_i1,random,reward00,3,,,,,,,,,0.5,12.0,12.0,0.0,0.0,0.0,4.0,46.2614,3.1444,50.5312,43.0031,17.4543,69.8174,0.000330214,12,,1.0,46.2614
eval_probe,,prb_w_escalon_r04_n024_det_i2,cbaa,reward00,1,,,,,,,,,0.458333,11.0,13.0,0.0,0.0,0.0,4.0,38.0392,15.4231,51.0722,16.0,10.5392,42.1569,0.000784275,11,,1.0,38.0392
eval_probe,,prb_w_escalon_r04_n024_det_i2,cbaa,reward00,2,,,,,,,,,0.458333,11.0,13.0,0.0,0.0,0.0,4.0,38.0392,15.4231,51.0722,16.0,10.5392,42.1569,0.0005328,11,,1.0,38.0392
eval_probe,,prb_w_escalon_r04_n024_det_i2,cbaa,reward00,3,,,,,,,,,0.458333,11.0,13.0,0.0,0.0,0.0,4.0,38.0392,15.4231,51.0722,16.0,10.5392,42.1569,0.000523198,11,,1.0,38.0392
eval_probe,,prb_w_escalon_r04_n024_det_i2,cbba,reward00,1,,,,,,,,,0.541667,13.0,11.0,0.0,0.0,0.0,4.0,46.438,5.14026,51.0722,39.5868,13.938,55.7521,0.00123118,13,,1.0,46.438
eval_probe,,prb_w_escalon_r04_n024_det_i2,cbba,reward00,2,,,,,,,,,0.541667,13.0,11.0,0.0,0.0,0.0,4.0,46.438,5.14026,51.0722,39.5868,13.938,55.7521,0.00126522,13,,1.0,46.438
eval_probe,,prb_w_escalon_r04_n024_det_i2,cbba,reward00,3,,,,,,,,,0.541667,13.0,11.0,0.0,0.0,0.0,4.0,46.438,5.14026,51.0722,39.5868,13.938,55.7521,0.000907923,13,,1.0,46.438
eval_probe,,prb_w_escalon_r04_n024_det_i2,dec-mcts-v4-g9999,reward00,1,,,,,,,,,0.541667,13.0,11.0,0.0,0.0,0.0,4.0,47.4688,4.43121,53.3853,43.425,14.9688,59.8752,3.03449,13,,1.0,47.4688
eval_probe,,prb_w_escalon_r04_n024_det_i2,dec-mcts-v4-g9999,reward00,2,,,,,,,,,0.541667,13.0,11.0,0.0,0.0,0.0,4.0,47.9236,4.13716,53.3853,43.9917,15.4236,61.6944,3.13715,13,,1.0,47.9236
eval_probe,,prb_w_escalon_r04_n024_det_i2,dec-mcts-v4-g9999,reward00,3,,,,,,,,,0.541667,13.0,11.0,0.0,0.0,0.0,4.0,47.9969,4.68005,54.3327,43.2052,15.4969,61.9874,2.95308,13,,1.0,47.9969
eval_probe,,prb_w_escalon_r04_n024_det_i2,greedy,reward00,1,,,,,,,,,0.541667,13.0,11.0,0.0,0.0,0.0,4.0,47.033,3.99267,52.5856,43.0731,16.4797,65.9188,0.00116825,13,,1.0,47.033
eval_probe,,prb_w_escalon_r04_n024_det_i2,greedy,reward00,2,,,,,,,,,0.541667,13.0,11.0,0.0,0.0,0.0,4.0,47.033,3.99267,52.5856,43.0731,16.4797,65.9188,0.000759988,13,,1.0,47.033
eval_probe,,prb_w_escalon_r04_n024_det_i2,greedy,reward00,3,,,,,,,,,0.541667,13.0,11.0,0.0,0.0,0.0,4.0,46.6444,4.1494,52.5856,43.0731,16.3803,65.5211,0.000777725,13,,1.0,46.6444
eval_probe,,prb_w_escalon_r04_n024_det_i2,random,reward00,1,,,,,,,,,0.416667,10.0,14.0,0.0,0.0,0.0,4.0,46.7418,4.6074,51.965,41.5856,22.6065,90.4259,0.000539,10,,1.0,46.7418
eval_probe,,prb_w_escalon_r04_n024_det_i2,random,reward00,2,,,,,,,,,0.5,12.0,12.0,0.0,0.0,0.0,4.0,49.4155,3.48507,52.78,45.2111,20.8261,83.3045,0.000705747,12,,1.0,49.4154
eval_probe,,prb_w_escalon_r04_n024_det_i2,random,reward00,3,,,,,,,,,0.458333,11.0,13.0,0.0,0.0,0.0,4.0,46.812,6.79619,52.7908,40.3031,20.3262,81.3048,0.000680648,11,,1.0,46.812
eval_probe,,prb_w_escalon_r04_n024_det_i3,cbaa,reward00,1,,,,,,,,,0.458333,11.0,13.0,0.0,0.0,0.0,4.0,38.0392,15.4231,51.0722,16.0,10.5392,42.1569,0.000872811,11,,1.0,38.0392
eval_probe,,prb_w_escalon_r04_n024_det_i3,cbaa,reward00,2,,,,,,,,,0.458333,11.0,13.0,0.0,0.0,0.0,4.0,38.0392,15.4231,51.0722,16.0,10.5392,42.1569,0.000729326,11,,1.0,38.0392
eval_probe,,prb_w_escalon_r04_n024_det_i3,cbaa,reward00,3,,,,,,,,,0.458333,11.0,13.0,0.0,0.0,0.0,4.0,37.523,15.1218,51.0722,16.0,10.023,40.092,0.000826757,11,,1.0,37.523
eval_probe,,prb_w_escalon_r04_n024_det_i3,cbba,reward00,1,,,,,,,,,0.541667,13.0,11.0,0.0,0.0,0.0,4.0,44.3658,4.81919,51.0722,39.5868,11.8658,47.4632,0.00147688,13,,1.0,44.3658
eval_probe,,prb_w_escalon_r04_n024_det_i3,cbba,reward00,2,,,,,,,,,0.541667,13.0,11.0,0.0,0.0,0.0,4.0,44.3658,4.81919,51.0722,39.5868,11.8658,47.4632,0.00146934,13,,1.0,44.3658
eval_probe,,prb_w_escalon_r04_n024_det_i3,cbba,reward00,3,,,,,,,,,0.541667,13.0,11.0,0.0,0.0,0.0,4.0,44.3658,4.81919,51.0722,39.5868,11.8658,47.4632,0.00153972,13,,1.0,44.3658
eval_probe,,prb_w_escalon_r04_n024_det_i3,dec-mcts-v4-g9999,reward00,1,,,,,,,,,0.583333,14.0,10.0,0.0,0.0,0.0,4.0,51.4354,6.80001,57.736,43.7674,16.4354,65.7418,3.94731,14,,1.0,51.4354
eval_probe,,prb_w_escalon_r04_n024_det_i3,dec-mcts-v4-g9999,reward00,2,,,,,,,,,0.583333,14.0,10.0,0.0,0.0,0.0,4.0,53.1962,5.73058,57.6452,45.5606,18.1962,72.7849,3.57569,14,,1.0,53.1962
eval_probe,,prb_w_escalon_r04_n024_det_i3,dec-mcts-v4-g9999,reward00,3,,,,,,,,,0.583333,14.0,10.0,0.0,0.0,0.0,4.0,50.7451,7.40464,57.7104,43.7674,15.7451,62.9803,3.20106,14,,1.0,50.7451
eval_probe,,prb_w_escalon_r04_n024_det_i3,greedy,reward00,1,,,,,,,,,0.541667,13.0,11.0,0.0,0.0,0.0,4.0,46.8402,4.84872,53.9156,43.1212,17.5185,70.0738,0.00078044,13,,1.0,46.8402
eval_probe,,prb_w_escalon_r04_n024_det_i3,greedy,reward00,2,,,,,,,,,0.541667,13.0,11.0,0.0,0.0,0.0,4.0,47.1625,4.55294,53.9156,44.4104,16.7973,67.1892,0.000799171,13,,1.0,47.1625
eval_probe,,prb_w_escalon_r04_n024_det_i3,greedy,reward00,3,,,,,,,,,0.541667,13.0,11.0,0.0,0.0,0.0,4.0,46.8402,4.84872,53.9156,43.1212,17.5185,70.0738,0.000879482,13,,1.0,46.8402
eval_probe,,prb_w_escalon_r04_n024_det_i3,random,reward00,1,,,,,,,,,0.458333,11.0,13.0,0.0,0.0,0.0,4.0,44.4738,3.73943,48.21,39.5824,18.6677,74.6707,0.000675344,11,,1.0,44.4738
eval_probe,,prb_w_escalon_r04_n024_det_i3,random,reward00,2,,,,,,,,,0.5,12.0,12.0,0.0,0.0,0.0,4.0,47.8952,2.09386,49.9567,44.9798,20.0803,80.3212,0.000768512,12,,1.0,47.8952
eval_probe,,prb_w_escalon_r04_n024_det_i3,random,reward00,3,,,,,,,,,0.416667,10.0,14.0,0.0,0.0,0.0,4.0,41.1805,3.48219,44.331,38.1231,17.6269,70.5074,0.000634901,10,,1.0,41.1805
eval_probe,,prb_w_escalon_r04_n024_est_i1,cbaa,reward00,1,,,,,,,,,0.458333,11.0,13.0,0.0,0.0,0.0,4.0,39.0928,18.914,66.8391,25.5171,12.1464,48.5857,0.000539528,19,,0.578947,39.0928
eval_probe,,prb_w_escalon_r04_n024_est_i1,cbaa,reward00,2,,,,,,,,,0.458333,11.0,13.0,0.0,0.0,0.0,4.0,49.8671,4.75183,54.0781,43.0542,14.7743,59.097,0.000497819,15,,0.733333,49.867
eval_probe,,prb_w_escalon_r04_n024_est_i1,cbaa,reward00,3,,,,,,,,,0.583333,14.0,10.0,0.0,0.0,0.0,4.0,48.1903,5.18516,53.37,43.2529,16.0034,64.0135,0.00167217,17,,0.823529,48.1903
eval_probe,,prb_w_escalon_r04_n024_est_i1,cbba,reward00,1,,,,,,,,,0.5,12.0,12.0,0.0,0.0,0.0,4.0,44.1357,4.80864,50.1222,39.1742,11.4355,45.742,0.000974206,15,,0.8,44.1357
eval_probe,,prb_w_escalon_r04_n024_est_i1,cbba,reward00,2,,,,,,,,,0.625,15.0,9.0,0.0,0.0,0.0,4.0,49.4037,9.496,59.6703,37.1857,12.9626,51.8505,0.00114452,18,,0.833333,49.4038
eval_probe,,prb_w_escalon_r04_n024_est_i1,cbba,reward00,3,,,,,,,,,0.541667,13.0,11.0,0.0,0.0,0.0,4.0,44.7289,12.9811,57.831,31.8605,15.3758,61.5032,0.00113546,19,,0.684211,44.7289
eval_probe,,prb_w_escalon_r04_n024_est_i1,dec-mcts-v4-g9999,reward00,1,,,,,,,,,0.541667,13.0,11.0,0.0,0.0,0.0,4.0,47.0704,5.23539,53.7757,41.2377,20.2939,81.1756,3.36811,16,,0.8125,47.0704
eval_probe,,prb_w_escalon_r04_n024_est_i1,dec-mcts-v4-g9999,reward00,2,,,,,,,,,0.5,12.0,12.0,0.0,0.0,0.0,4.0,49.3106,6.23386,57.9563,43.5307,18.4713,73.8852,2.98696,14,,0.857143,49.3106
eval_probe,,prb_w_escalon_r04_n024_est_i1,dec-mcts-v4-g9999,reward00,3,,,,,,,,,0.458333,11.0,13.0,0.0,0.0,0.0,4.0,54.7541,12.0613,69.4524,40.8842,19.505,78.0199,2.927,14,,0.785714,54.754
eval_probe,,prb_w_escalon_r04_n024_est_i1,greedy,reward00,1,,,,,,,,,0.583333,14.0,10.0,0.0,0.0,0.0,4.0,52.9741,7.5104,63.9383,47.154,15.4786,61.9144,0.000591956,17,,0.823529,52.9741
eval_probe,,prb_w_escalon_r04_n024_est_i1,greedy,reward00,2,,,,,,,,,0.583333,14.0,10.0,0.0,0.0,0.0,4.0,52.5322,7.49507,62.3575,44.2031,16.7203,66.8813,0.000458857,14,,1.0,52.5322
eval_probe,,prb_w_escalon_r04_n024_est_i1,greedy,reward00,3,,,,,,,,,0.583333,14.0,10.0,0.0,0.0,0.0,4.0,56.2302,8.83186,68.5106,49.5912,17.9663,71.8651,0.000468543,17,,0.823529,56.2302
eval_probe,,prb_w_escalon_r04_n024_est_i1,random,reward00,1,,,,,,,,,0.583333,14.0,10.0,0.0,0.0,0.0,4.0,50.8016,1.32453,52.6126,49.4588,23.082,92.328,0.000479271,15,,0.933333,50.8017
eval_probe,,prb_w_escalon_r04_n024_est_i1,random,reward00,2,,,,,,,,,0.5,12.0,12.0,0.0,0.0,0.0,4.0,45.6527,4.28811,51.1767,41.9915,28.9256,115.702,0.000471299,14,,0.857143,45.6527
eval_probe,,prb_w_escalon_r04_n024_est_i1,random,reward00,3,,,,,,,,,0.375,9.0,15.0,0.0,0.0,0.0,4.0,51.9524,5.88618,60.0149,47.5125,20.859,83.436,0.000439079,12,,0.75,51.9524
eval_probe,,prb_w_escalon_r04_n024_est_i2,cbaa,reward00,1,,,,,,,,,0.458333,11.0,13.0,0.0,0.0,0.0,4.0,46.105,10.019,58.7735,34.268,13.963,55.8522,0.000960549,16,,0.6875,46.105
eval_probe,,prb_w_escalon_r04_n024_est_i2,cbaa,reward00,2,,,,,,,,,0.375,9.0,15.0,0.0,0.0,0.0,4.0,30.9564,7.01285,36.4393,21.0136,10.2042,40.8168,0.000804192,12,,0.75,30.9564
eval_probe,,prb_w_escalon_r04_n024_est_i2,cbaa,reward00,3,,,,,,,,,0.541667,13.0,11.0,0.0,0.0,0.0,4.0,42.0277,12.9212,60.6232,32.3922,13.5581,54.2324,0.000993223,17,,0.764706,42.0277
eval_probe,,prb_w_escalon_r04_n024_est_i2,cbba,reward00,1,,,,,,,,,0.625,15.0,9.0,0.0,0.0,0.0,4.0,56.4505,6.21493,65.3285,50.9714,14.747,58.9882,0.00269231,18,,0.833333,56.4505
eval_probe,,prb_w_escalon_r04_n024_est_i2,cbba,reward00,2,,,,,,,,,0.333333,8.0,16.0,0.0,0.0,0.0,4.0,38.0965,5.05765,45.6524,34.9803,11.2431,44.9722,0.00223893,13,,0.615385,38.0965
eval_probe,,prb_w_escalon_r04_n024_est_i2,cbba,reward00,3,,,,,,,,,0.458333,11.0,13.0,0.0,0.0,0.0,4.0,51.9723,7.88796,59.2993,43.0855,11.8845,47.5378,0.00213113,13,,0.846154,51.9723
eval_probe,,prb_w_escalon_r04_n024_est_i2,dec-mcts-v4-g9999,reward00,1,,,,,,,,,0.5,12.0,12.0,0.0,0.0,0.0,4.0,53.913,7.05408,58.7456,43.658,16.9642,67.857,5.55828,13,,0.923077,53.913
eval_probe,,prb_w_escalon_r04_n024_est_i2,dec-mcts-v4-g9999,reward00,2,,,,,,,,,0.583333,14.0,10.0,0.0,0.0,0.0,4.0,51.5438,13.335,67.8975,38.3184,21.2616,85.0464,5.04816,18,,0.777778,51.5438
eval_probe,,prb_w_escalon_r04_n024_est_i2,dec-mcts-v4-g9999,reward00,3,,,,,,,,,0.458333,11.0,13.0,0.0,0.0,0.0,4.0,61.1565,15.7812,78.396,44.1431,21.8151,87.2604,5.92436,15,,0.733333,61.1565
eval_probe,,prb_w_escalon_r04_n024_est_i2,greedy,reward00,1,,,,,,,,,0.625,15.0,9.0,0.0,0.0,0.0,4.0,53.5157,7.17666,60.0628,43.3113,17.538,70.1519,0.00143804,19,,0.789474,53.5157
eval_probe,,prb_w_escalon_r04_n024_est_i2,greedy,reward00,2,,,,,,,,,0.5,12.0,12.0,0.0,0.0,0.0,4.0,46.2447,13.3283,66.1992,38.4382,15.666,62.664,0.000893092,14,,0.857143,46.2448
eval_probe,,prb_w_escalon_r04_n024_est_i2,greedy,reward00,3,,,,,,,,,0.5,12.0,12.0,0.0,0.0,0.0,4.0,50.0618,2.41127,52.9559,47.1105,14.6192,58.477,0.000873442,16,,0.75,50.0618
eval_probe,,prb_w_escalon_r04_n024_est_i2,random,reward00,1,,,,,,,,,0.5,12.0,12.0,0.0,0.0,0.0,4.0,55.4735,4.76344,59.8596,50.3046,25.105,100.42,0.00151237,14,,0.857143,55.4735
eval_probe,,prb_w_escalon_r04_n024_est_i2,random,reward00,2,,,,,,,,,0.333333,8.0,16.0,0.0,0.0,0.0,4.0,51.2591,19.9092,80.2914,38.173,25.3038,101.215,0.000912012,18,,0.444444,51.2591
eval_probe,,prb_w_escalon_r04_n024_est_i2,random,reward00,3,,,,,,,,,0.333333,8.0,16.0,0.0,0.0,0.0,4.0,44.2511,3.37349,48.1883,40.0531,18.6363,74.5454,0.000714401,10,,0.8,44.2511
eval_probe,,prb_w_escalon_r04_n024_est_i3,cbaa,reward00,1,,,,,,,,,0.5,12.0,12.0,0.0,0.0,0.0,4.0,39.1548,11.0871,48.5438,24.9663,11.9629,47.8518,0.000701997,15,,0.8,39.1548
eval_probe,,prb_w_escalon_r04_n024_est_i3,cbaa,reward00,2,,,,,,,,,0.541667,13.0,11.0,0.0,0.0,0.0,4.0,44.6668,8.80799,54.272,33.5427,10.587,42.348,0.000618724,16,,0.8125,44.6668
eval_probe,,prb_w_escalon_r04_n024_est_i3,cbaa,reward00,3,,,,,,,,,0.416667,10.0,14.0,0.0,0.0,0.0,4.0,41.0426,8.72845,47.8397,28.376,11.8218,47.287,0.000459008,15,,0.666667,41.0426
eval_probe,,prb_w_escalon_r04_n024_est_i3,cbba,reward00,1,,,,,,,,,0.5,12.0,12.0,0.0,0.0,0.0,4.0,44.2727,7.77682,55.9352,40.1706,15.8856,63.5424,0.000954389,16,,0.75,44.2727
eval_probe,,prb_w_escalon_r04_n024_est_i3,cbba,reward00,2,,,,,,,,,0.416667,10.0,14.0,0.0,0.0,0.0,4.0,45.7099,10.9578,61.2233,37.7608,12.3787,49.5149,0.000904236,16,,0.625,45.7099
eval_probe,,prb_w_escalon_r04_n024_est_i3,cbba,reward00,3,,,,,,,,,0.375,9.0,15.0,0.0,0.0,0.0,4.0,32.8308,4.41841,36.9156,26.5708,13.3989,53.5957,0.000896898,15,,0.6,32.8308
eval_probe,,prb_w_escalon_r04_n024_est_i3,dec-mcts-v4-g9999,reward00,1,,,,,,,,,0.458333,11.0,13.0,0.0,0.0,0.0,4.0,54.3847,5.19449,60.8038,49.2664,20.2688,81.0752,2.50523,16,,0.6875,54.3847
eval_probe,,prb_w_escalon_r04_n024_est_i3,dec-mcts-v4-g9999,reward00,2,,,,,,,,,0.375,9.0,15.0,0.0,0.0,0.0,4.0,51.5679,5.51125,58.6893,45.4064,16.4652,65.8607,2.92324,12,,0.75,51.5679
eval_probe,,prb_w_escalon_r04_n024_est_i3,dec-mcts-v4-g9999,reward00,3,,,,,,,,,0.541667,13.0,11.0,0.0,0.0,0.0,4.0,49.5031,4.6167,55.4222,44.196,23.8338,95.3352,2.62777,17,,0.764706,49.5031
eval_probe,,prb_w_escalon_r04_n024_est_i3,greedy,reward00,1,,,,,,,,,0.583333,14.0,10.0,0.0,0.0,0.0,4.0,48.2678,2.68911,51.9752,45.8272,17.2625,69.0501,0.000703997,18,,0.777778,48.2678
eval_probe,,prb_w_escalon_r04_n024_est_i3,greedy,reward00,2,,,,,,,,,0.416667,10.0,14.0,0.0,0.0,0.0,4.0,50.3997,4.39667,55.1318,44.5156,17.1575,68.6301,0.000692301,16,,0.625,50.3997
eval_probe,,prb_w_escalon_r04_n024_est_i3,greedy,reward00,3,,,,,,,,,0.416667,10.0,14.0,0.0,0.0,0.0,4.0,58.7885,2.95336,61.3814,54.6667,16.084,64.3359,0.000617937,13,,0.769231,58.7885
eval_probe,,prb_w_escalon_r04_n024_est_i3,random,reward00,1,,,,,,,,,0.375,9.0,15.0,0.0,0.0,0.0,4.0,52.0913,7.18814,61.2774,44.9304,21.8233,87.2933,0.000448528,14,,0.642857,52.0913
eval_probe,,prb_w_escalon_r04_n024_est_i3,random,reward00,2,,,,,,,,,0.375,9.0,15.0,0.0,0.0,0.0,4.0,47.5264,9.3831,59.3637,37.3285,22.3224,89.2897,0.000402551,14,,0.642857,47.5264
eval_probe,,prb_w_escalon_r04_n024_est_i3,random,reward00,3,,,,,,,,,0.375,9.0,15.0,0.0,0.0,0.0,4.0,59.6398,7.69687,66.057,50.0746,18.0922,72.369,0.000337435,11,,0.818182,59.6397
eval_probe,,prb_w_escalon_r08_n048_det_i1,cbaa,reward00,1,,,,,,,,,0.479167,23.0,25.0,0.0,0.0,0.0,8.0,39.8151,15.1617,54.6464,16.0,11.0651,88.5208,0.00217302,23,,1.0,39.8151
eval_probe,,prb_w_escalon_r08_n048_det_i1,cbaa,reward00,2,,,,,,,,,0.458333,22.0,26.0,0.0,0.0,0.0,8.0,37.6901,13.9271,49.6232,16.0,10.1901,81.5208,0.00146887,22,,1.0,37.6901
eval_probe,,prb_w_escalon_r08_n048_det_i1,cbaa,reward00,3,,,,,,,,,0.479167,23.0,25.0,0.0,0.0,0.0,8.0,39.8229,15.166,54.6464,16.0,11.0729,88.583,0.00209894,23,,1.0,39.8229
eval_probe,,prb_w_escalon_r08_n048_det_i1,cbba,reward00,1,,,,,,,,,0.583333,28.0,20.0,0.0,0.0,0.0,8.0,45.7938,6.60702,54.3735,37.6464,10.7938,86.3502,0.0119153,28,,1.0,45.7938
eval_probe,,prb_w_escalon_r08_n048_det_i1,cbba,reward00,2,,,,,,,,,0.583333,28.0,20.0,0.0,0.0,0.0,8.0,45.7938,6.60702,54.3735,37.6464,10.7938,86.3502,0.00824971,28,,1.0,45.7938
eval_probe,,prb_w_escalon_r08_n048_det_i1,cbba,reward00,3,,,,,,,,,0.583333,28.0,20.0,0.0,0.0,0.0,8.0,45.7938,6.60702,54.3735,37.6464,10.7938,86.3502,0.0135495,28,,1.0,45.7938
eval_probe,,prb_w_escalon_r08_n048_det_i1,dec-mcts-v4-g9999,reward00,1,,,,,,,,,0.625,30.0,18.0,0.0,0.0,0.0,8.0,52.6948,5.09331,56.0795,43.5808,15.1948,121.559,18.7957,30,,1.0,52.6948
eval_probe,,prb_w_escalon_r08_n048_det_i1,dec-mcts-v4-g9999,reward00,2,,,,,,,,,0.625,30.0,18.0,0.0,0.0,0.0,8.0,51.832,4.81959,56.5105,41.0722,14.332,114.656,17.3576,30,,1.0,51.832
eval_probe,,prb_w_escalon_r08_n048_det_i1,dec-mcts-v4-g9999,reward00,3,,,,,,,,,0.645833,31.0,17.0,0.0,0.0,0.0,8.0,53.2144,3.22301,56.0985,46.8669,14.4644,115.716,17.6825,31,,1.0,53.2144
eval_probe,,prb_w_escalon_r08_n048_det_i1,greedy,reward00,1,,,,,,,,,0.541667,26.0,22.0,0.0,0.0,0.0,8.0,45.9148,2.36866,50.3546,43.7831,15.8903,127.122,0.00182709,26,,1.0,45.9148
eval_probe,,prb_w_escalon_r08_n048_det_i1,greedy,reward00,2,,,,,,,,,0.541667,26.0,22.0,0.0,0.0,0.0,8.0,45.9148,2.36866,50.3546,43.7831,15.8903,127.122,0.00186217,26,,1.0,45.9148
eval_probe,,prb_w_escalon_r08_n048_det_i1,greedy,reward00,3,,,,,,,,,0.541667,26.0,22.0,0.0,0.0,0.0,8.0,45.9148,2.36866,50.3546,43.7831,15.8903,127.122,0.00196746,26,,1.0,45.9148
eval_probe,,prb_w_escalon_r08_n048_det_i1,random,reward00,1,,,,,,,,,0.479167,23.0,25.0,0.0,0.0,0.0,8.0,44.8332,5.27408,53.0573,36.2556,16.1729,129.383,0.00158794,23,,1.0,44.8332
eval_probe,,prb_w_escalon_r08_n048_det_i1,random,reward00,2,,,,,,,,,0.5,24.0,24.0,0.0,0.0,0.0,8.0,48.8746,2.03687,51.8933,46.1065,21.3831,171.065,0.00198756,24,,1.0,48.8746
eval_probe,,prb_w_escalon_r08_n048_det_i1,random,reward00,3,,,,,,,,,0.520833,25.0,23.0,0.0,0.0,0.0,8.0,49.5458,2.66848,53.5436,46.8985,19.4646,155.717,0.00168282,25,,1.0,49.5458
eval_probe,,prb_w_escalon_r08_n048_det_i2,cbaa,reward00,1,,,,,,,,,0.416667,20.0,28.0,0.0,0.0,0.0,8.0,35.4954,8.36886,48.6796,26.6863,10.4954,83.9628,0.00224128,20,,1.0,35.4954
eval_probe,,prb_w_escalon_r08_n048_det_i2,cbaa,reward00,2,,,,,,,,,0.416667,20.0,28.0,0.0,0.0,0.0,8.0,35.5726,10.6232,48.6796,17.213,10.5726,84.5805,0.00246121,20,,1.0,35.5726
eval_probe,,prb_w_escalon_r08_n048_det_i2,cbaa,reward00,3,,,,,,,,,0.458333,22.0,26.0,0.0,0.0,0.0,8.0,39.7075,11.8097,53.9355,17.213,12.2075,97.6597,0.00206895,22,,1.0,39.7075
eval_probe,,prb_w_escalon_r08_n048_det_i2,cbba,reward00,1,,,,,,,,,0.583333,28.0,20.0,0.0,0.0,0.0,8.0,48.5679,5.56953,55.4122,41.39,13.5679,108.544,0.011468,28,,1.0,48.5679
eval_probe,,prb_w_escalon_r08_n048_det_i2,cbba,reward00,2,,,,,,,,,0.583333,28.0,20.0,0.0,0.0,0.0,8.0,48.5679,5.56953,55.4122,41.39,13.5679,108.544,0.0181017,28,,1.0,48.5679
eval_probe,,prb_w_escalon_r08_n048_det_i2,cbba,reward00,3,,,,,,,,,0.583333,28.0,20.0,0.0,0.0,0.0,8.0,48.5679,5.56953,55.4122,41.39,13.5679,108.544,0.0110333,28,,1.0,48.5679
eval_probe,,prb_w_escalon_r08_n048_det_i2,dec-mcts-v4-g9999,reward00,1,,,,,,,,,0.5625,27.0,21.0,0.0,0.0,0.0,8.0,50.1043,4.95579,56.3972,43.6905,16.3543,130.834,19.7842,27,,1.0,50.1043
eval_probe,,prb_w_escalon_r08_n048_det_i2,dec-mcts-v4-g9999,reward00,2,,,,,,,,,0.604167,29.0,19.0,0.0,0.0,0.0,8.0,53.2115,2.88986,57.0113,48.954,16.9615,135.692,18.6405,29,,1.0,53.2115
eval_probe,,prb_w_escalon_r08_n048_det_i2,dec-mcts-v4-g9999,reward00,3,,,,,,,,,0.583333,28.0,20.0,0.0,0.0,0.0,8.0,51.3558,4.46112,55.6938,44.2725,16.3558,130.847,21.9467,28,,1.0,51.3558
eval_probe,,prb_w_escalon_r08_n048_det_i2,greedy,reward00,1,,,,,,,,,0.5625,27.0,21.0,0.0,0.0,0.0,8.0,46.6247,4.05049,53.3414,43.0083,14.9306,119.445,0.0012015,27,,1.0,46.6247
eval_probe,,prb_w_escalon_r08_n048_det_i2,greedy,reward00,2,,,,,,,,,0.5625,27.0,21.0,0.0,0.0,0.0,8.0,46.6247,4.05049,53.3414,43.0083,14.9306,119.445,0.0498522,27,,1.0,46.6247
eval_probe,,prb_w_escalon_r08_n048_det_i2,greedy,reward00,3,,,,,,,,,0.5625,27.0,21.0,0.0,0.0,0.0,8.0,46.6247,4.05049,53.3414,43.0083,14.9306,119.445,0.00171056,27,,1.0,46.6247
eval_probe,,prb_w_escalon_r08_n048_det_i2,random,reward00,1,,,,,,,,,0.458333,22.0,26.0,0.0,0.0,0.0,8.0,46.5206,5.39466,53.6894,40.7928,20.1241,160.993,0.0010032,22,,1.0,46.5206
eval_probe,,prb_w_escalon_r08_n048_det_i2,random,reward00,2,,,,,,,,,0.479167,23.0,25.0,0.0,0.0,0.0,8.0,47.8681,2.09032,51.312,44.1472,20.6572,165.257,0.00165168,23,,1.0,47.8681
eval_probe,,prb_w_escalon_r08_n048_det_i2,random,reward00,3,,,,,,,,,0.541667,26.0,22.0,0.0,0.0,0.0,8.0,48.9887,2.93936,53.4116,45.291,18.3163,146.531,0.00182806,26,,1.0,48.9887
eval_probe,,prb_w_escalon_r08_n048_det_i3,cbaa,reward00,1,,,,,,,,,0.416667,20.0,28.0,0.0,0.0,0.0,8.0,34.5049,15.5023,59.6565,16.0,9.50492,76.0393,0.00226404,20,,1.0,34.5049
eval_probe,,prb_w_escalon_r08_n048_det_i3,cbaa,reward00,2,,,,,,,,,0.458333,22.0,26.0,0.0,0.0,0.0,8.0,38.914,14.5658,59.6565,16.0,11.414,91.3118,0.00236741,22,,1.0,38.914
eval_probe,,prb_w_escalon_r08_n048_det_i3,cbaa,reward00,3,,,,,,,,,0.458333,22.0,26.0,0.0,0.0,0.0,8.0,39.0653,15.9022,59.6565,16.3394,11.5653,92.5227,0.002607,22,,1.0,39.0654
eval_probe,,prb_w_escalon_r08_n048_det_i3,cbba,reward00,1,,,,,,,,,0.5625,27.0,21.0,0.0,0.0,0.0,8.0,46.7132,7.08217,54.6948,32.3473,12.9632,103.706,0.0112204,27,,1.0,46.7132
eval_probe,,prb_w_escalon_r08_n048_det_i3,cbba,reward00,2,,,,,,,,,0.5625,27.0,21.0,0.0,0.0,0.0,8.0,46.7132,7.08217,54.6948,32.3473,12.9632,103.706,0.0112768,27,,1.0,46.7132
eval_probe,,prb_w_escalon_r08_n048_det_i3,cbba,reward00,3,,,,,,,,,0.5625,27.0,21.0,0.0,0.0,0.0,8.0,46.7132,7.08217,54.6948,32.3473,12.9632,103.706,0.0110275,27,,1.0,46.7132
eval_probe,,prb_w_escalon_r08_n048_det_i3,dec-mcts-v4-g9999,reward00,1,,,,,,,,,0.583333,28.0,20.0,0.0,0.0,0.0,8.0,51.9174,4.53714,60.613,46.6961,16.9174,135.339,18.0052,28,,1.0,51.9174
eval_probe,,prb_w_escalon_r08_n048_det_i3,dec-mcts-v4-g9999,reward00,2,,,,,,,,,0.604167,29.0,19.0,0.0,0.0,0.0,8.0,51.5276,5.05866,59.0056,45.3463,15.2776,122.221,16.4143,29,,1.0,51.5277
eval_probe,,prb_w_escalon_r08_n048_det_i3,dec-mcts-v4-g9999,reward00,3,,,,,,,,,0.583333,28.0,20.0,0.0,0.0,0.0,8.0,50.5162,5.17125,59.2828,43.5162,15.5162,124.129,15.9634,28,,1.0,50.5162
eval_probe,,prb_w_escalon_r08_n048_det_i3,greedy,reward00,1,,,,,,,,,0.541667,26.0,22.0,0.0,0.0,0.0,8.0,48.485,2.65778,51.8791,45.0847,17.9077,143.262,0.00195119,26,,1.0,48.485
eval_probe,,prb_w_escalon_r08_n048_det_i3,greedy,reward00,2,,,,,,,,,0.541667,26.0,22.0,0.0,0.0,0.0,8.0,48.7097,4.28465,55.1487,43.2903,17.8696,142.957,0.00237341,26,,1.0,48.7097
eval_probe,,prb_w_escalon_r08_n048_det_i3,greedy,reward00,3,,,,,,,,,0.541667,26.0,22.0,0.0,0.0,0.0,8.0,48.485,2.65778,51.8791,45.0847,17.9077,143.262,0.0020629,26,,1.0,48.485
eval_probe,,prb_w_escalon_r08_n048_det_i3,random,reward00,1,,,,,,,,,0.458333,22.0,26.0,0.0,0.0,0.0,8.0,45.4521,4.81508,51.4799,39.2731,19.4164,155.331,0.00179166,22,,1.0,45.4521
eval_probe,,prb_w_escalon_r08_n048_det_i3,random,reward00,2,,,,,,,,,0.479167,23.0,25.0,0.0,0.0,0.0,8.0,47.4604,2.5262,50.5933,43.5731,19.604,156.832,0.00170981,23,,1.0,47.4604
eval_probe,,prb_w_escalon_r08_n048_det_i3,random,reward00,3,,,,,,,,,0.5,24.0,24.0,0.0,0.0,0.0,8.0,46.4732,3.89214,52.3781,41.7855,17.3819,139.055,0.0016527,24,,1.0,46.4731
eval_probe,,prb_w_escalon_r08_n048_est_i1,cbaa,reward00,1,,,,,,,,,0.604167,29.0,19.0,0.0,0.0,0.0,8.0,48.8032,9.72073,61.5135,29.5865,14.6257,117.006,0.00179745,34,,0.852941,48.8032
eval_probe,,prb_w_escalon_r08_n048_est_i1,cbaa,reward00,2,,,,,,,,,0.395833,19.0,29.0,0.0,0.0,0.0,8.0,40.9076,15.1339,64.5833,23.547,12.2717,98.1739,0.00127389,30,,0.633333,40.9076
eval_probe,,prb_w_escalon_r08_n048_est_i1,cbaa,reward00,3,,,,,,,,,0.541667,26.0,22.0,0.0,0.0,0.0,8.0,46.9848,8.86649,63.894,40.6358,16.8408,134.726,0.00220033,45,,0.577778,46.9848
eval_probe,,prb_w_escalon_r08_n048_est_i1,cbba,reward00,1,,,,,,,,,0.625,30.0,18.0,0.0,0.0,0.0,8.0,49.6767,4.56877,57.0552,42.3789,13.7994,110.395,0.00871208,37,,0.810811,49.6767
eval_probe,,prb_w_escalon_r08_n048_est_i1,cbba,reward00,2,,,,,,,,,0.479167,23.0,25.0,0.0,0.0,0.0,8.0,47.4218,5.44298,54.1114,41.2208,12.4244,99.3954,0.00838493,31,,0.741935,47.4218
eval_probe,,prb_w_escalon_r08_n048_est_i1,cbba,reward00,3,,,,,,,,,0.6875,33.0,15.0,0.0,0.0,0.0,8.0,40.7173,10.9081,66.3901,31.4683,12.3366,98.693,0.0112837,41,,0.804878,40.7173
eval_probe,,prb_w_escalon_r08_n048_est_i1,dec-mcts-v4-g9999,reward00,1,,,,,,,,,0.520833,25.0,23.0,0.0,0.0,0.0,8.0,48.8856,7.43333,61.7028,38.0521,17.5941,140.753,24.4563,30,,0.833333,48.8856
eval_probe,,prb_w_escalon_r08_n048_est_i1,dec-mcts-v4-g9999,reward00,2,,,,,,,,,0.458333,22.0,26.0,0.0,0.0,0.0,8.0,45.8678,5.06267,55.9021,40.9968,20.6095,164.876,24.4053,32,,0.6875,45.8678
eval_probe,,prb_w_escalon_r08_n048_est_i1,dec-mcts-v4-g9999,reward00,3,,,,,,,,,0.5,24.0,24.0,0.0,0.0,0.0,8.0,47.1604,5.83035,55.5857,40.3064,16.44,131.52,25.6284,29,,0.827586,47.1604
eval_probe,,prb_w_escalon_r08_n048_est_i1,greedy,reward00,1,,,,,,,,,0.5625,27.0,21.0,0.0,0.0,0.0,8.0,43.9279,7.50915,60.0601,37.8831,11.711,93.6879,0.00156106,35,,0.771429,43.9279
eval_probe,,prb_w_escalon_r08_n048_est_i1,greedy,reward00,2,,,,,,,,,0.6875,33.0,15.0,0.0,0.0,0.0,8.0,47.5395,12.4062,77.1789,39.3019,17.3663,138.931,0.00356654,39,,0.846154,47.5395
eval_probe,,prb_w_escalon_r08_n048_est_i1,greedy,reward00,3,,,,,,,,,0.541667,26.0,22.0,0.0,0.0,0.0,8.0,43.3302,4.00839,48.5298,38.3999,13.0533,104.427,0.00154425,32,,0.8125,43.3302
eval_probe,,prb_w_escalon_r08_n048_est_i1,random,reward00,1,,,,,,,,,0.375,18.0,30.0,0.0,0.0,0.0,8.0,43.878,8.92065,57.7012,36.2765,22.1578,177.262,0.0012386,25,,0.72,43.878
eval_probe,,prb_w_escalon_r08_n048_est_i1,random,reward00,2,,,,,,,,,0.395833,19.0,29.0,0.0,0.0,0.0,8.0,48.4085,5.70869,58.8132,42.7677,21.6976,173.581,0.00182104,25,,0.76,48.4085
eval_probe,,prb_w_escalon_r08_n048_est_i1,random,reward00,3,,,,,,,,,0.395833,19.0,29.0,0.0,0.0,0.0,8.0,45.5752,14.152,74.5094,34.896,22.7675,182.14,0.000715043,25,,0.76,45.5752
eval_probe,,prb_w_escalon_r08_n048_est_i2,cbaa,reward00,1,,,,,,,,,0.5,24.0,24.0,0.0,0.0,0.0,8.0,43.7254,10.802,60.4284,29.9925,14.3759,115.007,0.00287109,37,,0.648649,43.7254
eval_probe,,prb_w_escalon_r08_n048_est_i2,cbaa,reward00,2,,,,,,,,,0.354167,17.0,31.0,0.0,0.0,0.0,8.0,39.138,14.4039,63.9871,22.2073,11.3856,91.0845,0.00261694,29,,0.586207,39.138
eval_probe,,prb_w_escalon_r08_n048_est_i2,cbaa,reward00,3,,,,,,,,,0.5625,27.0,21.0,0.0,0.0,0.0,8.0,56.2879,5.90999,64.9916,46.0534,16.5621,132.497,0.00266191,34,,0.794118,56.2879
eval_probe,,prb_w_escalon_r08_n048_est_i2,cbba,reward00,1,,,,,,,,,0.625,30.0,18.0,0.0,0.0,0.0,8.0,53.9255,7.58588,68.9709,46.2597,12.8663,102.931,0.0176397,33,,0.909091,53.9255
eval_probe,,prb_w_escalon_r08_n048_est_i2,cbba,reward00,2,,,,,,,,,0.520833,25.0,23.0,0.0,0.0,0.0,8.0,48.727,10.2691,63.0332,33.4042,12.8181,102.545,0.0124653,30,,0.833333,48.727
eval_probe,,prb_w_escalon_r08_n048_est_i2,cbba,reward00,3,,,,,,,,,0.416667,20.0,28.0,0.0,0.0,0.0,8.0,45.7364,11.8463,70.1336,33.562,13.4861,107.888,0.0158877,35,,0.571429,45.7364
eval_probe,,prb_w_escalon_r08_n048_est_i2,dec-mcts-v4-g9999,reward00,1,,,,,,,,,0.479167,23.0,25.0,0.0,0.0,0.0,8.0,48.0574,9.49599,63.4309,38.1434,19.4942,155.953,23.5871,32,,0.71875,48.0574
eval_probe,,prb_w_escalon_r08_n048_est_i2,dec-mcts-v4-g9999,reward00,2,,,,,,,,,0.520833,25.0,23.0,0.0,0.0,0.0,8.0,52.0187,6.57239,61.0101,42.7109,20.3881,163.104,24.028,35,,0.714286,52.0187
eval_probe,,prb_w_escalon_r08_n048_est_i2,dec-mcts-v4-g9999,reward00,3,,,,,,,,,0.5,24.0,24.0,0.0,0.0,0.0,8.0,54.4418,9.45219,70.3373,41.7331,17.2125,137.7,24.771,30,,0.8,54.4418
eval_probe,,prb_w_escalon_r08_n048_est_i2,greedy,reward00,1,,,,,,,,,0.5,24.0,24.0,0.0,0.0,0.0,8.0,50.7827,6.05665,64.8197,45.5347,16.8243,134.595,0.00214891,34,,0.705882,50.7827
eval_probe,,prb_w_escalon_r08_n048_est_i2,greedy,reward00,2,,,,,,,,,0.479167,23.0,25.0,0.0,0.0,0.0,8.0,47.1273,8.75393,65.8778,40.5077,14.3854,115.083,0.00174284,33,,0.69697,47.1272
eval_probe,,prb_w_escalon_r08_n048_est_i2,greedy,reward00,3,,,,,,,,,0.604167,29.0,19.0,0.0,0.0,0.0,8.0,39.6117,5.88351,49.9407,32.0406,13.5464,108.372,0.00239607,39,,0.74359,39.6117
eval_probe,,prb_w_escalon_r08_n048_est_i2,random,reward00,1,,,,,,,,,0.375,18.0,30.0,0.0,0.0,0.0,8.0,45.5354,5.59293,56.523,38.7299,21.0449,168.359,0.00110439,26,,0.692308,45.5354
eval_probe,,prb_w_escalon_r08_n048_est_i2,random,reward00,2,,,,,,,,,0.395833,19.0,29.0,0.0,0.0,0.0,8.0,48.8721,6.83605,61.1268,43.02,18.4918,147.935,0.00105057,25,,0.76,48.8721
eval_probe,,prb_w_escalon_r08_n048_est_i2,random,reward00,3,,,,,,,,,0.375,18.0,30.0,0.0,0.0,0.0,8.0,44.3525,9.33862,57.7795,35.1796,20.293,162.344,0.00172298,24,,0.75,44.3525
eval_probe,,prb_w_escalon_r08_n048_est_i3,cbaa,reward00,1,,,,,,,,,0.479167,23.0,25.0,0.0,0.0,0.0,8.0,42.9074,23.6139,63.3555,6.33937,11.59,92.7202,0.00141501,29,,0.793103,42.9074
eval_probe,,prb_w_escalon_r08_n048_est_i3,cbaa,reward00,2,,,,,,,,,0.583333,28.0,20.0,0.0,0.0,0.0,8.0,44.6706,11.7877,55.8733,19.9302,14.6673,117.339,0.00173294,36,,0.777778,44.6706
eval_probe,,prb_w_escalon_r08_n048_est_i3,cbaa,reward00,3,,,,,,,,,0.458333,22.0,26.0,0.0,0.0,0.0,8.0,40.8634,13.1768,62.2439,23.8398,12.2463,97.97,0.00137344,28,,0.785714,40.8634
eval_probe,,prb_w_escalon_r08_n048_est_i3,cbba,reward00,1,,,,,,,,,0.520833,25.0,23.0,0.0,0.0,0.0,8.0,51.6449,12.6943,70.4956,36.4206,12.3172,98.5375,0.00872823,30,,0.833333,51.6449
eval_probe,,prb_w_escalon_r08_n048_est_i3,cbba,reward00,2,,,,,,,,,0.4375,21.0,27.0,0.0,0.0,0.0,8.0,45.763,6.12414,54.8171,35.6672,12.4013,99.2104,0.00814435,31,,0.677419,45.763
eval_probe,,prb_w_escalon_r08_n048_est_i3,cbba,reward00,3,,,,,,,,,0.5,24.0,24.0,0.0,0.0,0.0,8.0,45.7636,5.46505,58.3272,39.3376,13.0355,104.284,0.00905474,36,,0.666667,45.7636
eval_probe,,prb_w_escalon_r08_n048_est_i3,dec-mcts-v4-g9999,reward00,1,,,,,,,,,0.520833,25.0,23.0,0.0,0.0,0.0,8.0,54.6776,8.67339,65.832,43.7546,19.6148,156.918,16.7462,32,,0.78125,54.6776
eval_probe,,prb_w_escalon_r08_n048_est_i3,dec-mcts-v4-g9999,reward00,2,,,,,,,,,0.479167,23.0,25.0,0.0,0.0,0.0,8.0,54.318,11.0631,71.6877,43.8408,18.3725,146.98,16.9757,27,,0.851852,54.318
eval_probe,,prb_w_escalon_r08_n048_est_i3,dec-mcts-v4-g9999,reward00,3,,,,,,,,,0.541667,26.0,22.0,0.0,0.0,0.0,8.0,49.5182,6.6668,61.9874,39.9669,19.2194,153.755,20.0293,30,,0.866667,49.5182
eval_probe,,prb_w_escalon_r08_n048_est_i3,greedy,reward00,1,,,,,,,,,0.479167,23.0,25.0,0.0,0.0,0.0,8.0,43.1015,6.38648,54.6517,36.5881,12.925,103.4,0.00107603,32,,0.71875,43.1015
eval_probe,,prb_w_escalon_r08_n048_est_i3,greedy,reward00,2,,,,,,,,,0.583333,28.0,20.0,0.0,0.0,0.0,8.0,54.462,11.2964,69.31,40.231,13.4432,107.545,0.00120506,34,,0.823529,54.462
eval_probe,,prb_w_escalon_r08_n048_est_i3,greedy,reward00,3,,,,,,,,,0.5625,27.0,21.0,0.0,0.0,0.0,8.0,44.6456,6.13108,58.7248,39.8956,13.9782,111.826,0.00111643,35,,0.771429,44.6456
eval_probe,,prb_w_escalon_r08_n048_est_i3,random,reward00,1,,,,,,,,,0.416667,20.0,28.0,0.0,0.0,0.0,8.0,41.3022,9.39662,57.5657,31.2153,26.2016,209.613,0.000961148,32,,0.625,41.3022
eval_probe,,prb_w_escalon_r08_n048_est_i3,random,reward00,2,,,,,,,,,0.5,24.0,24.0,0.0,0.0,0.0,8.0,48.0444,9.33498,60.9594,35.3266,23.9675,191.74,0.000957611,31,,0.774194,48.0444
eval_probe,,prb_w_escalon_r08_n048_est_i3,random,reward00,3,,,,,,,,,0.3125,15.0,33.0,0.0,0.0,0.0,8.0,48.3607,5.36218,60.2561,42.8303,19.4617,155.693,0.00888779,24,,0.625,48.3608
eval_probe,,prb_w_espera_r04_n024_det_i1,cbaa,reward00,1,,,,,,,,,0.375,9.0,15.0,0.0,0.0,0.0,4.0,30.6954,35.9729,68.9185,0.0,7.97615,31.9046,0.000520258,9,,1.0,30.6954
eval_probe,,prb_w_espera_r04_n024_det_i1,cbaa,reward00,2,,,,,,,,,0.375,9.0,15.0,0.0,0.0,0.0,4.0,30.6954,35.9729,68.9185,0.0,7.97615,31.9046,0.00049434,9,,1.0,30.6954
eval_probe,,prb_w_espera_r04_n024_det_i1,cbaa,reward00,3,,,,,,,,,0.375,9.0,15.0,0.0,0.0,0.0,4.0,30.6954,35.9729,68.9185,0.0,7.97615,31.9046,0.0005061,9,,1.0,30.6954
eval_probe,,prb_w_espera_r04_n024_det_i1,cbba,reward00,1,,,,,,,,,0.666667,16.0,8.0,0.0,0.0,0.0,4.0,57.0645,4.20546,62.3268,52.13,13.0692,52.2768,0.00203817,16,,1.0,57.0645
eval_probe,,prb_w_espera_r04_n024_det_i1,cbba,reward00,2,,,,,,,,,0.666667,16.0,8.0,0.0,0.0,0.0,4.0,57.0645,4.20546,62.3268,52.13,13.0692,52.2768,0.00204725,16,,1.0,57.0645
eval_probe,,prb_w_espera_r04_n024_det_i1,cbba,reward00,3,,,,,,,,,0.666667,16.0,8.0,0.0,0.0,0.0,4.0,57.0645,4.20546,62.3268,52.13,13.0692,52.2768,0.00204179,16,,1.0,57.0645
eval_probe,,prb_w_espera_r04_n024_det_i1,dec-mcts-v4-g9999,reward00,1,,,,,,,,,0.708333,17.0,7.0,0.0,0.0,0.0,4.0,62.2706,1.78781,64.9128,61.1413,16.8177,67.2709,4.4756,17,,1.0,62.2706
eval_probe,,prb_w_espera_r04_n024_det_i1,dec-mcts-v4-g9999,reward00,2,,,,,,,,,0.708333,17.0,7.0,0.0,0.0,0.0,4.0,62.5035,5.09066,69.64,57.5946,15.802,63.208,4.16918,17,,1.0,62.5035
eval_probe,,prb_w_espera_r04_n024_det_i1,dec-mcts-v4-g9999,reward00,3,,,,,,,,,0.75,18.0,6.0,0.0,0.0,0.0,4.0,64.8732,2.90252,67.3243,60.6689,16.1038,64.4152,4.21118,18,,1.0,64.8732
eval_probe,,prb_w_espera_r04_n024_det_i1,greedy,reward00,1,,,,,,,,,0.583333,14.0,10.0,0.0,0.0,0.0,4.0,61.7895,3.58324,66.4556,57.9025,13.1989,52.7955,0.000923864,14,,1.0,61.7896
eval_probe,,prb_w_espera_r04_n024_det_i1,greedy,reward00,2,,,,,,,,,0.583333,14.0,10.0,0.0,0.0,0.0,4.0,61.7895,3.58324,66.4556,57.9025,13.1989,52.7955,0.000596903,14,,1.0,61.7896
eval_probe,,prb_w_espera_r04_n024_det_i1,greedy,reward00,3,,,,,,,,,0.583333,14.0,10.0,0.0,0.0,0.0,4.0,61.7895,3.58324,66.4556,57.9025,13.1989,52.7955,0.000543756,14,,1.0,61.7896
eval_probe,,prb_w_espera_r04_n024_det_i1,random,reward00,1,,,,,,,,,0.416667,10.0,14.0,0.0,0.0,0.0,4.0,59.9125,4.86025,66.5079,55.2331,20.3759,81.5037,0.000649754,10,,1.0,59.9125
eval_probe,,prb_w_espera_r04_n024_det_i1,random,reward00,2,,,,,,,,,0.375,9.0,15.0,0.0,0.0,0.0,4.0,57.4004,2.79113,59.9356,54.3172,24.0919,96.3676,0.000753085,9,,1.0,57.4004
eval_probe,,prb_w_espera_r04_n024_det_i1,random,reward00,3,,,,,,,,,0.458333,11.0,13.0,0.0,0.0,0.0,4.0,59.6658,5.2042,66.5555,55.5156,25.4715,101.886,0.000918616,11,,1.0,59.6658
eval_probe,,prb_w_espera_r04_n024_det_i2,cbaa,reward00,1,,,,,,,,,0.416667,10.0,14.0,0.0,0.0,0.0,4.0,31.7425,36.6559,64.0359,0.0,6.74253,26.9701,0.000452842,10,,1.0,31.7425
eval_probe,,prb_w_espera_r04_n024_det_i2,cbaa,reward00,2,,,,,,,,,0.416667,10.0,14.0,0.0,0.0,0.0,4.0,31.7425,36.6559,64.0359,0.0,6.74253,26.9701,0.000456886,10,,1.0,31.7425
eval_probe,,prb_w_espera_r04_n024_det_i2,cbaa,reward00,3,,,,,,,,,0.416667,10.0,14.0,0.0,0.0,0.0,4.0,31.7425,36.6559,64.0359,0.0,6.74253,26.9701,0.0005748,10,,1.0,31.7425
eval_probe,,prb_w_espera_r04_n024_det_i2,cbba,reward00,1,,,,,,,,,0.75,18.0,6.0,0.0,0.0,0.0,4.0,60.3059,4.21914,64.0359,54.64,12.7441,50.9765,0.00141152,18,,1.0,60.3059
eval_probe,,prb_w_espera_r04_n024_det_i2,cbba,reward00,2,,,,,,,,,0.75,18.0,6.0,0.0,0.0,0.0,4.0,60.3059,4.21914,64.0359,54.64,12.7441,50.9765,0.00137966,18,,1.0,60.3059
eval_probe,,prb_w_espera_r04_n024_det_i2,cbba,reward00,3,,,,,,,,,0.75,18.0,6.0,0.0,0.0,0.0,4.0,60.3059,4.21914,64.0359,54.64,12.7441,50.9765,0.00213546,18,,1.0,60.3059
eval_probe,,prb_w_espera_r04_n024_det_i2,dec-mcts-v4-g9999,reward00,1,,,,,,,,,0.666667,16.0,8.0,0.0,0.0,0.0,4.0,60.9312,2.99854,63.7013,56.9037,17.9387,71.7549,3.95619,16,,1.0,60.9312
eval_probe,,prb_w_espera_r04_n024_det_i2,dec-mcts-v4-g9999,reward00,2,,,,,,,,,0.75,18.0,6.0,0.0,0.0,0.0,4.0,61.5231,3.83646,66.1025,57.8606,14.2673,57.0693,3.63065,18,,1.0,61.5231
eval_probe,,prb_w_espera_r04_n024_det_i2,dec-mcts-v4-g9999,reward00,3,,,,,,,,,0.708333,17.0,7.0,0.0,0.0,0.0,4.0,62.1878,5.49993,67.9588,55.0034,18.0116,72.0465,3.23522,17,,1.0,62.1878
eval_probe,,prb_w_espera_r04_n024_det_i2,greedy,reward00,1,,,,,,,,,0.458333,11.0,13.0,0.0,0.0,0.0,4.0,63.0323,2.76059,64.5868,58.9025,9.82049,39.282,0.000456684,11,,1.0,63.0323
eval_probe,,prb_w_espera_r04_n024_det_i2,greedy,reward00,2,,,,,,,,,0.458333,11.0,13.0,0.0,0.0,0.0,4.0,63.0323,2.76059,64.5868,58.9025,9.82049,39.282,0.000473245,11,,1.0,63.0323
eval_probe,,prb_w_espera_r04_n024_det_i2,greedy,reward00,3,,,,,,,,,0.458333,11.0,13.0,0.0,0.0,0.0,4.0,63.0323,2.76059,64.5868,58.9025,9.82049,39.282,0.000664881,11,,1.0,63.0323
eval_probe,,prb_w_espera_r04_n024_det_i2,random,reward00,1,,,,,,,,,0.375,9.0,15.0,0.0,0.0,0.0,4.0,62.2039,4.08115,66.6954,57.22,16.2492,64.9968,0.000433563,9,,1.0,62.2039
eval_probe,,prb_w_espera_r04_n024_det_i2,random,reward00,2,,,,,,,,,0.291667,7.0,17.0,0.0,0.0,0.0,4.0,60.4038,5.53037,68.6118,56.99,24.7379,98.9514,0.000398447,7,,1.0,60.4038
eval_probe,,prb_w_espera_r04_n024_det_i2,random,reward00,3,,,,,,,,,0.375,9.0,15.0,0.0,0.0,0.0,4.0,61.8404,3.58016,66.6954,58.7056,18.1391,72.5566,0.000344547,9,,1.0,61.8404
eval_probe,,prb_w_espera_r04_n024_det_i3,cbaa,reward00,1,,,,,,,,,0.416667,10.0,14.0,0.0,0.0,0.0,4.0,31.5393,36.4204,63.5403,0.0,6.53927,26.1571,0.00142772,10,,1.0,31.5393
eval_probe,,prb_w_espera_r04_n024_det_i3,cbaa,reward00,2,,,,,,,,,0.416667,10.0,14.0,0.0,0.0,0.0,4.0,31.5393,36.4204,63.5403,0.0,6.53927,26.1571,0.000783454,10,,1.0,31.5393
eval_probe,,prb_w_espera_r04_n024_det_i3,cbaa,reward00,3,,,,,,,,,0.416667,10.0,14.0,0.0,0.0,0.0,4.0,31.5393,36.4204,63.5403,0.0,6.53927,26.1571,0.000761384,10,,1.0,31.5393
eval_probe,,prb_w_espera_r04_n024_det_i3,cbba,reward00,1,,,,,,,,,0.75,18.0,6.0,0.0,0.0,0.0,4.0,62.0706,3.5832,65.0069,56.899,12.5357,50.143,0.0022914,18,,1.0,62.0706
eval_probe,,prb_w_espera_r04_n024_det_i3,cbba,reward00,2,,,,,,,,,0.75,18.0,6.0,0.0,0.0,0.0,4.0,62.0706,3.5832,65.0069,56.899,12.5357,50.143,0.00225082,18,,1.0,62.0706
eval_probe,,prb_w_espera_r04_n024_det_i3,cbba,reward00,3,,,,,,,,,0.75,18.0,6.0,0.0,0.0,0.0,4.0,62.0706,3.5832,65.0069,56.899,12.5357,50.143,0.00228358,18,,1.0,62.0706
eval_probe,,prb_w_espera_r04_n024_det_i3,dec-mcts-v4-g9999,reward00,1,,,,,,,,,0.666667,16.0,8.0,0.0,0.0,0.0,4.0,64.1363,2.3845,67.6603,62.4769,20.3795,81.5178,4.58009,16,,1.0,64.1363
eval_probe,,prb_w_espera_r04_n024_det_i3,dec-mcts-v4-g9999,reward00,2,,,,,,,,,0.708333,17.0,7.0,0.0,0.0,0.0,4.0,63.5121,5.15882,67.3671,55.9097,17.2553,69.0212,4.66857,17,,1.0,63.5121
eval_probe,,prb_w_espera_r04_n024_det_i3,dec-mcts-v4-g9999,reward00,3,,,,,,,,,0.75,18.0,6.0,0.0,0.0,0.0,4.0,65.0528,4.30643,68.7709,60.3174,17.4903,69.9613,4.63753,18,,1.0,65.0528
eval_probe,,prb_w_espera_r04_n024_det_i3,greedy,reward00,1,,,,,,,,,0.458333,11.0,13.0,0.0,0.0,0.0,4.0,58.5163,0.459212,59.0497,57.9356,14.2587,57.0349,0.00046317,11,,1.0,58.5163
eval_probe,,prb_w_espera_r04_n024_det_i3,greedy,reward00,2,,,,,,,,,0.458333,11.0,13.0,0.0,0.0,0.0,4.0,58.5163,0.459212,59.0497,57.9356,14.5026,58.0103,0.000741277,11,,1.0,58.5163
eval_probe,,prb_w_espera_r04_n024_det_i3,greedy,reward00,3,,,,,,,,,0.458333,11.0,13.0,0.0,0.0,0.0,4.0,58.5163,0.459212,59.0497,57.9356,14.2587,57.0349,0.000726749,11,,1.0,58.5163
eval_probe,,prb_w_espera_r04_n024_det_i3,random,reward00,1,,,,,,,,,0.375,9.0,15.0,0.0,0.0,0.0,4.0,60.6316,1.91552,62.5444,58.4721,13.3303,53.3214,0.000650569,9,,1.0,60.6316
eval_probe,,prb_w_espera_r04_n024_det_i3,random,reward00,2,,,,,,,,,0.458333,11.0,13.0,0.0,0.0,0.0,4.0,61.5959,3.06752,65.8034,58.47,22.9752,91.9006,0.000510706,11,,1.0,61.5959
eval_probe,,prb_w_espera_r04_n024_det_i3,random,reward00,3,,,,,,,,,0.375,9.0,15.0,0.0,0.0,0.0,4.0,60.7875,2.31527,63.0,58.47,24.4719,97.8878,0.000403258,9,,1.0,60.7875
eval_probe,,prb_w_espera_r04_n024_est_i1,cbaa,reward00,1,,,,,,,,,0.125,3.0,21.0,0.0,0.0,0.0,4.0,16.1236,32.2472,64.4944,0.0,3.33686,13.3474,0.000500335,4,,0.75,16.1236
eval_probe,,prb_w_espera_r04_n024_est_i1,cbaa,reward00,2,,,,,,,,,0.208333,5.0,19.0,0.0,0.0,0.0,4.0,15.5191,31.0382,62.0764,0.0,6.67722,26.7089,0.000801124,8,,0.625,15.5191
eval_probe,,prb_w_espera_r04_n024_est_i1,cbaa,reward00,3,,,,,,,,,0.208333,5.0,19.0,0.0,0.0,0.0,4.0,19.9278,39.8556,79.7113,0.0,4.12048,16.4819,0.000849578,7,,0.714286,19.9278
eval_probe,,prb_w_espera_r04_n024_est_i1,cbba,reward00,1,,,,,,,,,0.541667,13.0,11.0,0.0,0.0,0.0,4.0,68.8415,10.1837,79.6432,59.2906,17.4086,69.6343,0.00374901,21,,0.619048,68.8415
eval_probe,,prb_w_espera_r04_n024_est_i1,cbba,reward00,2,,,,,,,,,0.541667,13.0,11.0,0.0,0.0,0.0,4.0,62.816,3.9327,66.5861,57.2931,11.7978,47.1911,0.00304102,16,,0.8125,62.816
eval_probe,,prb_w_espera_r04_n024_est_i1,cbba,reward00,3,,,,,,,,,0.541667,13.0,11.0,0.0,0.0,0.0,4.0,58.5798,6.082,65.3819,50.6026,13.3756,53.5023,0.00323063,18,,0.722222,58.5798
eval_probe,,prb_w_espera_r04_n024_est_i1,dec-mcts-v4-g9999,reward00,1,,,,,,,,,0.458333,11.0,13.0,0.0,0.0,0.0,4.0,63.3545,6.29306,69.1443,57.4559,19.2067,76.8266,7.97507,16,,0.6875,63.3545
eval_probe,,prb_w_espera_r04_n024_est_i1,dec-mcts-v4-g9999,reward00,2,,,,,,,,,0.5,12.0,12.0,0.0,0.0,0.0,4.0,68.9212,8.39106,79.1006,58.9828,15.3625,61.4499,6.00768,13,,0.923077,68.9212
eval_probe,,prb_w_espera_r04_n024_est_i1,dec-mcts-v4-g9999,reward00,3,,,,,,,,,0.5,12.0,12.0,0.0,0.0,0.0,4.0,61.9715,5.41534,69.4462,56.7842,20.5628,82.2513,5.9743,17,,0.705882,61.9715
eval_probe,,prb_w_espera_r04_n024_est_i1,greedy,reward00,1,,,,,,,,,0.416667,10.0,14.0,0.0,0.0,0.0,4.0,61.9032,3.05161,66.2041,59.489,11.9556,47.8223,0.00105552,14,,0.714286,61.9032
eval_probe,,prb_w_espera_r04_n024_est_i1,greedy,reward00,2,,,,,,,,,0.583333,14.0,10.0,0.0,0.0,0.0,4.0,62.9176,2.75066,66.328,60.5533,13.726,54.904,0.00250553,17,,0.823529,62.9176
eval_probe,,prb_w_espera_r04_n024_est_i1,greedy,reward00,3,,,,,,,,,0.375,9.0,15.0,0.0,0.0,0.0,4.0,61.1687,2.89629,65.2181,58.4519,12.3223,49.2894,0.000979806,16,,0.5625,61.1686
eval_probe,,prb_w_espera_r04_n024_est_i1,random,reward00,1,,,,,,,,,0.25,6.0,18.0,0.0,0.0,0.0,4.0,63.9908,5.13669,69.029,59.1459,20.7193,82.8773,0.00083922,12,,0.5,63.9908
eval_probe,,prb_w_espera_r04_n024_est_i1,random,reward00,2,,,,,,,,,0.291667,7.0,17.0,0.0,0.0,0.0,4.0,66.7278,4.19446,69.5025,60.54,20.8241,83.2964,0.000954013,10,,0.7,66.7278
eval_probe,,prb_w_espera_r04_n024_est_i1,random,reward00,3,,,,,,,,,0.333333,8.0,16.0,0.0,0.0,0.0,4.0,66.1362,8.87341,77.9361,58.6497,20.4623,81.8491,0.000643591,11,,0.727273,66.1362
eval_probe,,prb_w_espera_r04_n024_est_i2,cbaa,reward00,1,,,,,,,,,0.458333,11.0,13.0,0.0,0.0,0.0,4.0,42.2774,24.39,70.4661,15.362,11.1025,44.4102,0.000970134,16,,0.6875,42.2774
eval_probe,,prb_w_espera_r04_n024_est_i2,cbaa,reward00,2,,,,,,,,,0.666667,16.0,8.0,0.0,0.0,0.0,4.0,61.5361,8.42904,73.6755,54.1694,11.8965,47.5861,0.00103105,20,,0.8,61.5361
eval_probe,,prb_w_espera_r04_n024_est_i2,cbaa,reward00,3,,,,,,,,,0.25,6.0,18.0,0.0,0.0,0.0,4.0,32.1893,27.9846,59.105,6.33937,9.46874,37.8749,0.000774174,9,,0.666667,32.1893
eval_probe,,prb_w_espera_r04_n024_est_i2,cbba,reward00,1,,,,,,,,,0.583333,14.0,10.0,0.0,0.0,0.0,4.0,59.6708,4.7408,66.7417,56.857,10.7924,43.1697,0.00284621,16,,0.875,59.6708
eval_probe,,prb_w_espera_r04_n024_est_i2,cbba,reward00,2,,,,,,,,,0.708333,17.0,7.0,0.0,0.0,0.0,4.0,57.3221,2.60315,60.5975,55.1895,12.7062,50.8249,0.00141188,19,,0.894737,57.3221
eval_probe,,prb_w_espera_r04_n024_est_i2,cbba,reward00,3,,,,,,,,,0.75,18.0,6.0,0.0,0.0,0.0,4.0,66.5992,15.5641,83.4119,51.1706,12.9558,51.8232,0.00290541,23,,0.782609,66.5992
eval_probe,,prb_w_espera_r04_n024_est_i2,dec-mcts-v4-g9999,reward00,1,,,,,,,,,0.583333,14.0,10.0,0.0,0.0,0.0,4.0,64.9125,5.32745,71.8422,60.718,18.2723,73.0891,5.37941,16,,0.875,64.9125
eval_probe,,prb_w_espera_r04_n024_est_i2,dec-mcts-v4-g9999,reward00,2,,,,,,,,,0.625,15.0,9.0,0.0,0.0,0.0,4.0,72.8235,13.7707,90.84,61.2023,19.8893,79.5572,5.36049,17,,0.882353,72.8235
eval_probe,,prb_w_espera_r04_n024_est_i2,dec-mcts-v4-g9999,reward00,3,,,,,,,,,0.625,15.0,9.0,0.0,0.0,0.0,4.0,59.577,6.27409,67.6658,52.5277,22.2374,88.9497,5.4779,17,,0.882353,59.577
eval_probe,,prb_w_espera_r04_n024_est_i2,greedy,reward00,1,,,,,,,,,0.416667,10.0,14.0,0.0,0.0,0.0,4.0,66.5724,9.80304,75.1327,57.7362,9.40379,37.6152,0.00080382,12,,0.833333,66.5724
eval_probe,,prb_w_espera_r04_n024_est_i2,greedy,reward00,2,,,,,,,,,0.541667,13.0,11.0,0.0,0.0,0.0,4.0,70.8831,10.4803,81.3641,58.1262,12.6733,50.693,0.000870569,16,,0.8125,70.8831
eval_probe,,prb_w_espera_r04_n024_est_i2,greedy,reward00,3,,,,,,,,,0.625,15.0,9.0,0.0,0.0,0.0,4.0,59.593,3.54526,64.7742,56.7731,13.3848,53.5393,0.000934235,18,,0.833333,59.593
eval_probe,,prb_w_espera_r04_n024_est_i2,random,reward00,1,,,,,,,,,0.291667,7.0,17.0,0.0,0.0,0.0,4.0,59.7795,8.4893,72.4484,54.44,32.5071,130.029,0.000903123,13,,0.538462,59.7795
eval_probe,,prb_w_espera_r04_n024_est_i2,random,reward00,2,,,,,,,,,0.375,9.0,15.0,0.0,0.0,0.0,4.0,64.2614,11.8355,78.3443,54.1148,25.2341,100.937,0.000874883,14,,0.642857,64.2614
eval_probe,,prb_w_espera_r04_n024_est_i2,random,reward00,3,,,,,,,,,0.375,9.0,15.0,0.0,0.0,0.0,4.0,59.2918,6.71069,69.3177,55.3697,30.3694,121.478,0.000788264,12,,0.75,59.2918
eval_probe,,prb_w_espera_r04_n024_est_i3,cbaa,reward00,1,,,,,,,,,0.5,12.0,12.0,0.0,0.0,0.0,4.0,30.4379,35.505,67.0377,0.0,9.85518,39.4207,0.00103899,17,,0.705882,30.438
eval_probe,,prb_w_espera_r04_n024_est_i3,cbaa,reward00,2,,,,,,,,,0.375,9.0,15.0,0.0,0.0,0.0,4.0,30.0929,34.7859,62.1658,0.0,7.52584,30.1033,0.000631735,11,,0.818182,30.093
eval_probe,,prb_w_espera_r04_n024_est_i3,cbaa,reward00,3,,,,,,,,,0.541667,13.0,11.0,0.0,0.0,0.0,4.0,33.4307,38.6841,69.9369,0.0,9.47466,37.8986,0.000664734,16,,0.8125,33.4307
eval_probe,,prb_w_espera_r04_n024_est_i3,cbba,reward00,1,,,,,,,,,0.833333,20.0,4.0,0.0,0.0,0.0,4.0,61.6025,5.86421,68.6382,54.4186,15.1247,60.4986,0.00172744,21,,0.952381,61.6025
eval_probe,,prb_w_espera_r04_n024_est_i3,cbba,reward00,2,,,,,,,,,0.625,15.0,9.0,0.0,0.0,0.0,4.0,70.8591,5.81398,75.4928,62.9752,15.5429,62.1717,0.00188688,19,,0.789474,70.8591
eval_probe,,prb_w_espera_r04_n024_est_i3,cbba,reward00,3,,,,,,,,,0.5,12.0,12.0,0.0,0.0,0.0,4.0,57.4606,5.08529,65.0841,54.6967,14.603,58.4121,0.0019279,18,,0.666667,57.4605
eval_probe,,prb_w_espera_r04_n024_est_i3,dec-mcts-v4-g9999,reward00,1,,,,,,,,,0.666667,16.0,8.0,0.0,0.0,0.0,4.0,58.8562,1.37147,60.2638,57.2814,18.7917,75.1668,4.96894,19,,0.842105,58.8562
eval_probe,,prb_w_espera_r04_n024_est_i3,dec-mcts-v4-g9999,reward00,2,,,,,,,,,0.5,12.0,12.0,0.0,0.0,0.0,4.0,60.7061,9.87656,72.6313,52.1273,15.4746,61.8982,5.43959,15,,0.8,60.7061
eval_probe,,prb_w_espera_r04_n024_est_i3,dec-mcts-v4-g9999,reward00,3,,,,,,,,,0.583333,14.0,10.0,0.0,0.0,0.0,4.0,56.7137,5.58184,63.7451,50.3075,19.57,78.2799,5.23878,16,,0.875,56.7137
eval_probe,,prb_w_espera_r04_n024_est_i3,greedy,reward00,1,,,,,,,,,0.583333,14.0,10.0,0.0,0.0,0.0,4.0,69.0808,9.26103,79.0853,59.451,11.6604,46.6415,0.000774117,16,,0.875,69.0808
eval_probe,,prb_w_espera_r04_n024_est_i3,greedy,reward00,2,,,,,,,,,0.5,12.0,12.0,0.0,0.0,0.0,4.0,67.2757,6.91993,75.5904,58.7256,14.6615,58.6461,0.000542416,16,,0.75,67.2757
eval_probe,,prb_w_espera_r04_n024_est_i3,greedy,reward00,3,,,,,,,,,0.375,9.0,15.0,0.0,0.0,0.0,4.0,63.387,2.97772,65.8998,59.2231,11.7681,47.0724,0.000470143,11,,0.818182,63.387
eval_probe,,prb_w_espera_r04_n024_est_i3,random,reward00,1,,,,,,,,,0.25,6.0,18.0,0.0,0.0,0.0,4.0,60.8104,6.78356,70.9419,56.66,25.1062,100.425,0.000767801,11,,0.545455,60.8104
eval_probe,,prb_w_espera_r04_n024_est_i3,random,reward00,2,,,,,,,,,0.291667,7.0,17.0,0.0,0.0,0.0,4.0,73.6244,5.77544,81.3674,67.4711,17.5961,70.3843,0.000614185,9,,0.777778,73.6244
eval_probe,,prb_w_espera_r04_n024_est_i3,random,reward00,3,,,,,,,,,0.375,9.0,15.0,0.0,0.0,0.0,4.0,66.5583,5.4002,72.3272,59.3149,15.6709,62.6834,0.000590134,9,,1.0,66.5583
eval_probe,,prb_w_espera_r08_n048_det_i1,cbaa,reward00,1,,,,,,,,,0.416667,20.0,26.0,2.0,0.0,0.0,8.0,30.1398,32.2264,61.0918,0.0,5.13984,41.1187,0.00165746,20,,1.0,30.1398
eval_probe,,prb_w_espera_r08_n048_det_i1,cbaa,reward00,2,,,,,,,,,0.416667,20.0,26.0,2.0,0.0,0.0,8.0,30.1398,32.2264,61.0918,0.0,5.13984,41.1187,0.00149312,20,,1.0,30.1398
eval_probe,,prb_w_espera_r08_n048_det_i1,cbaa,reward00,3,,,,,,,,,0.416667,20.0,26.0,2.0,0.0,0.0,8.0,30.1398,32.2264,61.0918,0.0,5.13984,41.1187,0.00156546,20,,1.0,30.1398
eval_probe,,prb_w_espera_r08_n048_det_i1,cbba,reward00,1,,,,,,,,,0.833333,40.0,8.0,0.0,0.0,0.0,8.0,60.8337,0.94735,62.1598,59.3295,10.6956,85.565,0.0125442,40,,1.0,60.8337
eval_probe,,prb_w_espera_r08_n048_det_i1,cbba,reward00,2,,,,,,,,,0.833333,40.0,8.0,0.0,0.0,0.0,8.0,60.8337,0.94735,62.1598,59.3295,10.6956,85.565,0.0169748,40,,1.0,60.8337
eval_probe,,prb_w_espera_r08_n048_det_i1,cbba,reward00,3,,,,,,,,,0.833333,40.0,8.0,0.0,0.0,0.0,8.0,60.8337,0.94735,62.1598,59.3295,10.6956,85.565,0.0123327,40,,1.0,60.8337
eval_probe,,prb_w_espera_r08_n048_det_i1,dec-mcts-v4-g9999,reward00,1,,,,,,,,,0.8125,39.0,9.0,0.0,0.0,0.0,8.0,66.9245,1.69982,69.7407,65.1855,17.5657,140.525,29.1408,39,,1.0,66.9245
eval_probe,,prb_w_espera_r08_n048_det_i1,dec-mcts-v4-g9999,reward00,2,,,,,,,,,0.8125,39.0,9.0,0.0,0.0,0.0,8.0,65.096,2.75741,68.8956,60.3561,15.6219,124.975,30.6931,39,,1.0,65.096
eval_probe,,prb_w_espera_r08_n048_det_i1,dec-mcts-v4-g9999,reward00,3,,,,,,,,,0.833333,40.0,8.0,0.0,0.0,0.0,8.0,66.551,2.25775,69.7785,63.4226,16.2518,130.014,29.3761,40,,1.0,66.551
eval_probe,,prb_w_espera_r08_n048_det_i1,greedy,reward00,1,,,,,,,,,0.583333,28.0,20.0,0.0,0.0,0.0,8.0,63.2754,3.16466,68.1398,59.5373,10.4543,83.6343,0.0012427,28,,1.0,63.2754
eval_probe,,prb_w_espera_r08_n048_det_i1,greedy,reward00,2,,,,,,,,,0.583333,28.0,20.0,0.0,0.0,0.0,8.0,63.2754,3.16466,68.1398,59.5373,10.4543,83.6343,0.00125548,28,,1.0,63.2754
eval_probe,,prb_w_espera_r08_n048_det_i1,greedy,reward00,3,,,,,,,,,0.583333,28.0,20.0,0.0,0.0,0.0,8.0,63.2754,3.16466,68.1398,59.5373,10.4543,83.6343,0.00115747,28,,1.0,63.2754
eval_probe,,prb_w_espera_r08_n048_det_i1,random,reward00,1,,,,,,,,,0.5,24.0,24.0,0.0,0.0,0.0,8.0,63.6014,4.55289,68.7169,56.6523,19.2814,154.252,0.00179704,24,,1.0,63.6014
eval_probe,,prb_w_espera_r08_n048_det_i1,random,reward00,2,,,,,,,,,0.5,24.0,24.0,0.0,0.0,0.0,8.0,63.6339,3.41227,67.0891,59.0631,25.8417,206.734,0.00168937,24,,1.0,63.6339
eval_probe,,prb_w_espera_r08_n048_det_i1,random,reward00,3,,,,,,,,,0.4375,21.0,27.0,0.0,0.0,0.0,8.0,63.8992,4.10665,69.549,60.4556,23.7987,190.39,0.00100335,21,,1.0,63.8992
eval_probe,,prb_w_espera_r08_n048_det_i2,cbaa,reward00,1,,,,,,,,,0.416667,20.0,28.0,0.0,0.0,0.0,8.0,30.5396,32.6503,61.6255,0.0,5.5396,44.3168,0.0024237,20,,1.0,30.5396
eval_probe,,prb_w_espera_r08_n048_det_i2,cbaa,reward00,2,,,,,,,,,0.416667,20.0,28.0,0.0,0.0,0.0,8.0,30.5396,32.6503,61.6255,0.0,5.5396,44.3168,0.00219281,20,,1.0,30.5396
eval_probe,,prb_w_espera_r08_n048_det_i2,cbaa,reward00,3,,,,,,,,,0.416667,20.0,28.0,0.0,0.0,0.0,8.0,30.5396,32.6503,61.6255,0.0,5.5396,44.3168,0.00235206,20,,1.0,30.5396
eval_probe,,prb_w_espera_r08_n048_det_i2,cbba,reward00,1,,,,,,,,,0.770833,37.0,11.0,0.0,0.0,0.0,8.0,60.0929,2.03379,61.2332,55.1398,10.7173,85.7386,0.0234214,37,,1.0,60.0929
eval_probe,,prb_w_espera_r08_n048_det_i2,cbba,reward00,2,,,,,,,,,0.770833,37.0,11.0,0.0,0.0,0.0,8.0,60.0929,2.03379,61.2332,55.1398,10.7173,85.7386,0.0225865,37,,1.0,60.0929
eval_probe,,prb_w_espera_r08_n048_det_i2,cbba,reward00,3,,,,,,,,,0.770833,37.0,11.0,0.0,0.0,0.0,8.0,60.0929,2.03379,61.2332,55.1398,10.7173,85.7386,0.0224172,37,,1.0,60.0929
eval_probe,,prb_w_espera_r08_n048_det_i2,dec-mcts-v4-g9999,reward00,1,,,,,,,,,0.8125,39.0,9.0,0.0,0.0,0.0,8.0,65.2193,2.03321,67.2656,62.0184,14.977,119.816,29.8121,39,,1.0,65.2193
eval_probe,,prb_w_espera_r08_n048_det_i2,dec-mcts-v4-g9999,reward00,2,,,,,,,,,0.791667,38.0,10.0,0.0,0.0,0.0,8.0,64.7775,3.01235,68.8732,61.2664,15.2433,121.946,26.6819,38,,1.0,64.7775
eval_probe,,prb_w_espera_r08_n048_det_i2,dec-mcts-v4-g9999,reward00,3,,,,,,,,,0.791667,38.0,10.0,0.0,0.0,0.0,8.0,63.884,2.00113,66.6867,59.6959,14.8747,118.997,26.5784,38,,1.0,63.884
eval_probe,,prb_w_espera_r08_n048_det_i2,greedy,reward00,1,,,,,,,,,0.520833,25.0,23.0,0.0,0.0,0.0,8.0,64.1576,4.26259,68.5024,56.6863,12.3892,99.1135,0.00286679,25,,1.0,64.1576
eval_probe,,prb_w_espera_r08_n048_det_i2,greedy,reward00,2,,,,,,,,,0.520833,25.0,23.0,0.0,0.0,0.0,8.0,64.1576,4.26259,68.5024,56.6863,12.3892,99.1135,0.00195299,25,,1.0,64.1576
eval_probe,,prb_w_espera_r08_n048_det_i2,greedy,reward00,3,,,,,,,,,0.520833,25.0,23.0,0.0,0.0,0.0,8.0,64.1576,4.26259,68.5024,56.6863,12.3892,99.1135,0.00297261,25,,1.0,64.1576
eval_probe,,prb_w_espera_r08_n048_det_i2,random,reward00,1,,,,,,,,,0.395833,19.0,29.0,0.0,0.0,0.0,8.0,59.6221,3.37808,66.0172,56.1565,25.9414,207.531,0.00178293,19,,1.0,59.6221
eval_probe,,prb_w_espera_r08_n048_det_i2,random,reward00,2,,,,,,,,,0.458333,22.0,26.0,0.0,0.0,0.0,8.0,61.8005,4.19417,66.9134,55.4,20.4203,163.363,0.00201886,22,,1.0,61.8004
eval_probe,,prb_w_espera_r08_n048_det_i2,random,reward00,3,,,,,,,,,0.395833,19.0,29.0,0.0,0.0,0.0,8.0,60.4722,3.28487,68.0896,57.3797,19.0809,152.647,0.00326354,19,,1.0,60.4722
eval_probe,,prb_w_espera_r08_n048_det_i3,cbaa,reward00,1,,,,,,,,,0.3125,15.0,33.0,0.0,0.0,0.0,8.0,22.937,31.6573,61.6432,0.0,4.18705,33.4964,0.00155839,15,,1.0,22.937
eval_probe,,prb_w_espera_r08_n048_det_i3,cbaa,reward00,2,,,,,,,,,0.3125,15.0,33.0,0.0,0.0,0.0,8.0,22.937,31.6573,61.6432,0.0,4.18705,33.4964,0.00220652,15,,1.0,22.937
eval_probe,,prb_w_espera_r08_n048_det_i3,cbaa,reward00,3,,,,,,,,,0.3125,15.0,33.0,0.0,0.0,0.0,8.0,22.937,31.6573,61.6432,0.0,4.18705,33.4964,0.0021441,15,,1.0,22.937
eval_probe,,prb_w_espera_r08_n048_det_i3,cbba,reward00,1,,,,,,,,,0.729167,35.0,13.0,0.0,0.0,0.0,8.0,60.067,5.3777,68.0222,53.6796,12.1273,97.0184,0.0285402,35,,1.0,60.067
eval_probe,,prb_w_espera_r08_n048_det_i3,cbba,reward00,2,,,,,,,,,0.729167,35.0,13.0,0.0,0.0,0.0,8.0,60.067,5.3777,68.0222,53.6796,12.1273,97.0184,0.0204288,35,,1.0,60.067
eval_probe,,prb_w_espera_r08_n048_det_i3,cbba,reward00,3,,,,,,,,,0.729167,35.0,13.0,0.0,0.0,0.0,8.0,60.067,5.3777,68.0222,53.6796,12.1273,97.0184,0.0209573,35,,1.0,60.067
eval_probe,,prb_w_espera_r08_n048_det_i3,dec-mcts-v4-g9999,reward00,1,,,,,,,,,0.729167,35.0,13.0,0.0,0.0,0.0,8.0,66.1544,2.8335,68.864,60.8496,19.5191,156.153,25.8467,35,,1.0,66.1543
eval_probe,,prb_w_espera_r08_n048_det_i3,dec-mcts-v4-g9999,reward00,2,,,,,,,,,0.729167,35.0,13.0,0.0,0.0,0.0,8.0,63.8649,4.25355,69.6161,57.1545,17.5085,140.068,27.1731,35,,1.0,63.8649
eval_probe,,prb_w_espera_r08_n048_det_i3,dec-mcts-v4-g9999,reward00,3,,,,,,,,,0.6875,33.0,15.0,0.0,0.0,0.0,8.0,63.1793,2.66106,66.8419,60.4434,19.6171,156.937,29.6311,33,,1.0,63.1793
eval_probe,,prb_w_espera_r08_n048_det_i3,greedy,reward00,1,,,,,,,,,0.458333,22.0,26.0,0.0,0.0,0.0,8.0,62.3171,3.05777,68.1066,59.61,10.2677,82.1413,0.00108146,22,,1.0,62.3171
eval_probe,,prb_w_espera_r08_n048_det_i3,greedy,reward00,2,,,,,,,,,0.458333,22.0,26.0,0.0,0.0,0.0,8.0,62.3171,3.05777,68.1066,59.61,10.2677,82.1413,0.00186048,22,,1.0,62.3171
eval_probe,,prb_w_espera_r08_n048_det_i3,greedy,reward00,3,,,,,,,,,0.458333,22.0,26.0,0.0,0.0,0.0,8.0,62.3171,3.05777,68.1066,59.61,10.2677,82.1413,0.00186701,22,,1.0,62.3171
eval_probe,,prb_w_espera_r08_n048_det_i3,random,reward00,1,,,,,,,,,0.354167,17.0,31.0,0.0,0.0,0.0,8.0,57.7282,1.99339,62.0704,55.4097,27.2065,217.652,0.00172304,17,,1.0,57.7282
eval_probe,,prb_w_espera_r08_n048_det_i3,random,reward00,2,,,,,,,,,0.375,18.0,30.0,0.0,0.0,0.0,8.0,62.2804,4.13776,69.349,57.5165,16.3203,130.563,0.0011075,18,,1.0,62.2804
eval_probe,,prb_w_espera_r08_n048_det_i3,random,reward00,3,,,,,,,,,0.354167,17.0,31.0,0.0,0.0,0.0,8.0,60.476,3.42905,65.9911,57.5165,22.1578,177.262,0.00110023,17,,1.0,60.476
eval_probe,,prb_w_espera_r08_n048_est_i1,cbaa,reward00,1,,,,,,,,,0.3125,15.0,33.0,0.0,0.0,0.0,8.0,18.3979,27.436,67.1271,0.0,5.19551,41.5641,0.0020931,23,,0.652174,18.3979
eval_probe,,prb_w_espera_r08_n048_est_i1,cbaa,reward00,2,,,,,,,,,0.354167,17.0,31.0,0.0,0.0,0.0,8.0,21.9617,30.3801,62.4228,0.0,5.55789,44.4631,0.00248806,24,,0.708333,21.9617
eval_probe,,prb_w_espera_r08_n048_est_i1,cbaa,reward00,3,,,,,,,,,0.270833,13.0,35.0,0.0,0.0,0.0,8.0,23.6784,32.7152,65.9504,0.0,4.29478,34.3582,0.00206621,14,,0.928571,23.6784
eval_probe,,prb_w_espera_r08_n048_est_i1,cbba,reward00,1,,,,,,,,,0.583333,28.0,20.0,0.0,0.0,0.0,8.0,62.4717,8.33988,79.8053,50.9602,13.3435,106.748,0.0312571,38,,0.736842,62.4717
eval_probe,,prb_w_espera_r08_n048_est_i1,cbba,reward00,2,,,,,,,,,0.729167,35.0,13.0,0.0,0.0,0.0,8.0,61.5608,7.02788,72.6926,52.1873,13.6961,109.569,0.0378529,45,,0.777778,61.5608
eval_probe,,prb_w_espera_r08_n048_est_i1,cbba,reward00,3,,,,,,,,,0.666667,32.0,16.0,0.0,0.0,0.0,8.0,62.2138,6.29695,72.6704,53.5101,13.7818,110.254,0.0411565,43,,0.744186,62.2138
eval_probe,,prb_w_espera_r08_n048_est_i1,dec-mcts-v4-g9999,reward00,1,,,,,,,,,0.625,30.0,18.0,0.0,0.0,0.0,8.0,65.5236,4.42467,71.5757,59.4895,21.0575,168.46,33.3767,35,,0.857143,65.5236
eval_probe,,prb_w_espera_r08_n048_est_i1,dec-mcts-v4-g9999,reward00,2,,,,,,,,,0.5625,27.0,21.0,0.0,0.0,0.0,8.0,62.6842,6.55691,75.1911,53.8367,20.7576,166.061,39.0404,32,,0.84375,62.6841
eval_probe,,prb_w_espera_r08_n048_est_i1,dec-mcts-v4-g9999,reward00,3,,,,,,,,,0.520833,25.0,23.0,0.0,0.0,0.0,8.0,65.8717,8.11444,81.7002,58.1688,23.7576,190.061,33.7047,40,,0.625,65.8717
eval_probe,,prb_w_espera_r08_n048_est_i1,greedy,reward00,1,,,,,,,,,0.458333,22.0,26.0,0.0,0.0,0.0,8.0,62.7053,9.47028,84.7887,56.2765,10.1703,81.3621,0.00189125,28,,0.785714,62.7053
eval_probe,,prb_w_espera_r08_n048_est_i1,greedy,reward00,2,,,,,,,,,0.458333,22.0,26.0,0.0,0.0,0.0,8.0,61.7774,3.45602,69.7073,58.8019,9.10739,72.8591,0.00185459,28,,0.785714,61.7774
eval_probe,,prb_w_espera_r08_n048_est_i1,greedy,reward00,3,,,,,,,,,0.583333,28.0,20.0,0.0,0.0,0.0,8.0,63.9972,5.02984,71.5985,57.1633,11.8835,95.0677,0.00207101,36,,0.777778,63.9971
eval_probe,,prb_w_espera_r08_n048_est_i1,random,reward00,1,,,,,,,,,0.3125,15.0,33.0,0.0,0.0,0.0,8.0,60.782,5.21598,72.0452,56.77,21.3057,170.445,0.00109291,20,,0.75,60.782
eval_probe,,prb_w_espera_r08_n048_est_i1,random,reward00,2,,,,,,,,,0.354167,17.0,31.0,0.0,0.0,0.0,8.0,63.2545,7.87232,74.8678,56.0679,21.7987,174.389,0.00193987,25,,0.68,63.2545
eval_probe,,prb_w_espera_r08_n048_est_i1,random,reward00,3,,,,,,,,,0.375,18.0,30.0,0.0,0.0,0.0,8.0,65.3171,8.91682,84.2182,56.8697,27.1377,217.101,0.00207167,26,,0.692308,65.3171
eval_probe,,prb_w_espera_r08_n048_est_i2,cbaa,reward00,1,,,,,,,,,0.520833,25.0,23.0,0.0,0.0,0.0,8.0,31.1861,33.5638,70.3992,0.0,6.73938,53.9151,0.00294012,32,,0.78125,31.1861
eval_probe,,prb_w_espera_r08_n048_est_i2,cbaa,reward00,2,,,,,,,,,0.354167,17.0,31.0,0.0,0.0,0.0,8.0,30.7351,33.6563,78.0442,0.0,5.66473,45.3179,0.00246464,24,,0.708333,30.7351
eval_probe,,prb_w_espera_r08_n048_est_i2,cbaa,reward00,3,,,,,,,,,0.291667,14.0,34.0,0.0,0.0,0.0,8.0,25.0571,32.4936,73.0,0.0,6.21511,49.7209,0.00234281,23,,0.608696,25.0571
eval_probe,,prb_w_espera_r08_n048_est_i2,cbba,reward00,1,,,,,,,,,0.645833,31.0,17.0,0.0,0.0,0.0,8.0,60.4167,8.24585,75.3685,50.6407,11.688,93.5037,0.0217931,41,,0.756098,60.4167
eval_probe,,prb_w_espera_r08_n048_est_i2,cbba,reward00,2,,,,,,,,,0.6875,33.0,15.0,0.0,0.0,0.0,8.0,63.379,10.2916,84.2582,54.0732,14.7065,117.652,0.0329336,45,,0.733333,63.379
eval_probe,,prb_w_espera_r08_n048_est_i2,cbba,reward00,3,,,,,,,,,0.520833,25.0,23.0,0.0,0.0,0.0,8.0,60.823,6.94769,76.2133,54.9009,15.1323,121.059,0.0348237,42,,0.595238,60.823
eval_probe,,prb_w_espera_r08_n048_est_i2,dec-mcts-v4-g9999,reward00,1,,,,,,,,,0.479167,23.0,25.0,0.0,0.0,0.0,8.0,59.0635,6.87811,70.2034,52.8712,20.0291,160.233,32.5457,38,,0.605263,59.0635
eval_probe,,prb_w_espera_r08_n048_est_i2,dec-mcts-v4-g9999,reward00,2,,,,,,,,,0.625,30.0,18.0,0.0,0.0,0.0,8.0,58.0791,5.5621,69.2895,53.1645,22.3571,178.857,32.6816,42,,0.714286,58.0791
eval_probe,,prb_w_espera_r08_n048_est_i2,dec-mcts-v4-g9999,reward00,3,,,,,,,,,0.645833,31.0,17.0,0.0,0.0,0.0,8.0,62.0137,9.78311,85.8943,56.2055,19.4781,155.825,36.0831,37,,0.837838,62.0137
eval_probe,,prb_w_espera_r08_n048_est_i2,greedy,reward00,1,,,,,,,,,0.5625,27.0,21.0,0.0,0.0,0.0,8.0,67.613,6.23015,74.4833,58.9333,11.5283,92.2266,0.00148645,33,,0.818182,67.613
eval_probe,,prb_w_espera_r08_n048_est_i2,greedy,reward00,2,,,,,,,,,0.520833,25.0,23.0,0.0,0.0,0.0,8.0,62.9203,6.47334,77.6534,57.0897,11.6986,93.5891,0.00160413,33,,0.757576,62.9203
eval_probe,,prb_w_espera_r08_n048_est_i2,greedy,reward00,3,,,,,,,,,0.333333,16.0,32.0,0.0,0.0,0.0,8.0,65.129,4.50322,70.0593,59.2956,12.5328,100.263,0.00119021,26,,0.615385,65.129
eval_probe,,prb_w_espera_r08_n048_est_i2,random,reward00,1,,,,,,,,,0.354167,17.0,31.0,0.0,0.0,0.0,8.0,61.2154,2.06618,64.9656,59.1497,19.2025,153.62,0.00146208,19,,0.894737,61.2154
eval_probe,,prb_w_espera_r08_n048_est_i2,random,reward00,2,,,,,,,,,0.354167,17.0,31.0,0.0,0.0,0.0,8.0,61.903,4.83462,70.9206,57.0897,21.5614,172.491,0.00171489,23,,0.73913,61.903
eval_probe,,prb_w_espera_r08_n048_est_i2,random,reward00,3,,,,,,,,,0.333333,16.0,32.0,0.0,0.0,0.0,8.0,64.7734,5.01437,72.4284,57.0897,22.8485,182.788,0.00169631,26,,0.615385,64.7734
eval_probe,,prb_w_espera_r08_n048_est_i3,cbaa,reward00,1,,,,,,,,,0.25,12.0,36.0,0.0,0.0,0.0,8.0,26.0912,36.3639,78.1934,0.0,4.30039,34.4031,0.0014325,14,,0.857143,26.0912
eval_probe,,prb_w_espera_r08_n048_est_i3,cbaa,reward00,2,,,,,,,,,0.25,12.0,36.0,0.0,0.0,0.0,8.0,22.5455,31.1441,62.5331,0.0,4.24467,33.9573,0.00190069,16,,0.75,22.5455
eval_probe,,prb_w_espera_r08_n048_est_i3,cbaa,reward00,3,,,,,,,,,0.333333,16.0,32.0,0.0,0.0,0.0,8.0,23.4638,32.4777,66.3877,0.0,4.47327,35.7862,0.00163503,18,,0.888889,23.4638
eval_probe,,prb_w_espera_r08_n048_est_i3,cbba,reward00,1,,,,,,,,,0.6875,33.0,15.0,0.0,0.0,0.0,8.0,64.6013,4.91821,71.0735,58.016,16.3785,131.028,0.0290374,45,,0.733333,64.6013
eval_probe,,prb_w_espera_r08_n048_est_i3,cbba,reward00,2,,,,,,,,,0.583333,28.0,20.0,0.0,0.0,0.0,8.0,67.0104,8.69092,83.7418,57.9644,14.1003,112.803,0.0294586,39,,0.717949,67.0104
eval_probe,,prb_w_espera_r08_n048_est_i3,cbba,reward00,3,,,,,,,,,0.729167,35.0,13.0,0.0,0.0,0.0,8.0,61.4075,7.6729,79.1818,54.934,13.4969,107.975,0.0265542,43,,0.813953,61.4075
eval_probe,,prb_w_espera_r08_n048_est_i3,dec-mcts-v4-g9999,reward00,1,,,,,,,,,0.458333,22.0,26.0,0.0,0.0,0.0,8.0,67.0313,12.3899,84.5833,56.1688,20.2004,161.603,36.6346,36,,0.611111,67.0312
eval_probe,,prb_w_espera_r08_n048_est_i3,dec-mcts-v4-g9999,reward00,2,,,,,,,,,0.458333,22.0,26.0,0.0,0.0,0.0,8.0,59.3152,5.24065,67.4392,53.7271,21.6145,172.916,34.9867,40,,0.55,59.3152
eval_probe,,prb_w_espera_r08_n048_est_i3,dec-mcts-v4-g9999,reward00,3,,,,,,,,,0.479167,23.0,25.0,0.0,0.0,0.0,8.0,62.7153,6.18811,71.1541,53.7766,18.5498,148.398,37.8033,32,,0.71875,62.7153
eval_probe,,prb_w_espera_r08_n048_est_i3,greedy,reward00,1,,,,,,,,,0.458333,22.0,26.0,0.0,0.0,0.0,8.0,65.3672,7.87182,81.4263,57.4633,12.6556,101.244,0.00160468,32,,0.6875,65.3672
eval_probe,,prb_w_espera_r08_n048_est_i3,greedy,reward00,2,,,,,,,,,0.458333,22.0,26.0,0.0,0.0,0.0,8.0,67.1242,5.80117,75.395,59.4838,12.4735,99.788,0.00151729,32,,0.6875,67.1242
eval_probe,,prb_w_espera_r08_n048_est_i3,greedy,reward00,3,,,,,,,,,0.541667,26.0,22.0,0.0,0.0,0.0,8.0,59.4581,2.90452,65.8518,56.7981,12.5661,100.529,0.00127589,30,,0.866667,59.4581
eval_probe,,prb_w_espera_r08_n048_est_i3,random,reward00,1,,,,,,,,,0.458333,22.0,26.0,0.0,0.0,0.0,8.0,61.8765,3.6108,66.7159,57.6747,23.8769,191.015,0.00189337,27,,0.814815,61.8765
eval_probe,,prb_w_espera_r08_n048_est_i3,random,reward00,2,,,,,,,,,0.416667,20.0,28.0,0.0,0.0,0.0,8.0,63.31,4.76729,72.1123,58.729,26.7169,213.735,0.0144684,29,,0.689655,63.31
eval_probe,,prb_w_espera_r08_n048_est_i3,random,reward00,3,,,,,,,,,0.395833,19.0,29.0,0.0,0.0,0.0,8.0,61.5831,2.69497,66.555,59.0287,26.3805,211.044,0.00177775,24,,0.791667,61.5831
eval_probe,,prb_w_libre_r04_n024_det_i1,cbaa,reward00,1,,,,,,,,,0.666667,16.0,8.0,0.0,0.0,0.0,4.0,52.1905,0.890225,52.9328,50.953,11.3802,45.521,0.000642116,16,,1.0,52.1904
eval_probe,,prb_w_libre_r04_n024_det_i1,cbaa,reward00,2,,,,,,,,,0.666667,16.0,8.0,0.0,0.0,0.0,4.0,52.1905,0.890225,52.9328,50.953,11.3802,45.521,0.000641726,16,,1.0,52.1904
eval_probe,,prb_w_libre_r04_n024_det_i1,cbaa,reward00,3,,,,,,,,,0.666667,16.0,8.0,0.0,0.0,0.0,4.0,52.1905,0.890225,52.9328,50.953,11.3802,45.521,0.000653928,16,,1.0,52.1904
eval_probe,,prb_w_libre_r04_n024_det_i1,cbba,reward00,1,,,,,,,,,0.666667,16.0,8.0,0.0,0.0,0.0,4.0,52.1905,0.890225,52.9328,50.953,11.3802,45.521,0.00146867,16,,1.0,52.1904
eval_probe,,prb_w_libre_r04_n024_det_i1,cbba,reward00,2,,,,,,,,,0.666667,16.0,8.0,0.0,0.0,0.0,4.0,52.1905,0.890225,52.9328,50.953,11.3802,45.521,0.00180228,16,,1.0,52.1904
eval_probe,,prb_w_libre_r04_n024_det_i1,cbba,reward00,3,,,,,,,,,0.666667,16.0,8.0,0.0,0.0,0.0,4.0,52.1905,0.890225,52.9328,50.953,11.3802,45.521,0.0018065,16,,1.0,52.1904
eval_probe,,prb_w_libre_r04_n024_det_i1,dec-mcts-v4-g9999,reward00,1,,,,,,,,,0.666667,16.0,8.0,0.0,0.0,0.0,4.0,57.015,3.69571,61.5342,52.8616,15.2671,61.0686,3.46566,16,,1.0,57.015
eval_probe,,prb_w_libre_r04_n024_det_i1,dec-mcts-v4-g9999,reward00,2,,,,,,,,,0.666667,16.0,8.0,0.0,0.0,0.0,4.0,57.796,2.92513,61.5342,54.4662,15.6096,62.4385,3.27584,16,,1.0,57.796
eval_probe,,prb_w_libre_r04_n024_det_i1,dec-mcts-v4-g9999,reward00,3,,,,,,,,,0.666667,16.0,8.0,0.0,0.0,0.0,4.0,55.2467,3.698,59.719,52.1442,14.1153,56.4613,3.39416,16,,1.0,55.2467
eval_probe,,prb_w_libre_r04_n024_det_i1,greedy,reward00,1,,,,,,,,,0.375,9.0,15.0,0.0,0.0,0.0,4.0,53.7358,2.3306,57.2219,52.3306,11.4502,45.801,0.000397739,9,,1.0,53.7358
eval_probe,,prb_w_libre_r04_n024_det_i1,greedy,reward00,2,,,,,,,,,0.375,9.0,15.0,0.0,0.0,0.0,4.0,53.7358,2.3306,57.2219,52.3306,11.4502,45.801,0.000377451,9,,1.0,53.7358
eval_probe,,prb_w_libre_r04_n024_det_i1,greedy,reward00,3,,,,,,,,,0.375,9.0,15.0,0.0,0.0,0.0,4.0,53.7358,2.3306,57.2219,52.3306,11.4502,45.801,0.000391326,9,,1.0,53.7358
eval_probe,,prb_w_libre_r04_n024_det_i1,random,reward00,1,,,,,,,,,0.375,9.0,15.0,0.0,0.0,0.0,4.0,55.8214,4.04631,59.5166,50.703,18.1047,72.4189,0.000738315,9,,1.0,55.8214
eval_probe,,prb_w_libre_r04_n024_det_i1,random,reward00,2,,,,,,,,,0.458333,11.0,13.0,0.0,0.0,0.0,4.0,53.0476,0.987634,54.5015,52.2981,20.0155,80.062,0.00074827,11,,1.0,53.0476
eval_probe,,prb_w_libre_r04_n024_det_i1,random,reward00,3,,,,,,,,,0.5,12.0,12.0,0.0,0.0,0.0,4.0,53.2644,3.97323,58.3079,49.5453,19.9083,79.633,0.000697273,12,,1.0,53.2644
eval_probe,,prb_w_libre_r04_n024_det_i2,cbaa,reward00,1,,,,,,,,,0.458333,11.0,13.0,0.0,0.0,0.0,4.0,37.383,26.0918,57.5831,0.0,9.77075,39.083,0.000850702,11,,1.0,37.383
eval_probe,,prb_w_libre_r04_n024_det_i2,cbaa,reward00,2,,,,,,,,,0.458333,11.0,13.0,0.0,0.0,0.0,4.0,37.383,26.0918,57.5831,0.0,9.77075,39.083,0.000789703,11,,1.0,37.383
eval_probe,,prb_w_libre_r04_n024_det_i2,cbaa,reward00,3,,,,,,,,,0.458333,11.0,13.0,0.0,0.0,0.0,4.0,37.383,26.0918,57.5831,0.0,9.77075,39.083,0.000537809,11,,1.0,37.383
eval_probe,,prb_w_libre_r04_n024_det_i2,cbba,reward00,1,,,,,,,,,0.625,15.0,9.0,0.0,0.0,0.0,4.0,51.8521,3.07931,54.8074,47.5228,13.7942,55.177,0.00115813,15,,1.0,51.8521
eval_probe,,prb_w_libre_r04_n024_det_i2,cbba,reward00,2,,,,,,,,,0.625,15.0,9.0,0.0,0.0,0.0,4.0,51.8521,3.07931,54.8074,47.5228,13.7942,55.177,0.00112771,15,,1.0,51.8521
eval_probe,,prb_w_libre_r04_n024_det_i2,cbba,reward00,3,,,,,,,,,0.625,15.0,9.0,0.0,0.0,0.0,4.0,51.8521,3.07931,54.8074,47.5228,13.7942,55.177,0.00173117,15,,1.0,51.8521
eval_probe,,prb_w_libre_r04_n024_det_i2,dec-mcts-v4-g9999,reward00,1,,,,,,,,,0.666667,16.0,8.0,0.0,0.0,0.0,4.0,56.5232,2.56937,59.7822,53.5532,16.2159,64.8638,3.65653,16,,1.0,56.5232
eval_probe,,prb_w_libre_r04_n024_det_i2,dec-mcts-v4-g9999,reward00,2,,,,,,,,,0.666667,16.0,8.0,0.0,0.0,0.0,4.0,56.8837,1.5337,58.579,55.2538,15.2228,60.8913,3.50734,16,,1.0,56.8837
eval_probe,,prb_w_libre_r04_n024_det_i2,dec-mcts-v4-g9999,reward00,3,,,,,,,,,0.666667,16.0,8.0,0.0,0.0,0.0,4.0,56.7763,2.63616,59.66,53.5463,15.9046,63.6182,3.72275,16,,1.0,56.7762
eval_probe,,prb_w_libre_r04_n024_det_i2,greedy,reward00,1,,,,,,,,,0.375,9.0,15.0,0.0,0.0,0.0,4.0,55.1993,4.24562,61.309,51.9881,11.469,45.8759,0.000578102,9,,1.0,55.1994
eval_probe,,prb_w_libre_r04_n024_det_i2,greedy,reward00,2,,,,,,,,,0.375,9.0,15.0,0.0,0.0,0.0,4.0,55.1993,4.24562,61.309,51.9881,11.469,45.8759,0.000621755,9,,1.0,55.1994
eval_probe,,prb_w_libre_r04_n024_det_i2,greedy,reward00,3,,,,,,,,,0.375,9.0,15.0,0.0,0.0,0.0,4.0,55.1993,4.24562,61.309,51.9881,11.469,45.8759,0.000522297,9,,1.0,55.1994
eval_probe,,prb_w_libre_r04_n024_det_i2,random,reward00,1,,,,,,,,,0.333333,8.0,16.0,0.0,0.0,0.0,4.0,54.8262,4.80248,61.9494,51.4792,17.5098,70.0392,0.000546503,8,,1.0,54.8263
eval_probe,,prb_w_libre_r04_n024_det_i2,random,reward00,2,,,,,,,,,0.333333,8.0,16.0,0.0,0.0,0.0,4.0,53.7119,5.77688,60.3629,46.326,17.5285,70.1141,0.00046594,8,,1.0,53.712
eval_probe,,prb_w_libre_r04_n024_det_i2,random,reward00,3,,,,,,,,,0.458333,11.0,13.0,0.0,0.0,0.0,4.0,54.5223,2.24616,56.8643,51.9881,21.2923,85.1694,0.000521238,11,,1.0,54.5223
eval_probe,,prb_w_libre_r04_n024_det_i3,cbaa,reward00,1,,,,,,,,,0.583333,14.0,10.0,0.0,0.0,0.0,4.0,46.657,6.87037,52.6698,40.61,11.657,46.6278,0.000625501,14,,1.0,46.657
eval_probe,,prb_w_libre_r04_n024_det_i3,cbaa,reward00,2,,,,,,,,,0.583333,14.0,10.0,0.0,0.0,0.0,4.0,46.657,6.87037,52.6698,40.61,11.657,46.6278,0.000887201,14,,1.0,46.657
eval_probe,,prb_w_libre_r04_n024_det_i3,cbaa,reward00,3,,,,,,,,,0.583333,14.0,10.0,0.0,0.0,0.0,4.0,46.657,6.87037,52.6698,40.61,11.657,46.6278,0.000674711,14,,1.0,46.657
eval_probe,,prb_w_libre_r04_n024_det_i3,cbba,reward00,1,,,,,,,,,0.583333,14.0,10.0,0.0,0.0,0.0,4.0,46.2803,6.46977,52.6698,40.61,11.2803,45.1213,0.00116608,14,,1.0,46.2803
eval_probe,,prb_w_libre_r04_n024_det_i3,cbba,reward00,2,,,,,,,,,0.583333,14.0,10.0,0.0,0.0,0.0,4.0,46.2803,6.46977,52.6698,40.61,11.2803,45.1213,0.00107553,14,,1.0,46.2803
eval_probe,,prb_w_libre_r04_n024_det_i3,cbba,reward00,3,,,,,,,,,0.583333,14.0,10.0,0.0,0.0,0.0,4.0,46.2803,6.46977,52.6698,40.61,11.2803,45.1213,0.00118235,14,,1.0,46.2803
eval_probe,,prb_w_libre_r04_n024_det_i3,dec-mcts-v4-g9999,reward00,1,,,,,,,,,0.625,15.0,9.0,0.0,0.0,0.0,4.0,55.7474,3.65253,59.9041,51.4898,18.2474,72.9894,3.35462,15,,1.0,55.7473
eval_probe,,prb_w_libre_r04_n024_det_i3,dec-mcts-v4-g9999,reward00,2,,,,,,,,,0.625,15.0,9.0,0.0,0.0,0.0,4.0,55.1753,3.26094,60.0111,53.0325,17.4007,69.603,3.35168,15,,1.0,55.1753
eval_probe,,prb_w_libre_r04_n024_det_i3,dec-mcts-v4-g9999,reward00,3,,,,,,,,,0.625,15.0,9.0,0.0,0.0,0.0,4.0,55.95,3.09802,58.93,52.6673,15.3334,61.3335,3.16193,15,,1.0,55.95
eval_probe,,prb_w_libre_r04_n024_det_i3,greedy,reward00,1,,,,,,,,,0.333333,8.0,16.0,0.0,0.0,0.0,4.0,48.2876,3.34718,53.0519,45.2062,10.1696,40.6782,0.000629201,8,,1.0,48.2876
eval_probe,,prb_w_libre_r04_n024_det_i3,greedy,reward00,2,,,,,,,,,0.333333,8.0,16.0,0.0,0.0,0.0,4.0,48.2876,3.34718,53.0519,45.2062,10.1696,40.6782,0.000497821,8,,1.0,48.2876
eval_probe,,prb_w_libre_r04_n024_det_i3,greedy,reward00,3,,,,,,,,,0.333333,8.0,16.0,0.0,0.0,0.0,4.0,48.2876,3.34718,53.0519,45.2062,10.1696,40.6782,0.000449964,8,,1.0,48.2876
eval_probe,,prb_w_libre_r04_n024_det_i3,random,reward00,1,,,,,,,,,0.416667,10.0,14.0,0.0,0.0,0.0,4.0,52.3003,1.17633,53.4426,50.9046,16.328,65.3119,0.000743754,10,,1.0,52.3004
eval_probe,,prb_w_libre_r04_n024_det_i3,random,reward00,2,,,,,,,,,0.375,9.0,15.0,0.0,0.0,0.0,4.0,53.476,5.48681,58.9249,46.0643,18.7831,75.1324,0.000527196,9,,1.0,53.4761
eval_probe,,prb_w_libre_r04_n024_det_i3,random,reward00,3,,,,,,,,,0.458333,11.0,13.0,0.0,0.0,0.0,4.0,49.1107,4.51611,54.9861,44.3171,21.8677,87.4707,0.000650659,11,,1.0,49.1107
eval_probe,,prb_w_libre_r04_n024_est_i1,cbaa,reward00,1,,,,,,,,,0.625,15.0,9.0,0.0,0.0,0.0,4.0,47.5697,11.5734,59.6184,35.4479,20.0993,80.397,0.000656547,18,,0.833333,47.5696
eval_probe,,prb_w_libre_r04_n024_est_i1,cbaa,reward00,2,,,,,,,,,0.5,12.0,12.0,0.0,0.0,0.0,4.0,50.2457,4.29344,54.6801,44.7537,16.3192,65.2768,0.000638034,16,,0.75,50.2458
eval_probe,,prb_w_libre_r04_n024_est_i1,cbaa,reward00,3,,,,,,,,,0.416667,10.0,14.0,0.0,0.0,0.0,4.0,52.4597,4.28253,57.4084,48.3382,13.8067,55.2267,0.000850541,14,,0.714286,52.4597
eval_probe,,prb_w_libre_r04_n024_est_i1,cbba,reward00,1,,,,,,,,,0.583333,14.0,10.0,0.0,0.0,0.0,4.0,47.8626,7.92509,54.7216,36.6033,20.905,83.6199,0.00177059,18,,0.777778,47.8625
eval_probe,,prb_w_libre_r04_n024_est_i1,cbba,reward00,2,,,,,,,,,0.458333,11.0,13.0,0.0,0.0,0.0,4.0,42.9499,4.46556,48.9985,38.5148,13.236,52.944,0.0011992,14,,0.785714,42.95
eval_probe,,prb_w_libre_r04_n024_est_i1,cbba,reward00,3,,,,,,,,,0.333333,8.0,16.0,0.0,0.0,0.0,4.0,55.2539,12.4939,66.7302,42.0029,20.8128,83.2511,0.00163415,20,,0.4,55.2539
eval_probe,,prb_w_libre_r04_n024_est_i1,dec-mcts-v4-g9999,reward00,1,,,,,,,,,0.416667,10.0,14.0,0.0,0.0,0.0,4.0,56.4224,3.53293,60.4351,52.021,13.1991,52.7966,3.86325,12,,0.833333,56.4224
eval_probe,,prb_w_libre_r04_n024_est_i1,dec-mcts-v4-g9999,reward00,2,,,,,,,,,0.416667,10.0,14.0,0.0,0.0,0.0,4.0,57.834,11.7804,70.0557,42.9562,18.5613,74.245,3.75161,14,,0.714286,57.834
eval_probe,,prb_w_libre_r04_n024_est_i1,dec-mcts-v4-g9999,reward00,3,,,,,,,,,0.416667,10.0,14.0,0.0,0.0,0.0,4.0,57.9147,10.5507,73.5328,50.3862,18.9044,75.6175,3.92949,13,,0.769231,57.9147
eval_probe,,prb_w_libre_r04_n024_est_i1,greedy,reward00,1,,,,,,,,,0.416667,10.0,14.0,0.0,0.0,0.0,4.0,61.7695,12.6466,75.5057,49.395,14.233,56.9319,0.000514602,13,,0.769231,61.7694
eval_probe,,prb_w_libre_r04_n024_est_i1,greedy,reward00,2,,,,,,,,,0.416667,10.0,14.0,0.0,0.0,0.0,4.0,60.7572,10.8579,71.3266,47.2962,13.3754,53.5018,0.00054735,14,,0.714286,60.7572
eval_probe,,prb_w_libre_r04_n024_est_i1,greedy,reward00,3,,,,,,,,,0.333333,8.0,16.0,0.0,0.0,0.0,4.0,48.2199,4.53773,53.257,43.9521,13.7293,54.9172,0.000637155,11,,0.727273,48.2199
eval_probe,,prb_w_libre_r04_n024_est_i1,random,reward00,1,,,,,,,,,0.375,9.0,15.0,0.0,0.0,0.0,4.0,60.9502,5.7401,69.2795,56.7167,22.766,91.0638,0.00071765,10,,0.9,60.9502
eval_probe,,prb_w_libre_r04_n024_est_i1,random,reward00,2,,,,,,,,,0.291667,7.0,17.0,0.0,0.0,0.0,4.0,52.088,2.05395,53.666,49.3135,14.7604,59.0416,0.000580772,8,,0.875,52.088
eval_probe,,prb_w_libre_r04_n024_est_i1,random,reward00,3,,,,,,,,,0.291667,7.0,17.0,0.0,0.0,0.0,4.0,55.3739,8.8551,66.0792,46.6884,26.4233,105.693,0.000526627,11,,0.636364,55.3739
eval_probe,,prb_w_libre_r04_n024_est_i2,cbaa,reward00,1,,,,,,,,,0.541667,13.0,11.0,0.0,0.0,0.0,4.0,36.084,16.7276,48.2736,11.3936,14.6241,58.4962,0.00113581,18,,0.722222,36.084
eval_probe,,prb_w_libre_r04_n024_est_i2,cbaa,reward00,2,,,,,,,,,0.541667,13.0,11.0,0.0,0.0,0.0,4.0,46.5116,27.3003,74.9765,9.29681,13.9673,55.8693,0.00106069,17,,0.764706,46.5116
eval_probe,,prb_w_libre_r04_n024_est_i2,cbaa,reward00,3,,,,,,,,,0.541667,13.0,11.0,0.0,0.0,0.0,4.0,49.6566,12.2145,67.7256,41.367,16.3925,65.5699,0.00131983,17,,0.764706,49.6566
eval_probe,,prb_w_libre_r04_n024_est_i2,cbba,reward00,1,,,,,,,,,0.541667,13.0,11.0,0.0,0.0,0.0,4.0,55.6029,22.9359,84.9856,34.8899,15.6376,62.5503,0.00221065,17,,0.764706,55.6029
eval_probe,,prb_w_libre_r04_n024_est_i2,cbba,reward00,2,,,,,,,,,0.5,12.0,12.0,0.0,0.0,0.0,4.0,57.7567,10.2233,72.2253,48.2736,16.6946,66.7786,0.00206976,18,,0.666667,57.7567
eval_probe,,prb_w_libre_r04_n024_est_i2,cbba,reward00,3,,,,,,,,,0.625,15.0,9.0,0.0,0.0,0.0,4.0,49.2268,2.96641,52.4438,45.587,19.8701,79.4805,0.00264281,20,,0.75,49.2268
eval_probe,,prb_w_libre_r04_n024_est_i2,dec-mcts-v4-g9999,reward00,1,,,,,,,,,0.458333,11.0,13.0,0.0,0.0,0.0,4.0,61.438,11.9544,71.5965,47.442,17.5348,70.1393,4.73188,15,,0.733333,61.438
eval_probe,,prb_w_libre_r04_n024_est_i2,dec-mcts-v4-g9999,reward00,2,,,,,,,,,0.625,15.0,9.0,0.0,0.0,0.0,4.0,58.7432,7.7173,66.9287,48.4993,16.1642,64.6569,4.23939,17,,0.882353,58.7433
eval_probe,,prb_w_libre_r04_n024_est_i2,dec-mcts-v4-g9999,reward00,3,,,,,,,,,0.458333,11.0,13.0,0.0,0.0,0.0,4.0,60.4108,15.9701,82.0807,48.2736,18.2771,73.1083,4.82738,15,,0.733333,60.4108
eval_probe,,prb_w_libre_r04_n024_est_i2,greedy,reward00,1,,,,,,,,,0.375,9.0,15.0,0.0,0.0,0.0,4.0,54.2723,8.31217,66.4594,48.0982,16.1604,64.6417,0.000920976,15,,0.6,54.2723
eval_probe,,prb_w_libre_r04_n024_est_i2,greedy,reward00,2,,,,,,,,,0.416667,10.0,14.0,0.0,0.0,0.0,4.0,51.9688,1.76516,54.2168,50.5108,13.0626,52.2502,0.000985936,13,,0.769231,51.9688
eval_probe,,prb_w_libre_r04_n024_est_i2,greedy,reward00,3,,,,,,,,,0.375,9.0,15.0,0.0,0.0,0.0,4.0,53.4982,1.89034,56.3152,52.3958,12.1302,48.5209,0.0007623,11,,0.818182,53.4982
eval_probe,,prb_w_libre_r04_n024_est_i2,random,reward00,1,,,,,,,,,0.375,9.0,15.0,0.0,0.0,0.0,4.0,61.1584,17.063,84.5475,48.2155,19.5129,78.0516,0.0007635,12,,0.75,61.1583
eval_probe,,prb_w_libre_r04_n024_est_i2,random,reward00,2,,,,,,,,,0.375,9.0,15.0,0.0,0.0,0.0,4.0,54.5813,6.2993,60.8623,47.3031,25.2633,101.053,0.000845173,12,,0.75,54.5813
eval_probe,,prb_w_libre_r04_n024_est_i2,random,reward00,3,,,,,,,,,0.416667,10.0,14.0,0.0,0.0,0.0,4.0,62.0133,3.8815,64.2363,56.199,22.1825,88.7301,0.000761901,12,,0.833333,62.0132
eval_probe,,prb_w_libre_r04_n024_est_i3,cbaa,reward00,1,,,,,,,,,0.333333,8.0,16.0,0.0,0.0,0.0,4.0,28.9755,33.6709,62.581,0.0,8.2522,33.0088,0.00101581,11,,0.727273,28.9755
eval_probe,,prb_w_libre_r04_n024_est_i3,cbaa,reward00,2,,,,,,,,,0.333333,8.0,16.0,0.0,0.0,0.0,4.0,25.9571,29.993,53.2691,0.0,6.86325,27.453,0.000867054,9,,0.888889,25.9571
eval_probe,,prb_w_libre_r04_n024_est_i3,cbaa,reward00,3,,,,,,,,,0.333333,8.0,16.0,0.0,0.0,0.0,4.0,28.5322,33.3215,63.1722,0.0,8.27308,33.0923,0.00114688,11,,0.727273,28.5322
eval_probe,,prb_w_libre_r04_n024_est_i3,cbba,reward00,1,,,,,,,,,0.583333,14.0,10.0,0.0,0.0,0.0,4.0,57.3724,10.7244,70.3424,47.9715,14.5669,58.2674,0.00250338,18,,0.777778,57.3724
eval_probe,,prb_w_libre_r04_n024_est_i3,cbba,reward00,2,,,,,,,,,0.583333,14.0,10.0,0.0,0.0,0.0,4.0,57.7404,6.1306,63.216,51.7789,12.6459,50.5834,0.00223565,16,,0.875,57.7404
eval_probe,,prb_w_libre_r04_n024_est_i3,cbba,reward00,3,,,,,,,,,0.666667,16.0,8.0,0.0,0.0,0.0,4.0,65.3598,15.7073,87.6598,50.8644,17.5547,70.2189,0.00284699,20,,0.8,65.3598
eval_probe,,prb_w_libre_r04_n024_est_i3,dec-mcts-v4-g9999,reward00,1,,,,,,,,,0.5,12.0,12.0,0.0,0.0,0.0,4.0,65.3424,9.61157,72.17,51.1378,14.6921,58.7684,5.68719,15,,0.8,65.3424
eval_probe,,prb_w_libre_r04_n024_est_i3,dec-mcts-v4-g9999,reward00,2,,,,,,,,,0.583333,14.0,10.0,0.0,0.0,0.0,4.0,68.7694,10.7837,82.5919,57.3616,19.078,76.312,5.89869,18,,0.777778,68.7694
eval_probe,,prb_w_libre_r04_n024_est_i3,dec-mcts-v4-g9999,reward00,3,,,,,,,,,0.541667,13.0,11.0,0.0,0.0,0.0,4.0,57.9451,9.11059,71.3393,51.552,14.0494,56.1976,5.45599,16,,0.8125,57.9451
eval_probe,,prb_w_libre_r04_n024_est_i3,greedy,reward00,1,,,,,,,,,0.333333,8.0,16.0,0.0,0.0,0.0,4.0,56.3806,3.97344,59.9724,52.306,12.464,49.8559,0.000810243,13,,0.615385,56.3806
eval_probe,,prb_w_libre_r04_n024_est_i3,greedy,reward00,2,,,,,,,,,0.333333,8.0,16.0,0.0,0.0,0.0,4.0,62.1773,9.61751,71.6751,52.6617,11.0761,44.3045,0.00071649,10,,0.8,62.1773
eval_probe,,prb_w_libre_r04_n024_est_i3,greedy,reward00,3,,,,,,,,,0.333333,8.0,16.0,0.0,0.0,0.0,4.0,56.0098,5.4211,63.3532,51.492,13.3586,53.4345,0.000665532,10,,0.8,56.0098
eval_probe,,prb_w_libre_r04_n024_est_i3,random,reward00,1,,,,,,,,,0.291667,7.0,17.0,0.0,0.0,0.0,4.0,52.9152,1.08691,53.9353,51.492,22.161,88.6439,0.000835737,13,,0.538462,52.9152
eval_probe,,prb_w_libre_r04_n024_est_i3,random,reward00,2,,,,,,,,,0.291667,7.0,17.0,0.0,0.0,0.0,4.0,54.3695,7.44295,65.3967,49.0485,17.4363,69.7451,0.000729081,10,,0.7,54.3695
eval_probe,,prb_w_libre_r04_n024_est_i3,random,reward00,3,,,,,,,,,0.333333,8.0,16.0,0.0,0.0,0.0,4.0,58.1611,7.59393,68.739,52.2553,20.0181,80.0725,0.000799371,10,,0.8,58.1611
eval_probe,,prb_w_libre_r08_n048_det_i1,cbaa,reward00,1,,,,,,,,,0.333333,16.0,26.0,6.0,0.0,0.0,8.0,25.559,27.3263,51.9313,0.0,5.55903,44.4723,0.00129779,16,,1.0,25.559
eval_probe,,prb_w_libre_r08_n048_det_i1,cbaa,reward00,2,,,,,,,,,0.333333,16.0,26.0,6.0,0.0,0.0,8.0,25.559,27.3263,51.9313,0.0,5.55903,44.4723,0.00128002,16,,1.0,25.559
eval_probe,,prb_w_libre_r08_n048_det_i1,cbaa,reward00,3,,,,,,,,,0.333333,16.0,26.0,6.0,0.0,0.0,8.0,25.559,27.3263,51.9313,0.0,5.55903,44.4723,0.00190839,16,,1.0,25.559
eval_probe,,prb_w_libre_r08_n048_det_i1,cbba,reward00,1,,,,,,,,,0.666667,32.0,16.0,0.0,0.0,0.0,8.0,52.2073,2.68048,56.7223,49.62,11.5289,92.2311,0.0155112,32,,1.0,52.2073
eval_probe,,prb_w_libre_r08_n048_det_i1,cbba,reward00,2,,,,,,,,,0.666667,32.0,16.0,0.0,0.0,0.0,8.0,52.2073,2.68048,56.7223,49.62,11.5289,92.2311,0.0107176,32,,1.0,52.2073
eval_probe,,prb_w_libre_r08_n048_det_i1,cbba,reward00,3,,,,,,,,,0.666667,32.0,16.0,0.0,0.0,0.0,8.0,52.2073,2.68048,56.7223,49.62,11.5289,92.2311,0.0152932,32,,1.0,52.2073
eval_probe,,prb_w_libre_r08_n048_det_i1,dec-mcts-v4-g9999,reward00,1,,,,,,,,,0.666667,32.0,16.0,0.0,0.0,0.0,8.0,58.1558,1.98294,60.4487,54.6321,18.107,144.856,20.6153,32,,1.0,58.1557
eval_probe,,prb_w_libre_r08_n048_det_i1,dec-mcts-v4-g9999,reward00,2,,,,,,,,,0.666667,32.0,16.0,0.0,0.0,0.0,8.0,57.398,2.41988,60.9875,52.9925,17.3145,138.516,20.0732,32,,1.0,57.398
eval_probe,,prb_w_libre_r08_n048_det_i1,dec-mcts-v4-g9999,reward00,3,,,,,,,,,0.666667,32.0,16.0,0.0,0.0,0.0,8.0,55.9376,2.87244,60.0479,51.8547,15.2268,121.815,20.3387,32,,1.0,55.9376
eval_probe,,prb_w_libre_r08_n048_det_i1,greedy,reward00,1,,,,,,,,,0.416667,20.0,28.0,0.0,0.0,0.0,8.0,57.9013,3.92468,63.4488,52.8134,9.21978,73.7583,0.00102837,20,,1.0,57.9013
eval_probe,,prb_w_libre_r08_n048_det_i1,greedy,reward00,2,,,,,,,,,0.416667,20.0,28.0,0.0,0.0,0.0,8.0,57.9013,3.92468,63.4488,52.8134,9.21978,73.7583,0.00111651,20,,1.0,57.9013
eval_probe,,prb_w_libre_r08_n048_det_i1,greedy,reward00,3,,,,,,,,,0.416667,20.0,28.0,0.0,0.0,0.0,8.0,57.9013,3.92468,63.4488,52.8134,9.21978,73.7583,0.00105085,20,,1.0,57.9013
eval_probe,,prb_w_libre_r08_n048_det_i1,random,reward00,1,,,,,,,,,0.375,18.0,30.0,0.0,0.0,0.0,8.0,54.2886,3.02738,60.9979,51.8046,20.7195,165.756,0.000949457,18,,1.0,54.2886
eval_probe,,prb_w_libre_r08_n048_det_i1,random,reward00,2,,,,,,,,,0.375,18.0,30.0,0.0,0.0,0.0,8.0,56.8684,3.61192,61.9589,51.3335,18.8721,150.976,0.00101893,18,,1.0,56.8684
eval_probe,,prb_w_libre_r08_n048_det_i1,random,reward00,3,,,,,,,,,0.375,18.0,30.0,0.0,0.0,0.0,8.0,55.4151,4.65998,62.017,49.5499,17.7576,142.06,0.000951564,18,,1.0,55.4151
eval_probe,,prb_w_libre_r08_n048_det_i2,cbaa,reward00,1,,,,,,,,,0.604167,29.0,19.0,0.0,0.0,0.0,8.0,46.4721,20.2359,61.4602,0.0,9.62346,76.9876,0.00182884,29,,1.0,46.4721
eval_probe,,prb_w_libre_r08_n048_det_i2,cbaa,reward00,2,,,,,,,,,0.604167,29.0,19.0,0.0,0.0,0.0,8.0,46.4721,20.2359,61.4602,0.0,9.62346,76.9876,0.00241683,29,,1.0,46.4721
eval_probe,,prb_w_libre_r08_n048_det_i2,cbaa,reward00,3,,,,,,,,,0.604167,29.0,19.0,0.0,0.0,0.0,8.0,46.4721,20.2359,61.4602,0.0,9.62346,76.9876,0.00294779,29,,1.0,46.4721
eval_probe,,prb_w_libre_r08_n048_det_i2,cbba,reward00,1,,,,,,,,,0.666667,32.0,16.0,0.0,0.0,0.0,8.0,51.2258,7.45959,62.3512,41.8199,10.4551,83.6407,0.0141323,32,,1.0,51.2258
eval_probe,,prb_w_libre_r08_n048_det_i2,cbba,reward00,2,,,,,,,,,0.666667,32.0,16.0,0.0,0.0,0.0,8.0,51.2258,7.45959,62.3512,41.8199,10.4551,83.6407,0.0142469,32,,1.0,51.2258
eval_probe,,prb_w_libre_r08_n048_det_i2,cbba,reward00,3,,,,,,,,,0.666667,32.0,16.0,0.0,0.0,0.0,8.0,51.2258,7.45959,62.3512,41.8199,10.4551,83.6407,0.0139715,32,,1.0,51.2258
eval_probe,,prb_w_libre_r08_n048_det_i2,dec-mcts-v4-g9999,reward00,1,,,,,,,,,0.6875,33.0,15.0,0.0,0.0,0.0,8.0,56.639,4.29713,64.7617,53.0926,13.9159,111.327,20.4092,33,,1.0,56.639
eval_probe,,prb_w_libre_r08_n048_det_i2,dec-mcts-v4-g9999,reward00,2,,,,,,,,,0.6875,33.0,15.0,0.0,0.0,0.0,8.0,60.1501,2.40462,63.5253,55.2529,17.6887,141.51,19.9479,33,,1.0,60.1501
eval_probe,,prb_w_libre_r08_n048_det_i2,dec-mcts-v4-g9999,reward00,3,,,,,,,,,0.708333,34.0,14.0,0.0,0.0,0.0,8.0,58.3881,3.85241,64.7704,54.1272,15.3551,122.841,18.3079,34,,1.0,58.3881
eval_probe,,prb_w_libre_r08_n048_det_i2,greedy,reward00,1,,,,,,,,,0.458333,22.0,26.0,0.0,0.0,0.0,8.0,54.4807,3.98644,58.6884,48.7738,12.1835,97.468,0.00109045,22,,1.0,54.4807
eval_probe,,prb_w_libre_r08_n048_det_i2,greedy,reward00,2,,,,,,,,,0.458333,22.0,26.0,0.0,0.0,0.0,8.0,54.4807,3.98644,58.6884,48.7738,12.1835,97.468,0.00106147,22,,1.0,54.4807
eval_probe,,prb_w_libre_r08_n048_det_i2,greedy,reward00,3,,,,,,,,,0.458333,22.0,26.0,0.0,0.0,0.0,8.0,54.4807,3.98644,58.6884,48.7738,12.1835,97.468,0.00111265,22,,1.0,54.4807
eval_probe,,prb_w_libre_r08_n048_det_i2,random,reward00,1,,,,,,,,,0.416667,20.0,28.0,0.0,0.0,0.0,8.0,55.381,3.85633,61.6685,51.7032,14.7675,118.14,0.00103296,20,,1.0,55.381
eval_probe,,prb_w_libre_r08_n048_det_i2,random,reward00,2,,,,,,,,,0.416667,20.0,28.0,0.0,0.0,0.0,8.0,52.601,2.16325,55.0806,50.2069,17.2514,138.011,0.00155392,20,,1.0,52.601
eval_probe,,prb_w_libre_r08_n048_det_i2,random,reward00,3,,,,,,,,,0.375,18.0,30.0,0.0,0.0,0.0,8.0,54.1401,6.36795,64.7156,46.5456,21.3582,170.866,0.000928887,18,,1.0,54.1401
eval_probe,,prb_w_libre_r08_n048_det_i3,cbaa,reward00,1,,,,,,,,,0.416667,20.0,28.0,0.0,0.0,0.0,8.0,31.7601,26.314,52.3546,0.0,6.65547,53.2437,0.00145212,20,,1.0,31.7601
eval_probe,,prb_w_libre_r08_n048_det_i3,cbaa,reward00,2,,,,,,,,,0.416667,20.0,28.0,0.0,0.0,0.0,8.0,31.7601,26.314,52.3546,0.0,6.65547,53.2437,0.00138837,20,,1.0,31.7601
eval_probe,,prb_w_libre_r08_n048_det_i3,cbaa,reward00,3,,,,,,,,,0.416667,20.0,28.0,0.0,0.0,0.0,8.0,31.7601,26.314,52.3546,0.0,6.65547,53.2437,0.00149404,20,,1.0,31.7601
eval_probe,,prb_w_libre_r08_n048_det_i3,cbba,reward00,1,,,,,,,,,0.6875,33.0,15.0,0.0,0.0,0.0,8.0,53.8494,4.45139,61.6759,49.3095,12.1082,96.8653,0.00943192,33,,1.0,53.8494
eval_probe,,prb_w_libre_r08_n048_det_i3,cbba,reward00,2,,,,,,,,,0.6875,33.0,15.0,0.0,0.0,0.0,8.0,53.8917,4.16426,61.6759,49.3295,12.1901,97.5211,0.0119141,33,,1.0,53.8917
eval_probe,,prb_w_libre_r08_n048_det_i3,cbba,reward00,3,,,,,,,,,0.6875,33.0,15.0,0.0,0.0,0.0,8.0,53.8494,4.45139,61.6759,49.3095,12.1082,96.8653,0.0095772,33,,1.0,53.8494
eval_probe,,prb_w_libre_r08_n048_det_i3,dec-mcts-v4-g9999,reward00,1,,,,,,,,,0.6875,33.0,15.0,0.0,0.0,0.0,8.0,58.415,3.93063,62.5929,53.2715,15.286,122.288,19.6128,33,,1.0,58.415
eval_probe,,prb_w_libre_r08_n048_det_i3,dec-mcts-v4-g9999,reward00,2,,,,,,,,,0.666667,32.0,16.0,0.0,0.0,0.0,8.0,56.8327,3.76867,62.0375,50.757,15.438,123.504,19.8965,32,,1.0,56.8327
eval_probe,,prb_w_libre_r08_n048_det_i3,dec-mcts-v4-g9999,reward00,3,,,,,,,,,0.666667,32.0,16.0,0.0,0.0,0.0,8.0,55.9714,2.89593,60.3314,52.4569,14.7994,118.395,20.9909,32,,1.0,55.9713
eval_probe,,prb_w_libre_r08_n048_det_i3,greedy,reward00,1,,,,,,,,,0.479167,23.0,25.0,0.0,0.0,0.0,8.0,51.8124,3.83681,55.4471,46.5942,11.9412,95.5296,0.00103894,23,,1.0,51.8124
eval_probe,,prb_w_libre_r08_n048_det_i3,greedy,reward00,2,,,,,,,,,0.479167,23.0,25.0,0.0,0.0,0.0,8.0,51.8124,3.83681,55.4471,46.5942,11.9412,95.5296,0.00100252,23,,1.0,51.8124
eval_probe,,prb_w_libre_r08_n048_det_i3,greedy,reward00,3,,,,,,,,,0.479167,23.0,25.0,0.0,0.0,0.0,8.0,51.8124,3.83681,55.4471,46.5942,11.9412,95.5296,0.00170421,23,,1.0,51.8124
eval_probe,,prb_w_libre_r08_n048_det_i3,random,reward00,1,,,,,,,,,0.416667,20.0,28.0,0.0,0.0,0.0,8.0,52.1263,3.7646,56.8199,47.1151,15.8792,127.034,0.00159172,20,,1.0,52.1263
eval_probe,,prb_w_libre_r08_n048_det_i3,random,reward00,2,,,,,,,,,0.479167,23.0,25.0,0.0,0.0,0.0,8.0,53.695,3.29595,58.4938,48.6517,20.2676,162.14,0.00171379,23,,1.0,53.695
eval_probe,,prb_w_libre_r08_n048_det_i3,random,reward00,3,,,,,,,,,0.395833,19.0,29.0,0.0,0.0,0.0,8.0,51.8318,3.07009,55.6189,47.8004,16.7909,134.327,0.00143158,19,,1.0,51.8318
eval_probe,,prb_w_libre_r08_n048_est_i1,cbaa,reward00,1,,,,,,,,,0.5,24.0,24.0,0.0,0.0,0.0,8.0,40.7679,25.3672,61.9848,0.0,10.9522,87.6176,0.00263643,32,,0.75,40.7679
eval_probe,,prb_w_libre_r08_n048_est_i1,cbaa,reward00,2,,,,,,,,,0.520833,25.0,23.0,0.0,0.0,0.0,8.0,38.4746,26.0873,66.0593,0.0,11.2423,89.9383,0.00279211,33,,0.757576,38.4746
eval_probe,,prb_w_libre_r08_n048_est_i1,cbaa,reward00,3,,,,,,,,,0.458333,22.0,26.0,0.0,0.0,0.0,8.0,39.4071,24.7013,58.0403,0.0,11.1554,89.2432,0.00286481,36,,0.611111,39.4071
eval_probe,,prb_w_libre_r08_n048_est_i1,cbba,reward00,1,,,,,,,,,0.604167,29.0,19.0,0.0,0.0,0.0,8.0,54.5544,8.0919,64.3782,44.1282,15.4971,123.977,0.0135776,41,,0.707317,54.5544
eval_probe,,prb_w_libre_r08_n048_est_i1,cbba,reward00,2,,,,,,,,,0.625,30.0,18.0,0.0,0.0,0.0,8.0,51.8488,7.52458,68.2589,46.3618,13.4492,107.594,0.0127474,37,,0.810811,51.8488
eval_probe,,prb_w_libre_r08_n048_est_i1,cbba,reward00,3,,,,,,,,,0.541667,26.0,22.0,0.0,0.0,0.0,8.0,57.0721,8.76469,68.7924,40.5308,13.38,107.04,0.0134318,35,,0.742857,57.0721
eval_probe,,prb_w_libre_r08_n048_est_i1,dec-mcts-v4-g9999,reward00,1,,,,,,,,,0.520833,25.0,23.0,0.0,0.0,0.0,8.0,53.2677,7.51842,64.5636,45.802,17.4863,139.89,24.139,34,,0.735294,53.2677
eval_probe,,prb_w_libre_r08_n048_est_i1,dec-mcts-v4-g9999,reward00,2,,,,,,,,,0.5,24.0,24.0,0.0,0.0,0.0,8.0,64.7008,14.3991,92.0325,52.6463,19.0798,152.639,24.4673,34,,0.705882,64.7008
eval_probe,,prb_w_libre_r08_n048_est_i1,dec-mcts-v4-g9999,reward00,3,,,,,,,,,0.458333,22.0,26.0,0.0,0.0,0.0,8.0,54.9407,8.55104,69.0022,47.232,18.3346,146.677,24.5549,32,,0.6875,54.9407
eval_probe,,prb_w_libre_r08_n048_est_i1,greedy,reward00,1,,,,,,,,,0.416667,20.0,28.0,0.0,0.0,0.0,8.0,55.0316,7.76737,73.0217,48.5488,11.8449,94.7588,0.00218472,24,,0.833333,55.0316
eval_probe,,prb_w_libre_r08_n048_est_i1,greedy,reward00,2,,,,,,,,,0.375,18.0,30.0,0.0,0.0,0.0,8.0,59.4281,10.8554,83.2198,49.6489,11.1252,89.0013,0.00167427,23,,0.782609,59.4281
eval_probe,,prb_w_libre_r08_n048_est_i1,greedy,reward00,3,,,,,,,,,0.395833,19.0,29.0,0.0,0.0,0.0,8.0,56.9106,13.2066,77.9236,45.6382,13.0109,104.087,0.00172747,25,,0.76,56.9106
eval_probe,,prb_w_libre_r08_n048_est_i1,random,reward00,1,,,,,,,,,0.3125,15.0,33.0,0.0,0.0,0.0,8.0,51.4763,2.71612,56.1861,48.5807,18.9755,151.804,0.000853763,17,,0.882353,51.4763
eval_probe,,prb_w_libre_r08_n048_est_i1,random,reward00,2,,,,,,,,,0.333333,16.0,32.0,0.0,0.0,0.0,8.0,58.7994,9.80529,74.0263,49.184,20.0145,160.116,0.00104878,22,,0.727273,58.7993
eval_probe,,prb_w_libre_r08_n048_est_i1,random,reward00,3,,,,,,,,,0.270833,13.0,35.0,0.0,0.0,0.0,8.0,55.3736,7.24042,65.4919,46.5638,22.4786,179.829,0.00164123,19,,0.684211,55.3736
eval_probe,,prb_w_libre_r08_n048_est_i2,cbaa,reward00,1,,,,,,,,,0.458333,22.0,26.0,0.0,0.0,0.0,8.0,41.0064,25.8646,65.1825,0.0,10.4558,83.6464,0.00188145,31,,0.709677,41.0064
eval_probe,,prb_w_libre_r08_n048_est_i2,cbaa,reward00,2,,,,,,,,,0.520833,25.0,23.0,0.0,0.0,0.0,8.0,44.7001,28.4174,67.8202,0.0,9.7803,78.2424,0.00183243,27,,0.925926,44.7001
eval_probe,,prb_w_libre_r08_n048_est_i2,cbaa,reward00,3,,,,,,,,,0.479167,23.0,25.0,0.0,0.0,0.0,8.0,44.1988,28.6571,73.433,0.0,9.69519,77.5615,0.00185058,30,,0.766667,44.1988
eval_probe,,prb_w_libre_r08_n048_est_i2,cbba,reward00,1,,,,,,,,,0.604167,29.0,19.0,0.0,0.0,0.0,8.0,50.4061,4.43594,55.8358,40.9973,11.982,95.8559,0.016145,36,,0.805556,50.4061
eval_probe,,prb_w_libre_r08_n048_est_i2,cbba,reward00,2,,,,,,,,,0.604167,29.0,19.0,0.0,0.0,0.0,8.0,58.3871,10.9455,73.6531,39.5194,18.0546,144.436,0.0212978,42,,0.690476,58.3871
eval_probe,,prb_w_libre_r08_n048_est_i2,cbba,reward00,3,,,,,,,,,0.625,30.0,18.0,0.0,0.0,0.0,8.0,51.8444,5.06093,60.4219,44.284,12.3554,98.8435,0.012332,36,,0.833333,51.8444
eval_probe,,prb_w_libre_r08_n048_est_i2,dec-mcts-v4-g9999,reward00,1,,,,,,,,,0.416667,20.0,28.0,0.0,0.0,0.0,8.0,60.1028,4.92029,67.8942,54.3623,19.7147,157.718,26.6306,32,,0.625,60.1028
eval_probe,,prb_w_libre_r08_n048_est_i2,dec-mcts-v4-g9999,reward00,2,,,,,,,,,0.520833,25.0,23.0,0.0,0.0,0.0,8.0,53.1744,5.17513,61.6105,46.4427,21.6324,173.059,29.7854,33,,0.757576,53.1744
eval_probe,,prb_w_libre_r08_n048_est_i2,dec-mcts-v4-g9999,reward00,3,,,,,,,,,0.5625,27.0,21.0,0.0,0.0,0.0,8.0,57.2421,10.4508,79.3783,47.0547,18.4118,147.294,28.28,35,,0.771429,57.2421
eval_probe,,prb_w_libre_r08_n048_est_i2,greedy,reward00,1,,,,,,,,,0.354167,17.0,31.0,0.0,0.0,0.0,8.0,55.3714,6.48585,65.7512,48.2663,12.7109,101.688,0.00166528,24,,0.708333,55.3713
eval_probe,,prb_w_libre_r08_n048_est_i2,greedy,reward00,2,,,,,,,,,0.3125,15.0,33.0,0.0,0.0,0.0,8.0,56.2719,5.78678,64.4529,47.7454,11.0887,88.7098,0.00292706,23,,0.652174,56.2719
eval_probe,,prb_w_libre_r08_n048_est_i2,greedy,reward00,3,,,,,,,,,0.375,18.0,30.0,0.0,0.0,0.0,8.0,59.7869,7.78813,72.4855,53.2187,12.2772,98.2179,0.00181256,25,,0.72,59.7869
eval_probe,,prb_w_libre_r08_n048_est_i2,random,reward00,1,,,,,,,,,0.395833,19.0,29.0,0.0,0.0,0.0,8.0,56.3467,6.26142,66.9328,48.4434,24.913,199.304,0.00193656,27,,0.703704,56.3467
eval_probe,,prb_w_libre_r08_n048_est_i2,random,reward00,2,,,,,,,,,0.354167,17.0,31.0,0.0,0.0,0.0,8.0,54.8148,8.28134,70.5506,48.3025,23.0852,184.682,0.00110951,28,,0.607143,54.8148
eval_probe,,prb_w_libre_r08_n048_est_i2,random,reward00,3,,,,,,,,,0.3125,15.0,33.0,0.0,0.0,0.0,8.0,55.6555,7.12218,68.689,47.9937,16.9143,135.314,0.00161627,22,,0.681818,55.6555
eval_probe,,prb_w_libre_r08_n048_est_i3,cbaa,reward00,1,,,,,,,,,0.333333,16.0,32.0,0.0,0.0,0.0,8.0,38.5589,28.2477,69.1315,0.0,8.94896,71.5917,0.00266394,20,,0.8,38.5589
eval_probe,,prb_w_libre_r08_n048_est_i3,cbaa,reward00,2,,,,,,,,,0.416667,20.0,28.0,0.0,0.0,0.0,8.0,40.4768,23.8291,66.0781,0.0,12.3015,98.4122,0.0025855,29,,0.689655,40.4768
eval_probe,,prb_w_libre_r08_n048_est_i3,cbaa,reward00,3,,,,,,,,,0.479167,23.0,25.0,0.0,0.0,0.0,8.0,49.0791,21.3502,68.5318,0.0,12.1377,97.1012,0.002551,31,,0.741935,49.0791
eval_probe,,prb_w_libre_r08_n048_est_i3,cbba,reward00,1,,,,,,,,,0.5,24.0,24.0,0.0,0.0,0.0,8.0,53.8481,7.56437,63.6705,42.5779,13.055,104.44,0.0128521,37,,0.648649,53.8481
eval_probe,,prb_w_libre_r08_n048_est_i3,cbba,reward00,2,,,,,,,,,0.5625,27.0,21.0,0.0,0.0,0.0,8.0,55.354,9.08452,76.2715,47.8712,15.9037,127.229,0.0120787,36,,0.75,55.354
eval_probe,,prb_w_libre_r08_n048_est_i3,cbba,reward00,3,,,,,,,,,0.604167,29.0,19.0,0.0,0.0,0.0,8.0,57.6013,10.3245,80.1206,46.4594,15.3767,123.014,0.0147462,38,,0.763158,57.6013
eval_probe,,prb_w_libre_r08_n048_est_i3,dec-mcts-v4-g9999,reward00,1,,,,,,,,,0.458333,22.0,26.0,0.0,0.0,0.0,8.0,50.713,3.87457,56.3221,46.1864,15.0034,120.028,24.2394,30,,0.733333,50.713
eval_probe,,prb_w_libre_r08_n048_est_i3,dec-mcts-v4-g9999,reward00,2,,,,,,,,,0.458333,22.0,26.0,0.0,0.0,0.0,8.0,52.4906,6.10658,66.3993,47.2953,17.7593,142.075,25.2739,31,,0.709677,52.4906
eval_probe,,prb_w_libre_r08_n048_est_i3,dec-mcts-v4-g9999,reward00,3,,,,,,,,,0.395833,19.0,29.0,0.0,0.0,0.0,8.0,55.5668,6.03907,65.5392,47.8717,15.6236,124.989,29.1819,24,,0.791667,55.5668
eval_probe,,prb_w_libre_r08_n048_est_i3,greedy,reward00,1,,,,,,,,,0.416667,20.0,28.0,0.0,0.0,0.0,8.0,52.5601,6.08925,63.6799,46.8133,11.6883,93.5062,0.00216398,30,,0.666667,52.5601
eval_probe,,prb_w_libre_r08_n048_est_i3,greedy,reward00,2,,,,,,,,,0.479167,23.0,25.0,0.0,0.0,0.0,8.0,54.9264,3.67503,60.4488,50.0212,11.8174,94.5394,0.00183918,29,,0.793103,54.9264
eval_probe,,prb_w_libre_r08_n048_est_i3,greedy,reward00,3,,,,,,,,,0.416667,20.0,28.0,0.0,0.0,0.0,8.0,55.7493,7.48031,66.6166,49.4073,12.0395,96.3163,0.00133666,27,,0.740741,55.7493
eval_probe,,prb_w_libre_r08_n048_est_i3,random,reward00,1,,,,,,,,,0.375,18.0,30.0,0.0,0.0,0.0,8.0,54.9965,6.61558,69.0744,48.5242,20.6639,165.311,0.00165181,23,,0.782609,54.9965
eval_probe,,prb_w_libre_r08_n048_est_i3,random,reward00,2,,,,,,,,,0.333333,16.0,32.0,0.0,0.0,0.0,8.0,51.0152,6.80469,66.2557,45.6598,22.4611,179.689,0.00190666,26,,0.615385,51.0152
eval_probe,,prb_w_libre_r08_n048_est_i3,random,reward00,3,,,,,,,,,0.25,12.0,36.0,0.0,0.0,0.0,8.0,51.7662,5.59344,64.2421,45.3196,21.3963,171.17,0.00165907,20,,0.6,51.7662
eval_probe,,prb_w_plazo_r04_n024_det_i1,cbaa,reward00,1,,,,,,,,,0.666667,16.0,8.0,0.0,0.0,0.0,4.0,51.8845,1.71189,54.4519,51.0069,11.8845,47.5378,0.00135086,16,,1.0,51.8845
eval_probe,,prb_w_plazo_r04_n024_det_i1,cbaa,reward00,2,,,,,,,,,0.666667,16.0,8.0,0.0,0.0,0.0,4.0,51.8845,1.71189,54.4519,51.0069,11.8845,47.5378,0.00100355,16,,1.0,51.8845
eval_probe,,prb_w_plazo_r04_n024_det_i1,cbaa,reward00,3,,,,,,,,,0.666667,16.0,8.0,0.0,0.0,0.0,4.0,51.8845,1.71189,54.4519,51.0069,11.8845,47.5378,0.00142333,16,,1.0,51.8845
eval_probe,,prb_w_plazo_r04_n024_det_i1,cbba,reward00,1,,,,,,,,,0.666667,16.0,8.0,0.0,0.0,0.0,4.0,52.0671,2.07714,55.1825,51.0069,12.0671,48.2684,0.00205614,16,,1.0,52.0671
eval_probe,,prb_w_plazo_r04_n024_det_i1,cbba,reward00,2,,,,,,,,,0.666667,16.0,8.0,0.0,0.0,0.0,4.0,52.0671,2.07714,55.1825,51.0069,12.0671,48.2684,0.00256245,16,,1.0,52.0671
eval_probe,,prb_w_plazo_r04_n024_det_i1,cbba,reward00,3,,,,,,,,,0.666667,16.0,8.0,0.0,0.0,0.0,4.0,52.0671,2.07714,55.1825,51.0069,12.0671,48.2684,0.00185657,16,,1.0,52.0671
eval_probe,,prb_w_plazo_r04_n024_det_i1,dec-mcts-v4-g9999,reward00,1,,,,,,,,,0.666667,16.0,8.0,0.0,0.0,0.0,4.0,60.0194,3.05506,64.3175,57.09,20.0194,80.0774,4.38813,16,,1.0,60.0194
eval_probe,,prb_w_plazo_r04_n024_det_i1,dec-mcts-v4-g9999,reward00,2,,,,,,,,,0.666667,16.0,8.0,0.0,0.0,0.0,4.0,56.2357,3.30178,58.3184,51.3243,16.2357,64.9429,3.76105,16,,1.0,56.2357
eval_probe,,prb_w_plazo_r04_n024_det_i1,dec-mcts-v4-g9999,reward00,3,,,,,,,,,0.666667,16.0,8.0,0.0,0.0,0.0,4.0,58.2192,1.63114,60.3031,56.4972,18.2192,72.877,4.46174,16,,1.0,58.2193
eval_probe,,prb_w_plazo_r04_n024_det_i1,greedy,reward00,1,,,,,,,,,0.666667,16.0,8.0,0.0,0.0,0.0,4.0,54.228,3.7195,57.4868,51.0069,14.228,56.9118,0.000975025,16,,1.0,54.228
eval_probe,,prb_w_plazo_r04_n024_det_i1,greedy,reward00,2,,,,,,,,,0.666667,16.0,8.0,0.0,0.0,0.0,4.0,54.228,3.7195,57.4868,51.0069,14.228,56.9118,0.00093615,16,,1.0,54.228
eval_probe,,prb_w_plazo_r04_n024_det_i1,greedy,reward00,3,,,,,,,,,0.666667,16.0,8.0,0.0,0.0,0.0,4.0,54.228,3.7195,57.4868,51.0069,14.228,56.9118,0.000972614,16,,1.0,54.228
eval_probe,,prb_w_plazo_r04_n024_det_i1,random,reward00,1,,,,,,,,,0.583333,14.0,10.0,0.0,0.0,0.0,4.0,52.3742,6.9996,58.5974,45.8153,18.9901,75.9605,0.00194591,14,,1.0,52.3742
eval_probe,,prb_w_plazo_r04_n024_det_i1,random,reward00,2,,,,,,,,,0.5,12.0,12.0,0.0,0.0,0.0,4.0,51.9605,2.8554,56.1904,49.9997,24.1266,96.5066,0.000788752,12,,1.0,51.9605
eval_probe,,prb_w_plazo_r04_n024_det_i1,random,reward00,3,,,,,,,,,0.5,12.0,12.0,0.0,0.0,0.0,4.0,51.5689,3.91638,55.8211,46.8213,21.848,87.3921,0.00170218,12,,1.0,51.5689
eval_probe,,prb_w_plazo_r04_n024_det_i2,cbaa,reward00,1,,,,,,,,,0.666667,16.0,8.0,0.0,0.0,0.0,4.0,51.3015,0.361099,51.8028,51.0069,11.3015,45.2061,0.000552675,16,,1.0,51.3015
eval_probe,,prb_w_plazo_r04_n024_det_i2,cbaa,reward00,2,,,,,,,,,0.666667,16.0,8.0,0.0,0.0,0.0,4.0,51.3015,0.361099,51.8028,51.0069,11.3015,45.2061,0.000860863,16,,1.0,51.3015
eval_probe,,prb_w_plazo_r04_n024_det_i2,cbaa,reward00,3,,,,,,,,,0.666667,16.0,8.0,0.0,0.0,0.0,4.0,51.3015,0.361099,51.8028,51.0069,11.3015,45.2061,0.000906068,16,,1.0,51.3015
eval_probe,,prb_w_plazo_r04_n024_det_i2,cbba,reward00,1,,,,,,,,,0.625,15.0,9.0,0.0,0.0,0.0,4.0,48.5515,5.16765,51.3243,40.8028,11.0515,44.2061,0.00106686,15,,1.0,48.5515
eval_probe,,prb_w_plazo_r04_n024_det_i2,cbba,reward00,2,,,,,,,,,0.625,15.0,9.0,0.0,0.0,0.0,4.0,48.5515,5.16765,51.3243,40.8028,11.0515,44.2061,0.00105054,15,,1.0,48.5515
eval_probe,,prb_w_plazo_r04_n024_det_i2,cbba,reward00,3,,,,,,,,,0.625,15.0,9.0,0.0,0.0,0.0,4.0,48.5515,5.16765,51.3243,40.8028,11.0515,44.2061,0.00129704,15,,1.0,48.5515
eval_probe,,prb_w_plazo_r04_n024_det_i2,dec-mcts-v4-g9999,reward00,1,,,,,,,,,0.666667,16.0,8.0,0.0,0.0,0.0,4.0,58.0171,1.29802,59.8852,56.9181,18.0171,72.0683,3.54187,16,,1.0,58.0171
eval_probe,,prb_w_plazo_r04_n024_det_i2,dec-mcts-v4-g9999,reward00,2,,,,,,,,,0.666667,16.0,8.0,0.0,0.0,0.0,4.0,56.624,1.50127,57.7763,54.4549,16.624,66.4962,4.10707,16,,1.0,56.624
eval_probe,,prb_w_plazo_r04_n024_det_i2,dec-mcts-v4-g9999,reward00,3,,,,,,,,,0.666667,16.0,8.0,0.0,0.0,0.0,4.0,57.0611,3.04428,60.6834,53.3405,17.0611,68.2445,5.29759,16,,1.0,57.0611
eval_probe,,prb_w_plazo_r04_n024_det_i2,greedy,reward00,1,,,,,,,,,0.583333,14.0,10.0,0.0,0.0,0.0,4.0,49.6934,5.82556,55.5174,43.1433,16.7808,67.1231,0.000779474,14,,1.0,49.6934
eval_probe,,prb_w_plazo_r04_n024_det_i2,greedy,reward00,2,,,,,,,,,0.583333,14.0,10.0,0.0,0.0,0.0,4.0,49.6934,5.82556,55.5174,43.1433,16.7808,67.1231,0.000507647,14,,1.0,49.6934
eval_probe,,prb_w_plazo_r04_n024_det_i2,greedy,reward00,3,,,,,,,,,0.583333,14.0,10.0,0.0,0.0,0.0,4.0,50.4575,4.84043,55.5174,45.4843,16.6417,66.5667,0.000481535,14,,1.0,50.4575
eval_probe,,prb_w_plazo_r04_n024_det_i2,random,reward00,1,,,,,,,,,0.541667,13.0,11.0,0.0,0.0,0.0,4.0,50.8612,4.20217,54.4996,45.1568,18.7013,74.8053,0.000872483,13,,1.0,50.8612
eval_probe,,prb_w_plazo_r04_n024_det_i2,random,reward00,2,,,,,,,,,0.458333,11.0,13.0,0.0,0.0,0.0,4.0,47.2451,2.94541,49.6961,43.2538,23.1383,92.5532,0.000704548,11,,1.0,47.2451
eval_probe,,prb_w_plazo_r04_n024_det_i2,random,reward00,3,,,,,,,,,0.5,12.0,12.0,0.0,0.0,0.0,4.0,51.1128,3.98817,56.4316,47.1665,24.5699,98.2795,0.00074806,12,,1.0,51.1128
eval_probe,,prb_w_plazo_r04_n024_det_i3,cbaa,reward00,1,,,,,,,,,0.666667,16.0,8.0,0.0,0.0,0.0,4.0,51.9931,0.776265,52.7855,51.3268,11.9931,47.9724,0.000635321,16,,1.0,51.9931
eval_probe,,prb_w_plazo_r04_n024_det_i3,cbaa,reward00,2,,,,,,,,,0.666667,16.0,8.0,0.0,0.0,0.0,4.0,51.9931,0.776265,52.7855,51.3268,11.9931,47.9724,0.000654354,16,,1.0,51.9931
eval_probe,,prb_w_plazo_r04_n024_det_i3,cbaa,reward00,3,,,,,,,,,0.625,15.0,9.0,0.0,0.0,0.0,4.0,49.0581,6.34623,52.7855,39.5868,11.5581,46.2324,0.000537513,15,,1.0,49.0581
eval_probe,,prb_w_plazo_r04_n024_det_i3,cbba,reward00,1,,,,,,,,,0.666667,16.0,8.0,0.0,0.0,0.0,4.0,52.1758,1.05923,53.5161,51.3268,12.1758,48.703,0.0011228,16,,1.0,52.1758
eval_probe,,prb_w_plazo_r04_n024_det_i3,cbba,reward00,2,,,,,,,,,0.666667,16.0,8.0,0.0,0.0,0.0,4.0,52.1758,1.05923,53.5161,51.3268,12.1758,48.703,0.00107326,16,,1.0,52.1758
eval_probe,,prb_w_plazo_r04_n024_det_i3,cbba,reward00,3,,,,,,,,,0.666667,16.0,8.0,0.0,0.0,0.0,4.0,52.1758,1.05923,53.5161,51.3268,12.1758,48.703,0.0016084,16,,1.0,52.1758
eval_probe,,prb_w_plazo_r04_n024_det_i3,dec-mcts-v4-g9999,reward00,1,,,,,,,,,0.666667,16.0,8.0,0.0,0.0,0.0,4.0,56.0398,1.05566,56.9571,54.9917,16.0398,64.1593,3.76332,16,,1.0,56.0398
eval_probe,,prb_w_plazo_r04_n024_det_i3,dec-mcts-v4-g9999,reward00,2,,,,,,,,,0.666667,16.0,8.0,0.0,0.0,0.0,4.0,55.4609,2.97105,59.2712,52.0337,15.4609,61.8435,3.55133,16,,1.0,55.4609
eval_probe,,prb_w_plazo_r04_n024_det_i3,dec-mcts-v4-g9999,reward00,3,,,,,,,,,0.666667,16.0,8.0,0.0,0.0,0.0,4.0,55.3961,1.99957,57.1067,53.2697,15.3961,61.5842,4.04973,16,,1.0,55.3961
eval_probe,,prb_w_plazo_r04_n024_det_i3,greedy,reward00,1,,,,,,,,,0.625,15.0,9.0,0.0,0.0,0.0,4.0,49.7664,2.84312,51.3268,45.5124,14.2434,56.9734,0.000532661,15,,1.0,49.7664
eval_probe,,prb_w_plazo_r04_n024_det_i3,greedy,reward00,2,,,,,,,,,0.625,15.0,9.0,0.0,0.0,0.0,4.0,49.7664,2.84312,51.3268,45.5124,14.2434,56.9734,0.000607778,15,,1.0,49.7664
eval_probe,,prb_w_plazo_r04_n024_det_i3,greedy,reward00,3,,,,,,,,,0.625,15.0,9.0,0.0,0.0,0.0,4.0,49.7664,2.84312,51.3268,45.5124,14.2434,56.9734,0.000660563,15,,1.0,49.7664
eval_probe,,prb_w_plazo_r04_n024_det_i3,random,reward00,1,,,,,,,,,0.5,12.0,12.0,0.0,0.0,0.0,4.0,49.3073,4.4147,54.4519,44.4531,21.0201,84.0803,0.000768295,12,,1.0,49.3073
eval_probe,,prb_w_plazo_r04_n024_det_i3,random,reward00,2,,,,,,,,,0.5,12.0,12.0,0.0,0.0,0.0,4.0,49.8421,5.57901,56.9849,44.8231,22.5011,90.0045,0.000942669,12,,1.0,49.8421
eval_probe,,prb_w_plazo_r04_n024_det_i3,random,reward00,3,,,,,,,,,0.5,12.0,12.0,0.0,0.0,0.0,4.0,52.7936,6.89801,59.6596,46.7573,26.4005,105.602,0.000710544,12,,1.0,52.7936
eval_probe,,prb_w_plazo_r04_n024_est_i1,cbaa,reward00,1,,,,,,,,,0.708333,17.0,7.0,0.0,0.0,0.0,4.0,60.2287,15.7685,76.3991,42.8509,14.5322,58.1289,0.0010233,21,,0.809524,60.2287
eval_probe,,prb_w_plazo_r04_n024_est_i1,cbaa,reward00,2,,,,,,,,,0.708333,17.0,7.0,0.0,0.0,0.0,4.0,45.8251,6.21382,52.1148,37.2892,14.9126,59.6505,0.00108369,22,,0.772727,45.8251
eval_probe,,prb_w_plazo_r04_n024_est_i1,cbaa,reward00,3,,,,,,,,,0.5,12.0,12.0,0.0,0.0,0.0,4.0,50.2329,13.0384,59.0265,31.0494,10.3257,41.3026,0.000871128,15,,0.8,50.2328
eval_probe,,prb_w_plazo_r04_n024_est_i1,cbba,reward00,1,,,,,,,,,0.5,12.0,12.0,0.0,0.0,0.0,4.0,51.8874,5.27154,58.5419,46.8892,10.7589,43.0357,0.00199079,16,,0.75,51.8874
eval_probe,,prb_w_plazo_r04_n024_est_i1,cbba,reward00,2,,,,,,,,,0.541667,13.0,11.0,0.0,0.0,0.0,4.0,39.5375,7.83887,49.0819,31.324,12.9078,51.6311,0.00225778,22,,0.590909,39.5375
eval_probe,,prb_w_plazo_r04_n024_est_i1,cbba,reward00,3,,,,,,,,,0.708333,17.0,7.0,0.0,0.0,0.0,4.0,47.6132,5.59746,52.0741,40.0624,14.4827,57.9308,0.00150088,20,,0.85,47.6132
eval_probe,,prb_w_plazo_r04_n024_est_i1,dec-mcts-v4-g9999,reward00,1,,,,,,,,,0.5,12.0,12.0,0.0,0.0,0.0,4.0,58.0185,8.67942,70.2439,51.1178,13.3896,53.5584,4.52771,15,,0.8,58.0185
eval_probe,,prb_w_plazo_r04_n024_est_i1,dec-mcts-v4-g9999,reward00,2,,,,,,,,,0.583333,14.0,10.0,0.0,0.0,0.0,4.0,58.7623,5.26414,65.9145,54.7392,16.7265,66.9061,4.21682,17,,0.823529,58.7623
eval_probe,,prb_w_plazo_r04_n024_est_i1,dec-mcts-v4-g9999,reward00,3,,,,,,,,,0.666667,16.0,8.0,0.0,0.0,0.0,4.0,53.3059,8.65408,64.0472,43.6159,20.0788,80.3153,4.26145,19,,0.842105,53.3059
eval_probe,,prb_w_plazo_r04_n024_est_i1,greedy,reward00,1,,,,,,,,,0.458333,11.0,13.0,0.0,0.0,0.0,4.0,53.7271,2.61853,56.1409,50.2031,16.1993,64.797,0.000884726,17,,0.647059,53.7271
eval_probe,,prb_w_plazo_r04_n024_est_i1,greedy,reward00,2,,,,,,,,,0.416667,10.0,14.0,0.0,0.0,0.0,4.0,51.3006,9.36755,64.9142,44.5699,18.9741,75.8964,0.00166026,21,,0.47619,51.3006
eval_probe,,prb_w_plazo_r04_n024_est_i1,greedy,reward00,3,,,,,,,,,0.375,9.0,15.0,0.0,0.0,1.0,3.0,51.3983,7.36295,62.1304,45.7456,13.8743,55.497,0.000915371,18,,0.5,51.8643
eval_probe,,prb_w_plazo_r04_n024_est_i1,random,reward00,1,,,,,,,,,0.25,6.0,18.0,0.0,0.0,1.0,3.0,51.0651,6.56918,57.8646,45.1369,27.5702,110.281,0.000827874,15,,0.4,53.0412
eval_probe,,prb_w_plazo_r04_n024_est_i1,random,reward00,2,,,,,,,,,0.458333,11.0,13.0,0.0,0.0,0.0,4.0,58.0527,8.42478,69.41,49.3097,26.7105,106.842,0.000809675,15,,0.733333,58.0527
eval_probe,,prb_w_plazo_r04_n024_est_i1,random,reward00,3,,,,,,,,,0.416667,10.0,14.0,0.0,0.0,0.0,4.0,55.6092,4.73641,60.627,49.3097,23.6466,94.5865,0.00074069,12,,0.833333,55.6092
eval_probe,,prb_w_plazo_r04_n024_est_i2,cbaa,reward00,1,,,,,,,,,0.458333,11.0,13.0,0.0,0.0,0.0,4.0,46.8231,10.475,62.4107,39.8172,11.0736,44.2942,0.000476742,13,,0.846154,46.8231
eval_probe,,prb_w_plazo_r04_n024_est_i2,cbaa,reward00,2,,,,,,,,,0.5,12.0,12.0,0.0,0.0,0.0,4.0,57.9864,20.7529,79.2199,34.1396,9.15958,36.6383,0.000412038,12,,1.0,57.9864
eval_probe,,prb_w_plazo_r04_n024_est_i2,cbaa,reward00,3,,,,,,,,,0.5,12.0,12.0,0.0,0.0,0.0,4.0,42.6584,6.22811,50.7053,36.6123,10.5278,42.1111,0.000507883,15,,0.8,42.6585
eval_probe,,prb_w_plazo_r04_n024_est_i2,cbba,reward00,1,,,,,,,,,0.375,9.0,15.0,0.0,0.0,0.0,4.0,37.2389,9.18137,49.6893,28.906,10.9044,43.6174,0.000925643,13,,0.692308,37.2389
eval_probe,,prb_w_plazo_r04_n024_est_i2,cbba,reward00,2,,,,,,,,,0.5,12.0,12.0,0.0,0.0,0.0,4.0,45.6058,13.2624,65.3559,36.8979,10.7111,42.8442,0.00103474,16,,0.75,45.6058
eval_probe,,prb_w_plazo_r04_n024_est_i2,cbba,reward00,3,,,,,,,,,0.458333,11.0,13.0,0.0,0.0,0.0,4.0,44.7499,14.2004,56.2445,25.122,11.0887,44.3548,0.0010438,16,,0.6875,44.7499
eval_probe,,prb_w_plazo_r04_n024_est_i2,dec-mcts-v4-g9999,reward00,1,,,,,,,,,0.5,12.0,12.0,0.0,0.0,0.0,4.0,52.4255,6.72699,62.1863,47.7711,15.3391,61.3562,2.81122,15,,0.8,52.4255
eval_probe,,prb_w_plazo_r04_n024_est_i2,dec-mcts-v4-g9999,reward00,2,,,,,,,,,0.458333,11.0,13.0,0.0,0.0,0.0,4.0,45.8438,1.90017,48.2425,43.8994,19.292,77.168,2.75972,15,,0.733333,45.8438
eval_probe,,prb_w_plazo_r04_n024_est_i2,dec-mcts-v4-g9999,reward00,3,,,,,,,,,0.541667,13.0,11.0,0.0,0.0,0.0,4.0,54.1729,7.92619,65.3906,47.5545,17.6994,70.7975,2.43817,16,,0.8125,54.1729
eval_probe,,prb_w_plazo_r04_n024_est_i2,greedy,reward00,1,,,,,,,,,0.416667,10.0,14.0,0.0,0.0,0.0,4.0,41.2528,4.29498,47.4647,38.2195,14.4454,57.7817,0.000512226,16,,0.625,41.2527
eval_probe,,prb_w_plazo_r04_n024_est_i2,greedy,reward00,2,,,,,,,,,0.416667,10.0,14.0,0.0,0.0,0.0,4.0,43.6294,2.49622,46.7435,40.6746,14.8895,59.5581,0.000404019,16,,0.625,43.6294
eval_probe,,prb_w_plazo_r04_n024_est_i2,greedy,reward00,3,,,,,,,,,0.5,12.0,12.0,0.0,0.0,0.0,4.0,31.9303,2.8843,34.5263,28.4935,17.5384,70.1535,0.00056992,20,,0.6,31.9303
eval_probe,,prb_w_plazo_r04_n024_est_i2,random,reward00,1,,,,,,,,,0.5,12.0,12.0,0.0,0.0,0.0,4.0,50.0359,6.8244,53.8991,39.8128,26.0335,104.134,0.000476768,16,,0.75,50.0358
eval_probe,,prb_w_plazo_r04_n024_est_i2,random,reward00,2,,,,,,,,,0.458333,11.0,13.0,0.0,0.0,0.0,4.0,51.4851,8.4228,63.5882,44.7522,18.6458,74.5833,0.000338485,11,,1.0,51.4851
eval_probe,,prb_w_plazo_r04_n024_est_i2,random,reward00,3,,,,,,,,,0.25,6.0,18.0,0.0,0.0,0.0,4.0,34.142,3.94449,39.9691,31.6248,29.0694,116.278,0.000738736,14,,0.428571,34.142
eval_probe,,prb_w_plazo_r04_n024_est_i3,cbaa,reward00,1,,,,,,,,,0.541667,13.0,11.0,0.0,0.0,0.0,4.0,51.4061,11.6044,62.1282,35.0143,11.1862,44.7449,0.00104402,16,,0.8125,51.4061
eval_probe,,prb_w_plazo_r04_n024_est_i3,cbaa,reward00,2,,,,,,,,,0.541667,13.0,11.0,0.0,0.0,0.0,4.0,54.0696,7.49691,60.0376,44.2744,11.963,47.852,0.00114764,16,,0.8125,54.0695
eval_probe,,prb_w_plazo_r04_n024_est_i3,cbaa,reward00,3,,,,,,,,,0.5,12.0,12.0,0.0,0.0,0.0,4.0,44.2952,12.3022,55.622,32.2578,10.6749,42.6996,0.00119573,15,,0.8,44.2952
eval_probe,,prb_w_plazo_r04_n024_est_i3,cbba,reward00,1,,,,,,,,,0.625,15.0,9.0,0.0,0.0,0.0,4.0,50.8862,18.0564,73.861,30.796,15.5459,62.1837,0.00264493,21,,0.714286,50.8862
eval_probe,,prb_w_plazo_r04_n024_est_i3,cbba,reward00,2,,,,,,,,,0.541667,13.0,11.0,0.0,0.0,0.0,4.0,52.4847,15.8882,68.9495,32.1963,13.6098,54.4392,0.00216802,17,,0.764706,52.4848
eval_probe,,prb_w_plazo_r04_n024_est_i3,cbba,reward00,3,,,,,,,,,0.541667,13.0,11.0,0.0,0.0,0.0,4.0,47.6812,12.0837,60.0085,32.4467,12.8423,51.3693,0.0027259,21,,0.619048,47.6812
eval_probe,,prb_w_plazo_r04_n024_est_i3,dec-mcts-v4-g9999,reward00,1,,,,,,,,,0.583333,14.0,10.0,0.0,0.0,0.0,4.0,71.7216,15.7904,94.1231,58.3829,19.1578,76.6311,6.04289,19,,0.736842,71.7216
eval_probe,,prb_w_plazo_r04_n024_est_i3,dec-mcts-v4-g9999,reward00,2,,,,,,,,,0.75,18.0,6.0,0.0,0.0,0.0,4.0,61.5794,8.54221,70.2349,49.9268,26.7526,107.01,5.66668,23,,0.782609,61.5794
eval_probe,,prb_w_plazo_r04_n024_est_i3,dec-mcts-v4-g9999,reward00,3,,,,,,,,,0.666667,16.0,8.0,0.0,0.0,0.0,4.0,58.6347,7.75849,68.813,49.9742,20.7967,83.1868,5.90546,18,,0.888889,58.6347
eval_probe,,prb_w_plazo_r04_n024_est_i3,greedy,reward00,1,,,,,,,,,0.666667,16.0,8.0,0.0,0.0,0.0,4.0,52.4373,10.0316,63.056,43.457,13.6641,54.6564,0.00105935,19,,0.842105,52.4372
eval_probe,,prb_w_plazo_r04_n024_est_i3,greedy,reward00,2,,,,,,,,,0.583333,14.0,10.0,0.0,0.0,0.0,4.0,50.5418,8.68342,63.308,43.8575,15.6851,62.7406,0.000986252,18,,0.777778,50.5418
eval_probe,,prb_w_plazo_r04_n024_est_i3,greedy,reward00,3,,,,,,,,,0.583333,14.0,10.0,0.0,0.0,0.0,4.0,51.2576,5.96766,59.4534,45.1556,16.5142,66.0569,0.00168974,17,,0.823529,51.2576
eval_probe,,prb_w_plazo_r04_n024_est_i3,random,reward00,1,,,,,,,,,0.5,12.0,12.0,0.0,0.0,0.0,4.0,47.5228,17.6869,70.1233,33.3758,28.7787,115.115,0.000975566,17,,0.705882,47.5228
eval_probe,,prb_w_plazo_r04_n024_est_i3,random,reward00,2,,,,,,,,,0.583333,14.0,10.0,0.0,0.0,0.0,4.0,51.3897,13.4741,65.028,38.2246,30.2646,121.059,0.00147446,17,,0.823529,51.3897
eval_probe,,prb_w_plazo_r04_n024_est_i3,random,reward00,3,,,,,,,,,0.5,12.0,12.0,0.0,0.0,0.0,4.0,42.8356,8.58114,55.4585,37.2982,23.803,95.2121,0.00094601,17,,0.705882,42.8357
eval_probe,,prb_w_plazo_r08_n048_det_i1,cbaa,reward00,1,,,,,,,,,0.583333,28.0,20.0,0.0,0.0,0.0,8.0,43.9022,5.69367,50.0586,37.6464,8.9022,71.2176,0.00215014,28,,1.0,43.9022
eval_probe,,prb_w_plazo_r08_n048_det_i1,cbaa,reward00,2,,,,,,,,,0.583333,28.0,20.0,0.0,0.0,0.0,8.0,43.9022,5.69367,50.0586,37.6464,8.9022,71.2176,0.00178739,28,,1.0,43.9022
eval_probe,,prb_w_plazo_r08_n048_det_i1,cbaa,reward00,3,,,,,,,,,0.583333,28.0,20.0,0.0,0.0,0.0,8.0,43.9022,5.69367,50.0586,37.6464,8.9022,71.2176,0.00157545,28,,1.0,43.9022
eval_probe,,prb_w_plazo_r08_n048_det_i1,cbba,reward00,1,,,,,,,,,0.583333,28.0,20.0,0.0,0.0,0.0,8.0,44.0261,5.61164,50.0586,37.6464,9.02613,72.209,0.0179102,28,,1.0,44.0261
eval_probe,,prb_w_plazo_r08_n048_det_i1,cbba,reward00,2,,,,,,,,,0.583333,28.0,20.0,0.0,0.0,0.0,8.0,44.0261,5.61164,50.0586,37.6464,9.02613,72.209,0.0221052,28,,1.0,44.0261
eval_probe,,prb_w_plazo_r08_n048_det_i1,cbba,reward00,3,,,,,,,,,0.583333,28.0,20.0,0.0,0.0,0.0,8.0,44.0261,5.61164,50.0586,37.6464,9.02613,72.209,0.0157409,28,,1.0,44.0261
eval_probe,,prb_w_plazo_r08_n048_det_i1,dec-mcts-v4-g9999,reward00,1,,,,,,,,,0.666667,32.0,16.0,0.0,0.0,0.0,8.0,55.684,4.78662,63.6634,49.2563,15.684,125.472,19.1545,32,,1.0,55.6841
eval_probe,,prb_w_plazo_r08_n048_det_i1,dec-mcts-v4-g9999,reward00,2,,,,,,,,,0.708333,34.0,14.0,0.0,0.0,0.0,8.0,55.8366,6.52162,67.7315,50.1953,13.3366,106.693,18.8961,34,,1.0,55.8366
eval_probe,,prb_w_plazo_r08_n048_det_i1,dec-mcts-v4-g9999,reward00,3,,,,,,,,,0.708333,34.0,14.0,0.0,0.0,0.0,8.0,58.35,5.50244,67.3355,53.1969,15.85,126.8,19.6381,34,,1.0,58.35
eval_probe,,prb_w_plazo_r08_n048_det_i1,greedy,reward00,1,,,,,,,,,0.541667,26.0,22.0,0.0,0.0,0.0,8.0,43.8172,3.99794,48.6464,39.2731,11.3264,90.6109,0.00171053,26,,1.0,43.8172
eval_probe,,prb_w_plazo_r08_n048_det_i1,greedy,reward00,2,,,,,,,,,0.541667,26.0,22.0,0.0,0.0,0.0,8.0,43.903,5.36812,52.7468,39.2731,11.4122,91.2976,0.0085544,26,,1.0,43.903
eval_probe,,prb_w_plazo_r08_n048_det_i1,greedy,reward00,3,,,,,,,,,0.541667,26.0,22.0,0.0,0.0,0.0,8.0,43.7786,3.80445,48.6464,39.2763,11.2878,90.302,0.00182791,26,,1.0,43.7786
eval_probe,,prb_w_plazo_r08_n048_det_i1,random,reward00,1,,,,,,,,,0.5,24.0,24.0,0.0,0.0,0.0,8.0,47.2926,4.20338,52.0811,41.686,18.7794,150.236,0.00168256,24,,1.0,47.2927
eval_probe,,prb_w_plazo_r08_n048_det_i1,random,reward00,2,,,,,,,,,0.479167,23.0,25.0,0.0,0.0,0.0,8.0,46.8053,5.58428,54.1072,39.7672,18.7165,149.732,0.00161961,23,,1.0,46.8053
eval_probe,,prb_w_plazo_r08_n048_det_i1,random,reward00,3,,,,,,,,,0.458333,22.0,26.0,0.0,0.0,0.0,8.0,46.0051,6.84072,52.2606,34.4897,22.3977,179.181,0.00103211,22,,1.0,46.0051
eval_probe,,prb_w_plazo_r08_n048_det_i2,cbaa,reward00,1,,,,,,,,,0.479167,23.0,25.0,0.0,0.0,0.0,8.0,36.588,22.9872,53.6943,0.0,7.83796,62.7037,0.00216248,23,,1.0,36.588
eval_probe,,prb_w_plazo_r08_n048_det_i2,cbaa,reward00,2,,,,,,,,,0.479167,23.0,25.0,0.0,0.0,0.0,8.0,36.588,22.9872,53.6943,0.0,7.83796,62.7037,0.00210321,23,,1.0,36.588
eval_probe,,prb_w_plazo_r08_n048_det_i2,cbaa,reward00,3,,,,,,,,,0.479167,23.0,25.0,0.0,0.0,0.0,8.0,36.588,22.9872,53.6943,0.0,7.83796,62.7037,0.00224042,23,,1.0,36.588
eval_probe,,prb_w_plazo_r08_n048_det_i2,cbba,reward00,1,,,,,,,,,0.645833,31.0,17.0,0.0,0.0,0.0,8.0,49.2561,9.38334,61.0987,39.2231,10.5061,84.0486,0.016353,31,,1.0,49.2561
eval_probe,,prb_w_plazo_r08_n048_det_i2,cbba,reward00,2,,,,,,,,,0.645833,31.0,17.0,0.0,0.0,0.0,8.0,49.2561,9.38334,61.0987,39.2231,10.5061,84.0486,0.0149504,31,,1.0,49.2561
eval_probe,,prb_w_plazo_r08_n048_det_i2,cbba,reward00,3,,,,,,,,,0.645833,31.0,17.0,0.0,0.0,0.0,8.0,49.2561,9.38334,61.0987,39.2231,10.5061,84.0486,0.0214418,31,,1.0,49.2561
eval_probe,,prb_w_plazo_r08_n048_det_i2,dec-mcts-v4-g9999,reward00,1,,,,,,,,,0.708333,34.0,14.0,0.0,0.0,0.0,8.0,59.0743,5.25353,66.6498,51.2731,16.5743,132.595,22.1418,34,,1.0,59.0743
eval_probe,,prb_w_plazo_r08_n048_det_i2,dec-mcts-v4-g9999,reward00,2,,,,,,,,,0.729167,35.0,13.0,0.0,0.0,0.0,8.0,58.2473,4.67255,65.7132,52.5481,14.4973,115.978,22.3081,35,,1.0,58.2473
eval_probe,,prb_w_plazo_r08_n048_det_i2,dec-mcts-v4-g9999,reward00,3,,,,,,,,,0.729167,35.0,13.0,0.0,0.0,0.0,8.0,59.6691,4.80708,65.9705,53.4583,15.9191,127.353,21.9878,35,,1.0,59.6691
eval_probe,,prb_w_plazo_r08_n048_det_i2,greedy,reward00,1,,,,,,,,,0.625,30.0,18.0,0.0,0.0,0.0,8.0,50.0561,5.1186,57.8292,41.8765,14.1605,113.284,0.00199765,30,,1.0,50.0561
eval_probe,,prb_w_plazo_r08_n048_det_i2,greedy,reward00,2,,,,,,,,,0.625,30.0,18.0,0.0,0.0,0.0,8.0,50.0561,5.1186,57.8292,41.8765,14.1605,113.284,0.00191092,30,,1.0,50.0561
eval_probe,,prb_w_plazo_r08_n048_det_i2,greedy,reward00,3,,,,,,,,,0.625,30.0,18.0,0.0,0.0,0.0,8.0,50.0561,5.1186,57.8292,41.8765,14.1605,113.284,0.00189535,30,,1.0,50.0561
eval_probe,,prb_w_plazo_r08_n048_det_i2,random,reward00,1,,,,,,,,,0.5,24.0,24.0,0.0,0.0,0.0,8.0,51.2482,3.35327,57.3074,48.0362,22.2434,177.947,0.00163913,24,,1.0,51.2482
eval_probe,,prb_w_plazo_r08_n048_det_i2,random,reward00,2,,,,,,,,,0.5,24.0,24.0,0.0,0.0,0.0,8.0,51.1097,3.67801,58.5443,45.9182,23.0609,184.487,0.00162159,24,,1.0,51.1097
eval_probe,,prb_w_plazo_r08_n048_det_i2,random,reward00,3,,,,,,,,,0.541667,26.0,22.0,0.0,0.0,0.0,8.0,53.3603,4.18152,60.1411,48.5965,22.5253,180.203,0.0016374,26,,1.0,53.3603
eval_probe,,prb_w_plazo_r08_n048_det_i3,cbaa,reward00,1,,,,,,,,,0.5,24.0,24.0,0.0,0.0,0.0,8.0,38.932,24.611,61.1861,0.0,8.93201,71.4561,0.00236346,24,,1.0,38.932
eval_probe,,prb_w_plazo_r08_n048_det_i3,cbaa,reward00,2,,,,,,,,,0.5,24.0,24.0,0.0,0.0,0.0,8.0,38.932,24.611,61.1861,0.0,8.93201,71.4561,0.0022634,24,,1.0,38.932
eval_probe,,prb_w_plazo_r08_n048_det_i3,cbaa,reward00,3,,,,,,,,,0.5,24.0,24.0,0.0,0.0,0.0,8.0,38.932,24.611,61.1861,0.0,8.93201,71.4561,0.0017291,24,,1.0,38.932
eval_probe,,prb_w_plazo_r08_n048_det_i3,cbba,reward00,1,,,,,,,,,0.625,30.0,18.0,0.0,0.0,0.0,8.0,46.989,5.60566,51.1497,37.6863,9.48898,75.9118,0.0119391,30,,1.0,46.989
eval_probe,,prb_w_plazo_r08_n048_det_i3,cbba,reward00,2,,,,,,,,,0.625,30.0,18.0,0.0,0.0,0.0,8.0,46.989,5.60566,51.1497,37.6863,9.48898,75.9118,0.0128333,30,,1.0,46.989
eval_probe,,prb_w_plazo_r08_n048_det_i3,cbba,reward00,3,,,,,,,,,0.625,30.0,18.0,0.0,0.0,0.0,8.0,46.989,5.60566,51.1497,37.6863,9.48898,75.9118,0.0159323,30,,1.0,46.989
eval_probe,,prb_w_plazo_r08_n048_det_i3,dec-mcts-v4-g9999,reward00,1,,,,,,,,,0.729167,35.0,13.0,0.0,0.0,0.0,8.0,57.182,5.44755,64.6242,51.0606,13.432,107.456,23.4756,35,,1.0,57.1821
eval_probe,,prb_w_plazo_r08_n048_det_i3,dec-mcts-v4-g9999,reward00,2,,,,,,,,,0.729167,35.0,13.0,0.0,0.0,0.0,8.0,58.6984,4.45429,64.7748,50.6737,14.9484,119.588,23.6128,35,,1.0,58.6984
eval_probe,,prb_w_plazo_r08_n048_det_i3,dec-mcts-v4-g9999,reward00,3,,,,,,,,,0.729167,35.0,13.0,0.0,0.0,0.0,8.0,58.3236,5.23258,65.9146,50.7929,14.5736,116.589,23.8489,35,,1.0,58.3236
eval_probe,,prb_w_plazo_r08_n048_det_i3,greedy,reward00,1,,,,,,,,,0.5625,27.0,21.0,0.0,0.0,0.0,8.0,44.7424,4.86434,51.2879,40.3181,12.8456,102.764,0.00197789,27,,1.0,44.7424
eval_probe,,prb_w_plazo_r08_n048_det_i3,greedy,reward00,2,,,,,,,,,0.583333,28.0,20.0,0.0,0.0,0.0,8.0,46.6213,6.77831,55.5135,40.3181,13.8396,110.717,0.00199649,28,,1.0,46.6213
eval_probe,,prb_w_plazo_r08_n048_det_i3,greedy,reward00,3,,,,,,,,,0.5625,27.0,21.0,0.0,0.0,0.0,8.0,44.7424,4.86434,51.2879,40.3181,12.8456,102.764,0.00135839,27,,1.0,44.7424
eval_probe,,prb_w_plazo_r08_n048_det_i3,random,reward00,1,,,,,,,,,0.5,24.0,24.0,0.0,0.0,0.0,8.0,52.5252,4.23001,59.5476,48.1445,26.0331,208.265,0.00190967,24,,1.0,52.5252
eval_probe,,prb_w_plazo_r08_n048_det_i3,random,reward00,2,,,,,,,,,0.520833,25.0,23.0,0.0,0.0,0.0,8.0,51.8057,4.67477,61.3533,46.7498,23.7334,189.868,0.00209461,25,,1.0,51.8057
eval_probe,,prb_w_plazo_r08_n048_det_i3,random,reward00,3,,,,,,,,,0.479167,23.0,25.0,0.0,0.0,0.0,8.0,49.2879,2.91073,53.7078,46.0328,22.616,180.928,0.00172882,23,,1.0,49.2879
eval_probe,,prb_w_plazo_r08_n048_est_i1,cbaa,reward00,1,,,,,,,,,0.458333,22.0,26.0,0.0,0.0,0.0,8.0,35.7679,29.9364,66.2683,0.0,6.30749,50.4599,0.00169554,26,,0.846154,35.7679
eval_probe,,prb_w_plazo_r08_n048_est_i1,cbaa,reward00,2,,,,,,,,,0.583333,28.0,20.0,0.0,0.0,0.0,8.0,31.2523,26.1507,56.093,0.0,8.03235,64.2588,0.0021966,35,,0.8,31.2523
eval_probe,,prb_w_plazo_r08_n048_est_i1,cbaa,reward00,3,,,,,,,,,0.354167,17.0,31.0,0.0,0.0,0.0,8.0,32.5432,27.2453,60.0632,0.0,6.1393,49.1144,0.00162359,22,,0.772727,32.5432
eval_probe,,prb_w_plazo_r08_n048_est_i1,cbba,reward00,1,,,,,,,,,0.645833,31.0,17.0,0.0,0.0,0.0,8.0,47.7887,4.82415,56.8118,42.2864,10.9331,87.4652,0.0190215,38,,0.815789,47.7887
eval_probe,,prb_w_plazo_r08_n048_est_i1,cbba,reward00,2,,,,,,,,,0.604167,29.0,19.0,0.0,0.0,0.0,8.0,53.8037,11.8498,72.6887,36.2253,11.1795,89.4359,0.0190054,36,,0.805556,53.8037
eval_probe,,prb_w_plazo_r08_n048_est_i1,cbba,reward00,3,,,,,,,,,0.583333,28.0,20.0,0.0,0.0,0.0,8.0,58.5565,7.21175,69.3696,47.3183,10.6735,85.3877,0.0197566,36,,0.777778,58.5565
eval_probe,,prb_w_plazo_r08_n048_est_i1,dec-mcts-v4-g9999,reward00,1,,,,,,,,,0.541667,26.0,22.0,0.0,0.0,0.0,8.0,60.9148,4.79411,65.9893,53.3494,17.586,140.688,28.0646,37,,0.702703,60.9148
eval_probe,,prb_w_plazo_r08_n048_est_i1,dec-mcts-v4-g9999,reward00,2,,,,,,,,,0.583333,28.0,20.0,0.0,0.0,0.0,8.0,53.9129,4.5206,62.0124,46.7652,18.067,144.536,27.2272,32,,0.875,53.9129
eval_probe,,prb_w_plazo_r08_n048_est_i1,dec-mcts-v4-g9999,reward00,3,,,,,,,,,0.541667,26.0,22.0,0.0,0.0,0.0,8.0,57.0485,9.73502,75.0,44.7118,20.2447,161.957,27.4918,35,,0.742857,57.0485
eval_probe,,prb_w_plazo_r08_n048_est_i1,greedy,reward00,1,,,,,,,,,0.541667,26.0,22.0,0.0,0.0,0.0,8.0,45.5212,4.38435,52.3151,37.9819,12.0267,96.2138,0.00148043,37,,0.702703,45.5213
eval_probe,,prb_w_plazo_r08_n048_est_i1,greedy,reward00,2,,,,,,,,,0.583333,28.0,20.0,0.0,0.0,0.0,8.0,40.8052,7.19977,49.9548,32.1865,14.3379,114.704,0.00239419,39,,0.717949,40.8052
eval_probe,,prb_w_plazo_r08_n048_est_i1,greedy,reward00,3,,,,,,,,,0.5,24.0,24.0,0.0,0.0,0.0,8.0,50.4359,4.43103,58.5829,46.7037,11.2762,90.2095,0.00124184,30,,0.8,50.4359
eval_probe,,prb_w_plazo_r08_n048_est_i1,random,reward00,1,,,,,,,,,0.458333,22.0,26.0,0.0,0.0,0.0,8.0,51.7741,7.26509,68.8005,46.3952,26.6767,213.414,0.00144878,29,,0.758621,51.7741
eval_probe,,prb_w_plazo_r08_n048_est_i1,random,reward00,2,,,,,,,,,0.416667,20.0,28.0,0.0,0.0,0.0,8.0,52.5489,7.26015,64.0384,44.87,25.6003,204.802,0.00176126,30,,0.666667,52.5489
eval_probe,,prb_w_plazo_r08_n048_est_i1,random,reward00,3,,,,,,,,,0.479167,23.0,25.0,0.0,0.0,0.0,8.0,54.4746,6.80185,64.7812,48.0265,26.9924,215.939,0.00196687,31,,0.741935,54.4746
eval_probe,,prb_w_plazo_r08_n048_est_i2,cbaa,reward00,1,,,,,,,,,0.5625,27.0,21.0,0.0,0.0,0.0,8.0,45.1186,18.9692,75.1417,26.3646,11.5465,92.3723,0.00189405,39,,0.692308,45.1186
eval_probe,,prb_w_plazo_r08_n048_est_i2,cbaa,reward00,2,,,,,,,,,0.458333,22.0,26.0,0.0,0.0,0.0,8.0,47.3112,11.3204,62.3098,26.6732,9.79291,78.3432,0.00258988,36,,0.611111,47.3112
eval_probe,,prb_w_plazo_r08_n048_est_i2,cbaa,reward00,3,,,,,,,,,0.4375,21.0,27.0,0.0,0.0,0.0,8.0,49.5008,14.3303,72.5862,33.5695,11.1636,89.3091,0.00171269,31,,0.677419,49.5008
eval_probe,,prb_w_plazo_r08_n048_est_i2,cbba,reward00,1,,,,,,,,,0.541667,26.0,22.0,0.0,0.0,0.0,8.0,39.794,5.45364,46.3269,32.3961,10.3857,83.0853,0.0128872,37,,0.702703,39.794
eval_probe,,prb_w_plazo_r08_n048_est_i2,cbba,reward00,2,,,,,,,,,0.625,30.0,18.0,0.0,0.0,0.0,8.0,39.5597,4.89319,48.307,33.2297,10.1896,81.517,0.0182321,37,,0.810811,39.5597
eval_probe,,prb_w_plazo_r08_n048_est_i2,cbba,reward00,3,,,,,,,,,0.479167,23.0,25.0,0.0,0.0,0.0,8.0,44.3686,9.82794,59.1488,30.0602,10.9743,87.7947,0.0175874,33,,0.69697,44.3686
eval_probe,,prb_w_plazo_r08_n048_est_i2,dec-mcts-v4-g9999,reward00,1,,,,,,,,,0.5625,27.0,21.0,0.0,0.0,0.0,8.0,57.7253,8.49493,69.7349,46.5229,22.2621,178.097,25.3711,34,,0.794118,57.7253
eval_probe,,prb_w_plazo_r08_n048_est_i2,dec-mcts-v4-g9999,reward00,2,,,,,,,,,0.395833,19.0,29.0,0.0,0.0,0.0,8.0,58.8301,9.70045,73.6918,47.779,18.5264,148.212,27.7387,31,,0.612903,58.8301
eval_probe,,prb_w_plazo_r08_n048_est_i2,dec-mcts-v4-g9999,reward00,3,,,,,,,,,0.520833,25.0,23.0,0.0,0.0,0.0,8.0,55.6087,9.90695,74.6173,45.197,17.2147,137.717,26.2593,32,,0.78125,55.6087
eval_probe,,prb_w_plazo_r08_n048_est_i2,greedy,reward00,1,,,,,,,,,0.541667,26.0,22.0,0.0,0.0,0.0,8.0,45.1436,8.90393,57.4059,34.6531,14.6073,116.859,0.00132823,34,,0.764706,45.1436
eval_probe,,prb_w_plazo_r08_n048_est_i2,greedy,reward00,2,,,,,,,,,0.520833,25.0,23.0,0.0,0.0,0.0,8.0,40.5086,4.99413,49.9321,35.8238,13.2577,106.062,0.00130069,31,,0.806452,40.5086
eval_probe,,prb_w_plazo_r08_n048_est_i2,greedy,reward00,3,,,,,,,,,0.458333,22.0,26.0,0.0,0.0,0.0,8.0,51.7494,6.18621,60.3535,45.7049,12.059,96.4719,0.00175283,29,,0.758621,51.7494
eval_probe,,prb_w_plazo_r08_n048_est_i2,random,reward00,1,,,,,,,,,0.458333,22.0,26.0,0.0,0.0,0.0,8.0,50.5551,4.85103,60.9503,43.8867,27.6955,221.564,0.00129224,32,,0.6875,50.5551
eval_probe,,prb_w_plazo_r08_n048_est_i2,random,reward00,2,,,,,,,,,0.458333,22.0,26.0,0.0,0.0,0.0,8.0,50.1096,4.24141,57.2186,46.522,25.4126,203.301,0.00178856,28,,0.785714,50.1096
eval_probe,,prb_w_plazo_r08_n048_est_i2,random,reward00,3,,,,,,,,,0.479167,23.0,25.0,0.0,0.0,0.0,8.0,50.8836,3.8695,55.4416,46.0209,22.9072,183.258,0.00161822,25,,0.92,50.8836
eval_probe,,prb_w_plazo_r08_n048_est_i3,cbaa,reward00,1,,,,,,,,,0.458333,22.0,26.0,0.0,0.0,0.0,8.0,45.9462,21.3647,73.9204,0.0,9.4105,75.284,0.00255034,29,,0.758621,45.9462
eval_probe,,prb_w_plazo_r08_n048_est_i3,cbaa,reward00,2,,,,,,,,,0.5,24.0,24.0,0.0,0.0,0.0,8.0,42.9078,21.6927,65.3501,0.0,10.581,84.6482,0.00245338,30,,0.8,42.9078
eval_probe,,prb_w_plazo_r08_n048_est_i3,cbaa,reward00,3,,,,,,,,,0.479167,23.0,25.0,0.0,0.0,0.0,8.0,47.2141,19.5076,59.2159,0.0,9.09278,72.7422,0.00227863,29,,0.793103,47.2141
eval_probe,,prb_w_plazo_r08_n048_est_i3,cbba,reward00,1,,,,,,,,,0.5625,27.0,21.0,0.0,0.0,0.0,8.0,54.0627,8.45279,69.2749,41.1942,10.7594,86.0752,0.00942767,32,,0.84375,54.0627
eval_probe,,prb_w_plazo_r08_n048_est_i3,cbba,reward00,2,,,,,,,,,0.5,24.0,24.0,0.0,0.0,0.0,8.0,43.6633,8.14645,52.3617,32.1425,10.4203,83.3623,0.0100628,31,,0.774194,43.6633
eval_probe,,prb_w_plazo_r08_n048_est_i3,cbba,reward00,3,,,,,,,,,0.5625,27.0,21.0,0.0,0.0,0.0,8.0,41.8783,11.3877,67.8435,30.9079,11.0734,88.587,0.0111718,36,,0.75,41.8783
eval_probe,,prb_w_plazo_r08_n048_est_i3,dec-mcts-v4-g9999,reward00,1,,,,,,,,,0.520833,25.0,23.0,0.0,0.0,0.0,8.0,54.53,7.26035,64.0842,42.0579,18.2406,145.925,25.0177,34,,0.735294,54.5301
eval_probe,,prb_w_plazo_r08_n048_est_i3,dec-mcts-v4-g9999,reward00,2,,,,,,,,,0.583333,28.0,20.0,0.0,0.0,0.0,8.0,54.8533,8.48482,64.5398,39.2254,23.0849,184.679,24.3244,36,,0.777778,54.8533
eval_probe,,prb_w_plazo_r08_n048_est_i3,dec-mcts-v4-g9999,reward00,3,,,,,,,,,0.625,30.0,18.0,0.0,0.0,0.0,8.0,61.5161,7.73021,75.6641,52.5337,18.4344,147.475,26.1897,33,,0.909091,61.5161
eval_probe,,prb_w_plazo_r08_n048_est_i3,greedy,reward00,1,,,,,,,,,0.541667,26.0,22.0,0.0,0.0,0.0,8.0,42.0384,6.12956,54.8278,36.3889,13.3492,106.794,0.00207195,32,,0.8125,42.0384
eval_probe,,prb_w_plazo_r08_n048_est_i3,greedy,reward00,2,,,,,,,,,0.479167,23.0,25.0,0.0,0.0,0.0,8.0,42.4144,5.4247,50.8539,35.547,12.6786,101.429,0.00206514,33,,0.69697,42.4144
eval_probe,,prb_w_plazo_r08_n048_est_i3,greedy,reward00,3,,,,,,,,,0.416667,20.0,28.0,0.0,0.0,0.0,8.0,37.9715,5.14365,46.9939,31.6956,13.7919,110.335,0.00149236,33,,0.606061,37.9715
eval_probe,,prb_w_plazo_r08_n048_est_i3,random,reward00,1,,,,,,,,,0.3125,15.0,33.0,0.0,0.0,0.0,8.0,44.2041,10.8269,64.0507,34.5897,25.497,203.976,0.00178429,27,,0.555556,44.2041
eval_probe,,prb_w_plazo_r08_n048_est_i3,random,reward00,2,,,,,,,,,0.458333,22.0,26.0,0.0,0.0,0.0,8.0,50.0939,10.8101,71.8578,40.2792,25.3431,202.745,0.00185804,27,,0.814815,50.0939
eval_probe,,prb_w_plazo_r08_n048_est_i3,random,reward00,3,,,,,,,,,0.458333,22.0,26.0,0.0,0.0,0.0,8.0,46.1909,7.74248,58.3718,37.3944,22.5436,180.349,0.00180153,29,,0.758621,46.1909
